PostalCode,Province,District,SubDistrict,AddressCode
10200,กรุงเทพมหานคร,พระนคร,พระบรมมหาราชวัง,100101
10200,กรุงเทพมหานคร,พระนคร,วังบูรพาภิรมย์,100102
10200,กรุงเทพมหานคร,พระนคร,วัดราชบพิธ,100103
10200,กรุงเทพมหานคร,พระนคร,สำราญราษฎร์,100104
10200,กรุงเทพมหานคร,พระนคร,ศาลเจ้าพ่อเสือ,100105
10200,กรุงเทพมหานคร,พระนคร,เสาชิงช้า,100106
10200,กรุงเทพมหานคร,พระนคร,บวรนิเวศ,100107
10200,กรุงเทพมหานคร,พระนคร,ตลาดยอด,100108
10200,กรุงเทพมหานคร,พระนคร,ชนะสงคราม,100109
10200,กรุงเทพมหานคร,พระนคร,บ้านพานถม,100110
10200,กรุงเทพมหานคร,พระนคร,บางขุนพรหม,100111
10200,กรุงเทพมหานคร,พระนคร,วัดสามพระยา,100112
10300,กรุงเทพมหานคร,ดุสิต,ดุสิต,100201
10300,กรุงเทพมหานคร,ดุสิต,วชิรพยาบาล,100202
10300,กรุงเทพมหานคร,ดุสิต,สวนจิตรลดา,100203
10300,กรุงเทพมหานคร,ดุสิต,สี่แยกมหานาค,100204
10300,กรุงเทพมหานคร,ดุสิต,ถนนนครไชยศรี,100206
10530,กรุงเทพมหานคร,หนองจอก,กระทุ่มราย,100301
10530,กรุงเทพมหานคร,หนองจอก,หนองจอก,100302
10530,กรุงเทพมหานคร,หนองจอก,คลองสิบ,100303
10530,กรุงเทพมหานคร,หนองจอก,คลองสิบสอง,100304
10530,กรุงเทพมหานคร,หนองจอก,โคกแฝด,100305
10530,กรุงเทพมหานคร,หนองจอก,คู้ฝั่งเหนือ,100306
10530,กรุงเทพมหานคร,หนองจอก,ลำผักชี,100307
10530,กรุงเทพมหานคร,หนองจอก,ลำต้อยติ่ง,100308
10500,กรุงเทพมหานคร,บางรัก,มหาพฤฒาราม,100401
10500,กรุงเทพมหานคร,บางรัก,สีลม,100402
10500,กรุงเทพมหานคร,บางรัก,สุริยวงศ์,100403
10500,กรุงเทพมหานคร,บางรัก,บางรัก,100404
10500,กรุงเทพมหานคร,บางรัก,สี่พระยา,100405
10220,กรุงเทพมหานคร,บางเขน,อนุสาวรีย์,100502
10220,กรุงเทพมหานคร,บางเขน,ท่าแร้ง,100508
10240,กรุงเทพมหานคร,บางกะปิ,คลองจั่น,100601
10240,กรุงเทพมหานคร,บางกะปิ,หัวหมาก,100608
10330,กรุงเทพมหานคร,ปทุมวัน,รองเมือง,100701
10330,กรุงเทพมหานคร,ปทุมวัน,วังใหม่,100702
10330,กรุงเทพมหานคร,ปทุมวัน,ปทุมวัน,100703
10330,กรุงเทพมหานคร,ปทุมวัน,ลุมพินี,100704
10100,กรุงเทพมหานคร,ป้อมปราบศัตรูพ่าย,ป้อมปราบ,100801
10100,กรุงเทพมหานคร,ป้อมปราบศัตรูพ่าย,วัดเทพศิรินทร์,100802
10100,กรุงเทพมหานคร,ป้อมปราบศัตรูพ่าย,คลองมหานาค,100803
10100,กรุงเทพมหานคร,ป้อมปราบศัตรูพ่าย,บ้านบาตร,100804
10100,กรุงเทพมหานคร,ป้อมปราบศัตรูพ่าย,วัดโสมนัส,100805
10260,กรุงเทพมหานคร,พระโขนง,บางจาก,100905
10260,กรุงเทพมหานคร,พระโขนง,พระโขนงใต้,100910
10510,กรุงเทพมหานคร,มีนบุรี,มีนบุรี,101001
10510,กรุงเทพมหานคร,มีนบุรี,แสนแสบ,101002
10520,กรุงเทพมหานคร,ลาดกระบัง,ลาดกระบัง,101101
10520,กรุงเทพมหานคร,ลาดกระบัง,คลองสองต้นนุ่น,101102
10520,กรุงเทพมหานคร,ลาดกระบัง,คลองสามประเวศ,101103
10520,กรุงเทพมหานคร,ลาดกระบัง,ลำปลาทิว,101104
10520,กรุงเทพมหานคร,ลาดกระบัง,ทับยาว,101105
10520,กรุงเทพมหานคร,ลาดกระบัง,ขุมทอง,101106
10120,กรุงเทพมหานคร,ยานนาวา,ช่องนนทรี,101203
10120,กรุงเทพมหานคร,ยานนาวา,บางโพงพาง,101204
10100,กรุงเทพมหานคร,สัมพันธวงศ์,จักรวรรดิ,101301
10100,กรุงเทพมหานคร,สัมพันธวงศ์,สัมพันธวงศ์,101302
10100,กรุงเทพมหานคร,สัมพันธวงศ์,ตลาดน้อย,101303
10400,กรุงเทพมหานคร,พญาไท,สามเสนใน,101401
10400,กรุงเทพมหานคร,พญาไท,พญาไท,101406
10600,กรุงเทพมหานคร,ธนบุรี,วัดกัลยาณ์,101501
10600,กรุงเทพมหานคร,ธนบุรี,หิรัญรูจี,101502
10600,กรุงเทพมหานคร,ธนบุรี,บางยี่เรือ,101503
10600,กรุงเทพมหานคร,ธนบุรี,บุคคโล,101504
10600,กรุงเทพมหานคร,ธนบุรี,ตลาดพลู,101505
10600,กรุงเทพมหานคร,ธนบุรี,ดาวคะนอง,101506
10600,กรุงเทพมหานคร,ธนบุรี,สำเหร่,101507
10600,กรุงเทพมหานคร,บางกอกใหญ่,วัดอรุณ,101601
10600,กรุงเทพมหานคร,บางกอกใหญ่,วัดท่าพระ,101602
10310,กรุงเทพมหานคร,ห้วยขวาง,ห้วยขวาง,101701
10310,กรุงเทพมหานคร,ห้วยขวาง,บางกะปิ,101702
10310,กรุงเทพมหานคร,ห้วยขวาง,สามเสนนอก,101704
10600,กรุงเทพมหานคร,คลองสาน,สมเด็จเจ้าพระยา,101801
10600,กรุงเทพมหานคร,คลองสาน,คลองสาน,101802
10600,กรุงเทพมหานคร,คลองสาน,บางลำภูล่าง,101803
10600,กรุงเทพมหานคร,คลองสาน,คลองต้นไทร,101804
10170,กรุงเทพมหานคร,ตลิ่งชัน,คลองชักพระ,101901
10170,กรุงเทพมหานคร,ตลิ่งชัน,ตลิ่งชัน,101902
10170,กรุงเทพมหานคร,ตลิ่งชัน,ฉิมพลี,101903
10170,กรุงเทพมหานคร,ตลิ่งชัน,บางพรม,101904
10170,กรุงเทพมหานคร,ตลิ่งชัน,บางระมาด,101905
10170,กรุงเทพมหานคร,ตลิ่งชัน,บางเชือกหนัง,101907
10700,กรุงเทพมหานคร,บางกอกน้อย,ศิริราช,102004
10700,กรุงเทพมหานคร,บางกอกน้อย,บ้านช่างหล่อ,102005
10700,กรุงเทพมหานคร,บางกอกน้อย,บางขุนนนท์,102006
10700,กรุงเทพมหานคร,บางกอกน้อย,บางขุนศรี,102007
10700,กรุงเทพมหานคร,บางกอกน้อย,อรุณอมรินทร์,102009
10150,กรุงเทพมหานคร,บางขุนเทียน,ท่าข้าม,102105
10150,กรุงเทพมหานคร,บางขุนเทียน,แสมดำ,102107
10160,กรุงเทพมหานคร,ภาษีเจริญ,บางหว้า,102201
10160,กรุงเทพมหานคร,ภาษีเจริญ,บางด้วน,102202
10160,กรุงเทพมหานคร,ภาษีเจริญ,บางจาก,102206
10160,กรุงเทพมหานคร,ภาษีเจริญ,บางแวก,102207
10160,กรุงเทพมหานคร,ภาษีเจริญ,คลองขวาง,102208
10160,กรุงเทพมหานคร,ภาษีเจริญ,ปากคลองภาษีเจริญ,102209
10160,กรุงเทพมหานคร,ภาษีเจริญ,คูหาสวรรค์,102210
10160,กรุงเทพมหานคร,หนองแขม,หนองแขม,102302
10160,กรุงเทพมหานคร,หนองแขม,หนองค้างพลู,102303
10140,กรุงเทพมหานคร,ราษฎร์บูรณะ,ราษฎร์บูรณะ,102401
10140,กรุงเทพมหานคร,ราษฎร์บูรณะ,บางปะกอก,102402
10700,กรุงเทพมหานคร,บางพลัด,บางพลัด,102501
10700,กรุงเทพมหานคร,บางพลัด,บางอ้อ,102502
10700,กรุงเทพมหานคร,บางพลัด,บางบำหรุ,102503
10700,กรุงเทพมหานคร,บางพลัด,บางยี่ขัน,102504
10400,กรุงเทพมหานคร,ดินแดง,ดินแดง,102601
10400,กรุงเทพมหานคร,ดินแดง,รัชดาภิเษก,102602
10240,กรุงเทพมหานคร,บึงกุ่ม,คลองกุ่ม,102701
10240,กรุงเทพมหานคร,บึงกุ่ม,นวมินทร์,102704
10240,กรุงเทพมหานคร,บึงกุ่ม,นวลจันทร์,102705
10120,กรุงเทพมหานคร,สาทร,ทุ่งวัดดอน,102801
10120,กรุงเทพมหานคร,สาทร,ยานนาวา,102802
10120,กรุงเทพมหานคร,สาทร,ทุ่งมหาเมฆ,102803
10800,กรุงเทพมหานคร,บางซื่อ,บางซื่อ,102901
10800,กรุงเทพมหานคร,บางซื่อ,วงศ์สว่าง,102902
10900,กรุงเทพมหานคร,จตุจักร,ลาดยาว,103001
10900,กรุงเทพมหานคร,จตุจักร,เสนานิคม,103002
10900,กรุงเทพมหานคร,จตุจักร,จันทรเกษม,103003
10900,กรุงเทพมหานคร,จตุจักร,จอมพล,103004
10900,กรุงเทพมหานคร,จตุจักร,จตุจักร,103005
10120,กรุงเทพมหานคร,บางคอแหลม,บางคอแหลม,103101
10120,กรุงเทพมหานคร,บางคอแหลม,วัดพระยาไกร,103102
10120,กรุงเทพมหานคร,บางคอแหลม,บางโคล่,103103
10250,กรุงเทพมหานคร,ประเวศ,ประเวศ,103201
10250,กรุงเทพมหานคร,ประเวศ,หนองบอน,103202
10250,กรุงเทพมหานคร,ประเวศ,ดอกไม้,103203
10110,กรุงเทพมหานคร,คลองเตย,คลองเตย,103301
10110,กรุงเทพมหานคร,คลองเตย,คลองตัน,103302
10110,กรุงเทพมหานคร,คลองเตย,พระโขนง,103303
10250,กรุงเทพมหานคร,สวนหลวง,สวนหลวง,103401
10250,กรุงเทพมหานคร,สวนหลวง,อ่อนนุช,103402
10250,กรุงเทพมหานคร,สวนหลวง,พัฒนาการ,103403
10150,กรุงเทพมหานคร,จอมทอง,บางขุนเทียน,103501
10150,กรุงเทพมหานคร,จอมทอง,บางค้อ,103502
10150,กรุงเทพมหานคร,จอมทอง,บางมด,103503
10150,กรุงเทพมหานคร,จอมทอง,จอมทอง,103504
10210,กรุงเทพมหานคร,ดอนเมือง,สีกัน,103602
10210,กรุงเทพมหานคร,ดอนเมือง,ดอนเมือง,103604
10210,กรุงเทพมหานคร,ดอนเมือง,สนามบิน,103605
10400,กรุงเทพมหานคร,ราชเทวี,ทุ่งพญาไท,103701
10400,กรุงเทพมหานคร,ราชเทวี,ถนนพญาไท,103702
10400,กรุงเทพมหานคร,ราชเทวี,ถนนเพชรบุรี,103703
10400,กรุงเทพมหานคร,ราชเทวี,มักกะสัน,103704
10230,กรุงเทพมหานคร,ลาดพร้าว,ลาดพร้าว,103801
10230,กรุงเทพมหานคร,ลาดพร้าว,จรเข้บัว,103802
10110,กรุงเทพมหานคร,วัฒนา,คลองเตยเหนือ,103901
10110,กรุงเทพมหานคร,วัฒนา,คลองตันเหนือ,103902
10110,กรุงเทพมหานคร,วัฒนา,พระโขนงเหนือ,103903
10160,กรุงเทพมหานคร,บางแค,บางแค,104001
10160,กรุงเทพมหานคร,บางแค,บางแคเหนือ,104002
10160,กรุงเทพมหานคร,บางแค,บางไผ่,104003
10160,กรุงเทพมหานคร,บางแค,หลักสอง,104004
10210,กรุงเทพมหานคร,หลักสี่,ทุ่งสองห้อง,104101
10210,กรุงเทพมหานคร,หลักสี่,ตลาดบางเขน,104102
10220,กรุงเทพมหานคร,สายไหม,สายไหม,104201
10220,กรุงเทพมหานคร,สายไหม,ออเงิน,104202
10220,กรุงเทพมหานคร,สายไหม,คลองถนน,104203
10230,กรุงเทพมหานคร,คันนายาว,คันนายาว,104301
10230,กรุงเทพมหานคร,คันนายาว,รามอินทรา,104302
10240,กรุงเทพมหานคร,สะพานสูง,สะพานสูง,104401
10240,กรุงเทพมหานคร,สะพานสูง,ราษฎร์พัฒนา,104402
10250,กรุงเทพมหานคร,สะพานสูง,ทับช้าง,104403
10310,กรุงเทพมหานคร,วังทองหลาง,วังทองหลาง,104501
10310,กรุงเทพมหานคร,วังทองหลาง,สะพานสอง,104502
10310,กรุงเทพมหานคร,วังทองหลาง,คลองเจ้าคุณสิงห์,104503
10310,กรุงเทพมหานคร,วังทองหลาง,พลับพลา,104504
10510,กรุงเทพมหานคร,คลองสามวา,สามวาตะวันตก,104601
10510,กรุงเทพมหานคร,คลองสามวา,สามวาตะวันออก,104602
10510,กรุงเทพมหานคร,คลองสามวา,บางชัน,104603
10510,กรุงเทพมหานคร,คลองสามวา,ทรายกองดิน,104604
10510,กรุงเทพมหานคร,คลองสามวา,ทรายกองดินใต้,104605
10260,กรุงเทพมหานคร,บางนา,บางนาเหนือ,104702
10260,กรุงเทพมหานคร,บางนา,บางนาใต้,104703
10170,กรุงเทพมหานคร,ทวีวัฒนา,ทวีวัฒนา,104801
10170,กรุงเทพมหานคร,ทวีวัฒนา,ศาลาธรรมสพน์,104802
10140,กรุงเทพมหานคร,ทุ่งครุ,บางมด,104901
10140,กรุงเทพมหานคร,ทุ่งครุ,ทุ่งครุ,104902
10150,กรุงเทพมหานคร,บางบอน,บางบอนเหนือ,105002
10150,กรุงเทพมหานคร,บางบอน,บางบอนใต้,105003
10150,กรุงเทพมหานคร,บางบอน,คลองบางพราน,105004
10150,กรุงเทพมหานคร,บางบอน,คลองบางบอน,105005
10270,สมุทรปราการ,เมืองสมุทรปราการ,ปากน้ำ,110101
10270,สมุทรปราการ,เมืองสมุทรปราการ,สำโรงเหนือ,110102
10270,สมุทรปราการ,เมืองสมุทรปราการ,บางเมือง,110103
10280,สมุทรปราการ,เมืองสมุทรปราการ,ท้ายบ้าน,110104
10280,สมุทรปราการ,เมืองสมุทรปราการ,บางปูใหม่,110108
10280,สมุทรปราการ,เมืองสมุทรปราการ,แพรกษา,110110
10270,สมุทรปราการ,เมืองสมุทรปราการ,บางโปรง,110111
10270,สมุทรปราการ,เมืองสมุทรปราการ,บางปู,110112
10270,สมุทรปราการ,เมืองสมุทรปราการ,บางด้วน,110113
10270,สมุทรปราการ,เมืองสมุทรปราการ,บางเมืองใหม่,110114
10270,สมุทรปราการ,เมืองสมุทรปราการ,เทพารักษ์,110115
10280,สมุทรปราการ,เมืองสมุทรปราการ,ท้ายบ้านใหม่,110116
10280,สมุทรปราการ,เมืองสมุทรปราการ,แพรกษาใหม่,110117
10560,สมุทรปราการ,บางบ่อ,บางบ่อ,110201
10560,สมุทรปราการ,บางบ่อ,บ้านระกาศ,110202
10560,สมุทรปราการ,บางบ่อ,บางพลีน้อย,110203
10560,สมุทรปราการ,บางบ่อ,บางเพรียง,110204
10550,สมุทรปราการ,บางบ่อ,คลองด่าน,110205
10560,สมุทรปราการ,บางบ่อ,คลองสวน,110206
10560,สมุทรปราการ,บางบ่อ,เปร็ง,110207
10560,สมุทรปราการ,บางบ่อ,คลองนิยมยาตรา,110208
10540,สมุทรปราการ,บางพลี,บางพลีใหญ่,110301
10540,สมุทรปราการ,บางพลี,บางแก้ว,110302
10540,สมุทรปราการ,บางพลี,บางปลา,110303
10540,สมุทรปราการ,บางพลี,บางโฉลง,110304
10540,สมุทรปราการ,บางพลี,ราชาเทวะ,110308
10540,สมุทรปราการ,บางพลี,หนองปรือ,110309
10130,สมุทรปราการ,พระประแดง,ตลาด,110401
10130,สมุทรปราการ,พระประแดง,บางพึ่ง,110402
10130,สมุทรปราการ,พระประแดง,บางจาก,110403
10130,สมุทรปราการ,พระประแดง,บางครุ,110404
10130,สมุทรปราการ,พระประแดง,บางหญ้าแพรก,110405
10130,สมุทรปราการ,พระประแดง,บางหัวเสือ,110406
10130,สมุทรปราการ,พระประแดง,สำโรงใต้,110407
10130,สมุทรปราการ,พระประแดง,บางยอ,110408
10130,สมุทรปราการ,พระประแดง,บางกะเจ้า,110409
10130,สมุทรปราการ,พระประแดง,บางน้ำผึ้ง,110410
10130,สมุทรปราการ,พระประแดง,บางกระสอบ,110411
10130,สมุทรปราการ,พระประแดง,บางกอบัว,110412
10130,สมุทรปราการ,พระประแดง,ทรงคนอง,110413
10130,สมุทรปราการ,พระประแดง,สำโรง,110414
10130,สมุทรปราการ,พระประแดง,สำโรงกลาง,110415
10290,สมุทรปราการ,พระสมุทรเจดีย์,นาเกลือ,110501
10290,สมุทรปราการ,พระสมุทรเจดีย์,บ้านคลองสวน,110502
10290,สมุทรปราการ,พระสมุทรเจดีย์,แหลมฟ้าผ่า,110503
10290,สมุทรปราการ,พระสมุทรเจดีย์,ปากคลองบางปลากด,110504
10290,สมุทรปราการ,พระสมุทรเจดีย์,ในคลองบางปลากด,110505
10570,สมุทรปราการ,บางเสาธง,บางเสาธง,110601
10570,สมุทรปราการ,บางเสาธง,ศีรษะจรเข้น้อย,110602
10570,สมุทรปราการ,บางเสาธง,ศีรษะจรเข้ใหญ่,110603
11000,นนทบุรี,เมืองนนทบุรี,สวนใหญ่,120101
11000,นนทบุรี,เมืองนนทบุรี,ตลาดขวัญ,120102
11000,นนทบุรี,เมืองนนทบุรี,บางเขน,120103
11000,นนทบุรี,เมืองนนทบุรี,บางกระสอ,120104
11000,นนทบุรี,เมืองนนทบุรี,ท่าทราย,120105
11000,นนทบุรี,เมืองนนทบุรี,บางไผ่,120106
11000,นนทบุรี,เมืองนนทบุรี,บางศรีเมือง,120107
11000,นนทบุรี,เมืองนนทบุรี,บางกร่าง,120108
11000,นนทบุรี,เมืองนนทบุรี,ไทรม้า,120109
11000,นนทบุรี,เมืองนนทบุรี,บางรักน้อย,120110
11130,นนทบุรี,บางกรวย,วัดชลอ,120201
11130,นนทบุรี,บางกรวย,บางกรวย,120202
11130,นนทบุรี,บางกรวย,บางสีทอง,120203
11130,นนทบุรี,บางกรวย,บางขนุน,120204
11130,นนทบุรี,บางกรวย,บางขุนกอง,120205
11130,นนทบุรี,บางกรวย,บางคูเวียง,120206
11130,นนทบุรี,บางกรวย,มหาสวัสดิ์,120207
11130,นนทบุรี,บางกรวย,ปลายบาง,120208
11130,นนทบุรี,บางกรวย,ศาลากลาง,120209
11140,นนทบุรี,บางใหญ่,บางม่วง,120301
11140,นนทบุรี,บางใหญ่,บางแม่นาง,120302
11140,นนทบุรี,บางใหญ่,บางเลน,120303
11140,นนทบุรี,บางใหญ่,เสาธงหิน,120304
11140,นนทบุรี,บางใหญ่,บางใหญ่,120305
11140,นนทบุรี,บางใหญ่,บ้านใหม่,120306
11110,นนทบุรี,บางบัวทอง,โสนลอย,120401
11110,นนทบุรี,บางบัวทอง,บางบัวทอง,120402
11110,นนทบุรี,บางบัวทอง,บางรักใหญ่,120403
11110,นนทบุรี,บางบัวทอง,บางคูรัด,120404
11110,นนทบุรี,บางบัวทอง,ละหาร,120405
11110,นนทบุรี,บางบัวทอง,ลำโพ,120406
11110,นนทบุรี,บางบัวทอง,พิมลราช,120407
11110,นนทบุรี,บางบัวทอง,บางรักพัฒนา,120408
11150,นนทบุรี,ไทรน้อย,ไทรน้อย,120501
11150,นนทบุรี,ไทรน้อย,ราษฎร์นิยม,120502
11150,นนทบุรี,ไทรน้อย,หนองเพรางาย,120503
11150,นนทบุรี,ไทรน้อย,ไทรใหญ่,120504
11150,นนทบุรี,ไทรน้อย,ขุนศรี,120505
11150,นนทบุรี,ไทรน้อย,คลองขวาง,120506
11150,นนทบุรี,ไทรน้อย,ทวีวัฒนา,120507
11120,นนทบุรี,ปากเกร็ด,ปากเกร็ด,120601
11120,นนทบุรี,ปากเกร็ด,บางตลาด,120602
11120,นนทบุรี,ปากเกร็ด,บ้านใหม่,120603
11120,นนทบุรี,ปากเกร็ด,บางพูด,120604
11120,นนทบุรี,ปากเกร็ด,บางตะไนย์,120605
11120,นนทบุรี,ปากเกร็ด,คลองพระอุดม,120606
11120,นนทบุรี,ปากเกร็ด,ท่าอิฐ,120607
11120,นนทบุรี,ปากเกร็ด,เกาะเกร็ด,120608
11120,นนทบุรี,ปากเกร็ด,อ้อมเกร็ด,120609
11120,นนทบุรี,ปากเกร็ด,คลองข่อย,120610
11120,นนทบุรี,ปากเกร็ด,บางพลับ,120611
11120,นนทบุรี,ปากเกร็ด,คลองเกลือ,120612
12000,ปทุมธานี,เมืองปทุมธานี,บางปรอก,130101
12000,ปทุมธานี,เมืองปทุมธานี,บ้านใหม่,130102
12000,ปทุมธานี,เมืองปทุมธานี,บ้านกลาง,130103
12000,ปทุมธานี,เมืองปทุมธานี,บ้านฉาง,130104
12000,ปทุมธานี,เมืองปทุมธานี,บ้านกระแชง,130105
12000,ปทุมธานี,เมืองปทุมธานี,บางขะแยง,130106
12000,ปทุมธานี,เมืองปทุมธานี,บางคูวัด,130107
12000,ปทุมธานี,เมืองปทุมธานี,บางหลวง,130108
12000,ปทุมธานี,เมืองปทุมธานี,บางเดื่อ,130109
12000,ปทุมธานี,เมืองปทุมธานี,บางพูด,130110
12000,ปทุมธานี,เมืองปทุมธานี,บางพูน,130111
12000,ปทุมธานี,เมืองปทุมธานี,บางกะดี,130112
12000,ปทุมธานี,เมืองปทุมธานี,สวนพริกไทย,130113
12000,ปทุมธานี,เมืองปทุมธานี,หลักหก,130114
12120,ปทุมธานี,คลองหลวง,คลองหนึ่ง,130201
12120,ปทุมธานี,คลองหลวง,คลองสอง,130202
12120,ปทุมธานี,คลองหลวง,คลองสาม,130203
12120,ปทุมธานี,คลองหลวง,คลองสี่,130204
12120,ปทุมธานี,คลองหลวง,คลองห้า,130205
12120,ปทุมธานี,คลองหลวง,คลองหก,130206
12120,ปทุมธานี,คลองหลวง,คลองเจ็ด,130207
12130,ปทุมธานี,ธัญบุรี,ประชาธิปัตย์,130301
12130,ปทุมธานี,ธัญบุรี,บึงยี่โถ,130302
12110,ปทุมธานี,ธัญบุรี,รังสิต,130303
12110,ปทุมธานี,ธัญบุรี,ลำผักกูด,130304
12110,ปทุมธานี,ธัญบุรี,บึงสนั่น,130305
12110,ปทุมธานี,ธัญบุรี,บึงน้ำรักษ์,130306
12170,ปทุมธานี,หนองเสือ,บึงบา,130401
12170,ปทุมธานี,หนองเสือ,บึงบอน,130402
12170,ปทุมธานี,หนองเสือ,บึงกาสาม,130403
12170,ปทุมธานี,หนองเสือ,บึงชำอ้อ,130404
12170,ปทุมธานี,หนองเสือ,หนองสามวัง,130405
12170,ปทุมธานี,หนองเสือ,ศาลาครุ,130406
12170,ปทุมธานี,หนองเสือ,นพรัตน์,130407
12140,ปทุมธานี,ลาดหลุมแก้ว,ระแหง,130501
12140,ปทุมธานี,ลาดหลุมแก้ว,ลาดหลุมแก้ว,130502
12140,ปทุมธานี,ลาดหลุมแก้ว,คูบางหลวง,130503
12140,ปทุมธานี,ลาดหลุมแก้ว,คูขวาง,130504
12140,ปทุมธานี,ลาดหลุมแก้ว,คลองพระอุดม,130505
12140,ปทุมธานี,ลาดหลุมแก้ว,บ่อเงิน,130506
12140,ปทุมธานี,ลาดหลุมแก้ว,หน้าไม้,130507
12130,ปทุมธานี,ลำลูกกา,คูคต,130601
12150,ปทุมธานี,ลำลูกกา,ลาดสวาย,130602
12150,ปทุมธานี,ลำลูกกา,บึงคำพร้อย,130603
12150,ปทุมธานี,ลำลูกกา,ลำลูกกา,130604
12150,ปทุมธานี,ลำลูกกา,บึงทองหลาง,130605
12150,ปทุมธานี,ลำลูกกา,ลำไทร,130606
12150,ปทุมธานี,ลำลูกกา,บึงคอไห,130607
12150,ปทุมธานี,ลำลูกกา,พืชอุดม,130608
12160,ปทุมธานี,สามโคก,บางเตย,130701
12160,ปทุมธานี,สามโคก,คลองควาย,130702
12160,ปทุมธานี,สามโคก,สามโคก,130703
12160,ปทุมธานี,สามโคก,กระแชง,130704
12160,ปทุมธานี,สามโคก,บางโพธิ์เหนือ,130705
12160,ปทุมธานี,สามโคก,เชียงรากใหญ่,130706
12160,ปทุมธานี,สามโคก,บ้านปทุม,130707
12160,ปทุมธานี,สามโคก,บ้านงิ้ว,130708
12160,ปทุมธานี,สามโคก,เชียงรากน้อย,130709
12160,ปทุมธานี,สามโคก,บางกระบือ,130710
12160,ปทุมธานี,สามโคก,ท้ายเกาะ,130711
13000,พระนครศรีอยุธยา,พระนครศรีอยุธยา,ประตูชัย,140101
13000,พระนครศรีอยุธยา,พระนครศรีอยุธยา,กะมัง,140102
13000,พระนครศรีอยุธยา,พระนครศรีอยุธยา,หอรัตนไชย,140103
13000,พระนครศรีอยุธยา,พระนครศรีอยุธยา,หัวรอ,140104
13000,พระนครศรีอยุธยา,พระนครศรีอยุธยา,ท่าวาสุกรี,140105
13000,พระนครศรีอยุธยา,พระนครศรีอยุธยา,ไผ่ลิง,140106
13000,พระนครศรีอยุธยา,พระนครศรีอยุธยา,ปากกราน,140107
13000,พระนครศรีอยุธยา,พระนครศรีอยุธยา,ภูเขาทอง,140108
13000,พระนครศรีอยุธยา,พระนครศรีอยุธยา,สำเภาล่ม,140109
13000,พระนครศรีอยุธยา,พระนครศรีอยุธยา,สวนพริก,140110
13000,พระนครศรีอยุธยา,พระนครศรีอยุธยา,คลองตะเคียน,140111
13000,พระนครศรีอยุธยา,พระนครศรีอยุธยา,วัดตูม,140112
13000,พระนครศรีอยุธยา,พระนครศรีอยุธยา,หันตรา,140113
13000,พระนครศรีอยุธยา,พระนครศรีอยุธยา,ลุมพลี,140114
13000,พระนครศรีอยุธยา,พระนครศรีอยุธยา,บ้านใหม่,140115
13000,พระนครศรีอยุธยา,พระนครศรีอยุธยา,บ้านเกาะ,140116
13000,พระนครศรีอยุธยา,พระนครศรีอยุธยา,คลองสวนพลู,140117
13000,พระนครศรีอยุธยา,พระนครศรีอยุธยา,คลองสระบัว,140118
13000,พระนครศรีอยุธยา,พระนครศรีอยุธยา,เกาะเรียน,140119
13000,พระนครศรีอยุธยา,พระนครศรีอยุธยา,บ้านป้อม,140120
13000,พระนครศรีอยุธยา,พระนครศรีอยุธยา,บ้านรุน,140121
13130,พระนครศรีอยุธยา,ท่าเรือ,ท่าเรือ,140201
13130,พระนครศรีอยุธยา,ท่าเรือ,จำปา,140202
13130,พระนครศรีอยุธยา,ท่าเรือ,ท่าหลวง,140203
13130,พระนครศรีอยุธยา,ท่าเรือ,บ้านร่อม,140204
13130,พระนครศรีอยุธยา,ท่าเรือ,ศาลาลอย,140205
13130,พระนครศรีอยุธยา,ท่าเรือ,วังแดง,140206
13130,พระนครศรีอยุธยา,ท่าเรือ,โพธิ์เอน,140207
13130,พระนครศรีอยุธยา,ท่าเรือ,ปากท่า,140208
13130,พระนครศรีอยุธยา,ท่าเรือ,หนองขนาก,140209
13130,พระนครศรีอยุธยา,ท่าเรือ,ท่าเจ้าสนุก,140210
13260,พระนครศรีอยุธยา,นครหลวง,นครหลวง,140301
13260,พระนครศรีอยุธยา,นครหลวง,ท่าช้าง,140302
13260,พระนครศรีอยุธยา,นครหลวง,บ่อโพง,140303
13260,พระนครศรีอยุธยา,นครหลวง,บ้านชุ้ง,140304
13260,พระนครศรีอยุธยา,นครหลวง,ปากจั่น,140305
13260,พระนครศรีอยุธยา,นครหลวง,บางระกำ,140306
13260,พระนครศรีอยุธยา,นครหลวง,บางพระครู,140307
13260,พระนครศรีอยุธยา,นครหลวง,แม่ลา,140308
13260,พระนครศรีอยุธยา,นครหลวง,หนองปลิง,140309
13260,พระนครศรีอยุธยา,นครหลวง,คลองสะแก,140310
13260,พระนครศรีอยุธยา,นครหลวง,สามไถ,140311
13260,พระนครศรีอยุธยา,นครหลวง,พระนอน,140312
13190,พระนครศรีอยุธยา,บางไทร,บางไทร,140401
13190,พระนครศรีอยุธยา,บางไทร,บางพลี,140402
13190,พระนครศรีอยุธยา,บางไทร,สนามชัย,140403
13190,พระนครศรีอยุธยา,บางไทร,บ้านแป้ง,140404
13190,พระนครศรีอยุธยา,บางไทร,หน้าไม้,140405
13190,พระนครศรีอยุธยา,บางไทร,บางยี่โท,140406
13190,พระนครศรีอยุธยา,บางไทร,แคออก,140407
13190,พระนครศรีอยุธยา,บางไทร,แคตก,140408
13190,พระนครศรีอยุธยา,บางไทร,ช่างเหล็ก,140409
13190,พระนครศรีอยุธยา,บางไทร,กระแชง,140410
13190,พระนครศรีอยุธยา,บางไทร,บ้านกลึง,140411
13190,พระนครศรีอยุธยา,บางไทร,ช้างน้อย,140412
13190,พระนครศรีอยุธยา,บางไทร,ห่อหมก,140413
13190,พระนครศรีอยุธยา,บางไทร,ไผ่พระ,140414
13190,พระนครศรีอยุธยา,บางไทร,กกแก้วบูรพา,140415
13190,พระนครศรีอยุธยา,บางไทร,ไม้ตรา,140416
13190,พระนครศรีอยุธยา,บางไทร,บ้านม้า,140417
13190,พระนครศรีอยุธยา,บางไทร,บ้านเกาะ,140418
13290,พระนครศรีอยุธยา,บางไทร,ราชคราม,140419
13290,พระนครศรีอยุธยา,บางไทร,ช้างใหญ่,140420
13290,พระนครศรีอยุธยา,บางไทร,โพแตง,140421
13290,พระนครศรีอยุธยา,บางไทร,เชียงรากน้อย,140422
13190,พระนครศรีอยุธยา,บางไทร,โคกช้าง,140423
13250,พระนครศรีอยุธยา,บางบาล,บางบาล,140501
13250,พระนครศรีอยุธยา,บางบาล,วัดยม,140502
13250,พระนครศรีอยุธยา,บางบาล,ไทรน้อย,140503
13250,พระนครศรีอยุธยา,บางบาล,สะพานไทย,140504
13250,พระนครศรีอยุธยา,บางบาล,มหาพราหมณ์,140505
13250,พระนครศรีอยุธยา,บางบาล,กบเจา,140506
13250,พระนครศรีอยุธยา,บางบาล,บ้านคลัง,140507
13250,พระนครศรีอยุธยา,บางบาล,พระขาว,140508
13250,พระนครศรีอยุธยา,บางบาล,น้ำเต้า,140509
13250,พระนครศรีอยุธยา,บางบาล,ทางช้าง,140510
13250,พระนครศรีอยุธยา,บางบาล,วัดตะกู,140511
13250,พระนครศรีอยุธยา,บางบาล,บางหลวง,140512
13250,พระนครศรีอยุธยา,บางบาล,บางหลวงโดด,140513
13250,พระนครศรีอยุธยา,บางบาล,บางหัก,140514
13250,พระนครศรีอยุธยา,บางบาล,บางชะนี,140515
13250,พระนครศรีอยุธยา,บางบาล,บ้านกุ่ม,140516
13160,พระนครศรีอยุธยา,บางปะอิน,บ้านเลน,140601
13180,พระนครศรีอยุธยา,บางปะอิน,เชียงรากน้อย,140602
13160,พระนครศรีอยุธยา,บางปะอิน,บ้านโพ,140603
13160,พระนครศรีอยุธยา,บางปะอิน,บ้านกรด,140604
13160,พระนครศรีอยุธยา,บางปะอิน,บางกระสั้น,140605
13160,พระนครศรีอยุธยา,บางปะอิน,คลองจิก,140606
13160,พระนครศรีอยุธยา,บางปะอิน,บ้านหว้า,140607
13160,พระนครศรีอยุธยา,บางปะอิน,วัดยม,140608
13160,พระนครศรีอยุธยา,บางปะอิน,บางประแดง,140609
13160,พระนครศรีอยุธยา,บางปะอิน,สามเรือน,140610
13160,พระนครศรีอยุธยา,บางปะอิน,เกาะเกิด,140611
13160,พระนครศรีอยุธยา,บางปะอิน,บ้านพลับ,140612
13160,พระนครศรีอยุธยา,บางปะอิน,บ้านแป้ง,140613
13160,พระนครศรีอยุธยา,บางปะอิน,คุ้งลาน,140614
13160,พระนครศรีอยุธยา,บางปะอิน,ตลิ่งชัน,140615
13170,พระนครศรีอยุธยา,บางปะอิน,บ้านสร้าง,140616
13160,พระนครศรีอยุธยา,บางปะอิน,ตลาดเกรียบ,140617
13160,พระนครศรีอยุธยา,บางปะอิน,ขนอนหลวง,140618
13220,พระนครศรีอยุธยา,บางปะหัน,บางปะหัน,140701
13220,พระนครศรีอยุธยา,บางปะหัน,ขยาย,140702
13220,พระนครศรีอยุธยา,บางปะหัน,บางเดื่อ,140703
13220,พระนครศรีอยุธยา,บางปะหัน,เสาธง,140704
13220,พระนครศรีอยุธยา,บางปะหัน,ทางกลาง,140705
13220,พระนครศรีอยุธยา,บางปะหัน,บางเพลิง,140706
13220,พระนครศรีอยุธยา,บางปะหัน,หันสัง,140707
13220,พระนครศรีอยุธยา,บางปะหัน,บางนางร้า,140708
13220,พระนครศรีอยุธยา,บางปะหัน,ตานิม,140709
13220,พระนครศรีอยุธยา,บางปะหัน,ทับน้ำ,140710
13220,พระนครศรีอยุธยา,บางปะหัน,บ้านม้า,140711
13220,พระนครศรีอยุธยา,บางปะหัน,ขวัญเมือง,140712
13220,พระนครศรีอยุธยา,บางปะหัน,บ้านลี่,140713
13220,พระนครศรีอยุธยา,บางปะหัน,โพธิ์สามต้น,140714
13220,พระนครศรีอยุธยา,บางปะหัน,พุทเลา,140715
13220,พระนครศรีอยุธยา,บางปะหัน,ตาลเอน,140716
13220,พระนครศรีอยุธยา,บางปะหัน,บ้านขล้อ,140717
13120,พระนครศรีอยุธยา,ผักไห่,ผักไห่,140801
13120,พระนครศรีอยุธยา,ผักไห่,อมฤต,140802
13120,พระนครศรีอยุธยา,ผักไห่,บ้านแค,140803
13120,พระนครศรีอยุธยา,ผักไห่,ลาดน้ำเค็ม,140804
13120,พระนครศรีอยุธยา,ผักไห่,ตาลาน,140805
13120,พระนครศรีอยุธยา,ผักไห่,ท่าดินแดง,140806
13280,พระนครศรีอยุธยา,ผักไห่,ดอนลาน,140807
13280,พระนครศรีอยุธยา,ผักไห่,นาคู,140808
13120,พระนครศรีอยุธยา,ผักไห่,กุฎี,140809
13280,พระนครศรีอยุธยา,ผักไห่,ลำตะเคียน,140810
13120,พระนครศรีอยุธยา,ผักไห่,โคกช้าง,140811
13280,พระนครศรีอยุธยา,ผักไห่,จักราช,140812
13280,พระนครศรีอยุธยา,ผักไห่,หนองน้ำใหญ่,140813
13120,พระนครศรีอยุธยา,ผักไห่,ลาดชิด,140814
13120,พระนครศรีอยุธยา,ผักไห่,หน้าโคก,140815
13120,พระนครศรีอยุธยา,ผักไห่,บ้านใหญ่,140816
13140,พระนครศรีอยุธยา,ภาชี,ภาชี,140901
13140,พระนครศรีอยุธยา,ภาชี,โคกม่วง,140902
13140,พระนครศรีอยุธยา,ภาชี,ระโสม,140903
13140,พระนครศรีอยุธยา,ภาชี,หนองน้ำใส,140904
13140,พระนครศรีอยุธยา,ภาชี,ดอนหญ้านาง,140905
13140,พระนครศรีอยุธยา,ภาชี,ไผ่ล้อม,140906
13140,พระนครศรีอยุธยา,ภาชี,กระจิว,140907
13140,พระนครศรีอยุธยา,ภาชี,พระแก้ว,140908
13230,พระนครศรีอยุธยา,ลาดบัวหลวง,ลาดบัวหลวง,141001
13230,พระนครศรีอยุธยา,ลาดบัวหลวง,หลักชัย,141002
13230,พระนครศรีอยุธยา,ลาดบัวหลวง,สามเมือง,141003
13230,พระนครศรีอยุธยา,ลาดบัวหลวง,พระยาบันลือ,141004
13230,พระนครศรีอยุธยา,ลาดบัวหลวง,สิงหนาท,141005
13230,พระนครศรีอยุธยา,ลาดบัวหลวง,คู้สลอด,141006
13230,พระนครศรีอยุธยา,ลาดบัวหลวง,คลองพระยาบันลือ,141007
13170,พระนครศรีอยุธยา,วังน้อย,ลำตาเสา,141101
13170,พระนครศรีอยุธยา,วังน้อย,บ่อตาโล่,141102
13170,พระนครศรีอยุธยา,วังน้อย,วังน้อย,141103
13170,พระนครศรีอยุธยา,วังน้อย,ลำไทร,141104
13170,พระนครศรีอยุธยา,วังน้อย,สนับทึบ,141105
13170,พระนครศรีอยุธยา,วังน้อย,พยอม,141106
13170,พระนครศรีอยุธยา,วังน้อย,หันตะเภา,141107
13170,พระนครศรีอยุธยา,วังน้อย,วังจุฬา,141108
13170,พระนครศรีอยุธยา,วังน้อย,ข้าวงาม,141109
13170,พระนครศรีอยุธยา,วังน้อย,ชะแมบ,141110
13110,พระนครศรีอยุธยา,เสนา,เสนา,141201
13110,พระนครศรีอยุธยา,เสนา,บ้านแพน,141202
13110,พระนครศรีอยุธยา,เสนา,เจ้าเจ็ด,141203
13110,พระนครศรีอยุธยา,เสนา,สามกอ,141204
13110,พระนครศรีอยุธยา,เสนา,บางนมโค,141205
13110,พระนครศรีอยุธยา,เสนา,หัวเวียง,141206
13110,พระนครศรีอยุธยา,เสนา,มารวิชัย,141207
13110,พระนครศรีอยุธยา,เสนา,บ้านโพธิ์,141208
13110,พระนครศรีอยุธยา,เสนา,รางจรเข้,141209
13110,พระนครศรีอยุธยา,เสนา,บ้านกระทุ่ม,141210
13110,พระนครศรีอยุธยา,เสนา,บ้านแถว,141211
13110,พระนครศรีอยุธยา,เสนา,ชายนา,141212
13110,พระนครศรีอยุธยา,เสนา,สามตุ่ม,141213
13110,พระนครศรีอยุธยา,เสนา,ลาดงา,141214
13110,พระนครศรีอยุธยา,เสนา,ดอนทอง,141215
13110,พระนครศรีอยุธยา,เสนา,บ้านหลวง,141216
13110,พระนครศรีอยุธยา,เสนา,เจ้าเสด็จ,141217
13270,พระนครศรีอยุธยา,บางซ้าย,บางซ้าย,141301
13270,พระนครศรีอยุธยา,บางซ้าย,แก้วฟ้า,141302
13270,พระนครศรีอยุธยา,บางซ้าย,เต่าเล่า,141303
13270,พระนครศรีอยุธยา,บางซ้าย,ปลายกลัด,141304
13270,พระนครศรีอยุธยา,บางซ้าย,เทพมงคล,141305
13270,พระนครศรีอยุธยา,บางซ้าย,วังพัฒนา,141306
13210,พระนครศรีอยุธยา,อุทัย,คานหาม,141401
13210,พระนครศรีอยุธยา,อุทัย,บ้านช้าง,141402
13210,พระนครศรีอยุธยา,อุทัย,สามบัณฑิต,141403
13210,พระนครศรีอยุธยา,อุทัย,บ้านหีบ,141404
13210,พระนครศรีอยุธยา,อุทัย,หนองไม้ซุง,141405
13210,พระนครศรีอยุธยา,อุทัย,อุทัย,141406
13210,พระนครศรีอยุธยา,อุทัย,เสนา,141407
13210,พระนครศรีอยุธยา,อุทัย,หนองน้ำส้ม,141408
13210,พระนครศรีอยุธยา,อุทัย,โพสาวหาญ,141409
13210,พระนครศรีอยุธยา,อุทัย,ธนู,141410
13210,พระนครศรีอยุธยา,อุทัย,ข้าวเม่า,141411
13150,พระนครศรีอยุธยา,มหาราช,หัวไผ่,141501
13150,พระนครศรีอยุธยา,มหาราช,กะทุ่ม,141502
13150,พระนครศรีอยุธยา,มหาราช,มหาราช,141503
13150,พระนครศรีอยุธยา,มหาราช,น้ำเต้า,141504
13150,พระนครศรีอยุธยา,มหาราช,บางนา,141505
13150,พระนครศรีอยุธยา,มหาราช,โรงช้าง,141506
13150,พระนครศรีอยุธยา,มหาราช,เจ้าปลุก,141507
13150,พระนครศรีอยุธยา,มหาราช,พิตเพียน,141508
13150,พระนครศรีอยุธยา,มหาราช,บ้านนา,141509
13150,พระนครศรีอยุธยา,มหาราช,บ้านขวาง,141510
13150,พระนครศรีอยุธยา,มหาราช,ท่าตอ,141511
13150,พระนครศรีอยุธยา,มหาราช,บ้านใหม่,141512
13240,พระนครศรีอยุธยา,บ้านแพรก,บ้านแพรก,141601
13240,พระนครศรีอยุธยา,บ้านแพรก,บ้านใหม่,141602
13240,พระนครศรีอยุธยา,บ้านแพรก,สำพะเนียง,141603
13240,พระนครศรีอยุธยา,บ้านแพรก,คลองน้อย,141604
13240,พระนครศรีอยุธยา,บ้านแพรก,สองห้อง,141605
14000,อ่างทอง,เมืองอ่างทอง,ตลาดหลวง,150101
14000,อ่างทอง,เมืองอ่างทอง,บางแก้ว,150102
14000,อ่างทอง,เมืองอ่างทอง,ศาลาแดง,150103
14000,อ่างทอง,เมืองอ่างทอง,ป่างิ้ว,150104
14000,อ่างทอง,เมืองอ่างทอง,บ้านแห,150105
14000,อ่างทอง,เมืองอ่างทอง,ตลาดกรวด,150106
14000,อ่างทอง,เมืองอ่างทอง,มหาดไทย,150107
14000,อ่างทอง,เมืองอ่างทอง,บ้านอิฐ,150108
14000,อ่างทอง,เมืองอ่างทอง,หัวไผ่,150109
14000,อ่างทอง,เมืองอ่างทอง,จำปาหล่อ,150110
14000,อ่างทอง,เมืองอ่างทอง,โพสะ,150111
14000,อ่างทอง,เมืองอ่างทอง,บ้านรี,150112
14000,อ่างทอง,เมืองอ่างทอง,คลองวัว,150113
14000,อ่างทอง,เมืองอ่างทอง,ย่านซื่อ,150114
14140,อ่างทอง,ไชโย,จรเข้ร้อง,150201
14140,อ่างทอง,ไชโย,ไชยภูมิ,150202
14140,อ่างทอง,ไชโย,ชัยฤทธิ์,150203
14140,อ่างทอง,ไชโย,เทวราช,150204
14140,อ่างทอง,ไชโย,ราชสถิตย์,150205
14140,อ่างทอง,ไชโย,ไชโย,150206
14140,อ่างทอง,ไชโย,หลักฟ้า,150207
14140,อ่างทอง,ไชโย,ชะไว,150208
14140,อ่างทอง,ไชโย,ตรีณรงค์,150209
14130,อ่างทอง,ป่าโมก,บางปลากด,150301
14130,อ่างทอง,ป่าโมก,ป่าโมก,150302
14130,อ่างทอง,ป่าโมก,สายทอง,150303
14130,อ่างทอง,ป่าโมก,โรงช้าง,150304
14130,อ่างทอง,ป่าโมก,บางเสด็จ,150305
14130,อ่างทอง,ป่าโมก,นรสิงห์,150306
14130,อ่างทอง,ป่าโมก,เอกราช,150307
14130,อ่างทอง,ป่าโมก,โผงเผง,150308
14120,อ่างทอง,โพธิ์ทอง,อ่างแก้ว,150401
14120,อ่างทอง,โพธิ์ทอง,อินทประมูล,150402
14120,อ่างทอง,โพธิ์ทอง,บางพลับ,150403
14120,อ่างทอง,โพธิ์ทอง,หนองแม่ไก่,150404
14120,อ่างทอง,โพธิ์ทอง,รำมะสัก,150405
14120,อ่างทอง,โพธิ์ทอง,บางระกำ,150406
14120,อ่างทอง,โพธิ์ทอง,โพธิ์รังนก,150407
14120,อ่างทอง,โพธิ์ทอง,องครักษ์,150408
14120,อ่างทอง,โพธิ์ทอง,โคกพุทรา,150409
14120,อ่างทอง,โพธิ์ทอง,ยางช้าย,150410
14120,อ่างทอง,โพธิ์ทอง,บ่อแร่,150411
14120,อ่างทอง,โพธิ์ทอง,ทางพระ,150412
14120,อ่างทอง,โพธิ์ทอง,สามง่าม,150413
14120,อ่างทอง,โพธิ์ทอง,บางเจ้าฉ่า,150414
14120,อ่างทอง,โพธิ์ทอง,คำหยาด,150415
14150,อ่างทอง,แสวงหา,แสวงหา,150501
14150,อ่างทอง,แสวงหา,ศรีพราน,150502
14150,อ่างทอง,แสวงหา,บ้านพราน,150503
14150,อ่างทอง,แสวงหา,วังน้ำเย็น,150504
14150,อ่างทอง,แสวงหา,สีบัวทอง,150505
14150,อ่างทอง,แสวงหา,ห้วยไผ่,150506
14150,อ่างทอง,แสวงหา,จำลอง,150507
14110,อ่างทอง,วิเศษชัยชาญ,ไผ่จำศิล,150601
14110,อ่างทอง,วิเศษชัยชาญ,ศาลเจ้าโรงทอง,150602
14110,อ่างทอง,วิเศษชัยชาญ,ไผ่ดำพัฒนา,150603
14110,อ่างทอง,วิเศษชัยชาญ,สาวร้องไห้,150604
14110,อ่างทอง,วิเศษชัยชาญ,ท่าช้าง,150605
14110,อ่างทอง,วิเศษชัยชาญ,ยี่ล้น,150606
14110,อ่างทอง,วิเศษชัยชาญ,บางจัก,150607
14110,อ่างทอง,วิเศษชัยชาญ,ห้วยคันแหลน,150608
14110,อ่างทอง,วิเศษชัยชาญ,คลองขนาก,150609
14110,อ่างทอง,วิเศษชัยชาญ,ไผ่วง,150610
14110,อ่างทอง,วิเศษชัยชาญ,สี่ร้อย,150611
14110,อ่างทอง,วิเศษชัยชาญ,ม่วงเตี้ย,150612
14110,อ่างทอง,วิเศษชัยชาญ,หัวตะพาน,150613
14110,อ่างทอง,วิเศษชัยชาญ,หลักแก้ว,150614
14110,อ่างทอง,วิเศษชัยชาญ,ตลาดใหม่,150615
14160,อ่างทอง,สามโก้,สามโก้,150701
14160,อ่างทอง,สามโก้,ราษฎรพัฒนา,150702
14160,อ่างทอง,สามโก้,อบทม,150703
14160,อ่างทอง,สามโก้,โพธิ์ม่วงพันธ์,150704
14160,อ่างทอง,สามโก้,มงคลธรรมนิมิต,150705
15000,ลพบุรี,เมืองลพบุรี,ทะเลชุบศร,160101
15000,ลพบุรี,เมืองลพบุรี,ท่าหิน,160102
15000,ลพบุรี,เมืองลพบุรี,กกโก,160103
13240,ลพบุรี,เมืองลพบุรี,โก่งธนู,160104
15000,ลพบุรี,เมืองลพบุรี,เขาพระงาม,160105
15000,ลพบุรี,เมืองลพบุรี,เขาสามยอด,160106
15000,ลพบุรี,เมืองลพบุรี,โคกกะเทียม,160107
15000,ลพบุรี,เมืองลพบุรี,โคกลำพาน,160108
15210,ลพบุรี,เมืองลพบุรี,โคกตูม,160109
15000,ลพบุรี,เมืองลพบุรี,งิ้วราย,160110
15000,ลพบุรี,เมืองลพบุรี,ดอนโพธิ์,160111
15000,ลพบุรี,เมืองลพบุรี,ตะลุง,160112
15000,ลพบุรี,เมืองลพบุรี,ท่าแค,160114
15000,ลพบุรี,เมืองลพบุรี,ท่าศาลา,160115
15000,ลพบุรี,เมืองลพบุรี,นิคมสร้างตนเอง,160116
15000,ลพบุรี,เมืองลพบุรี,บางขันหมาก,160117
15000,ลพบุรี,เมืองลพบุรี,บ้านข่อย,160118
15000,ลพบุรี,เมืองลพบุรี,ท้ายตลาด,160119
15000,ลพบุรี,เมืองลพบุรี,ป่าตาล,160120
15000,ลพบุรี,เมืองลพบุรี,พรหมมาสตร์,160121
15000,ลพบุรี,เมืองลพบุรี,โพธิ์เก้าต้น,160122
15000,ลพบุรี,เมืองลพบุรี,โพธิ์ตรุ,160123
15000,ลพบุรี,เมืองลพบุรี,สี่คลอง,160124
15000,ลพบุรี,เมืองลพบุรี,ถนนใหญ่,160125
15140,ลพบุรี,พัฒนานิคม,พัฒนานิคม,160201
15220,ลพบุรี,พัฒนานิคม,ช่องสาริกา,160202
15140,ลพบุรี,พัฒนานิคม,มะนาวหวาน,160203
15220,ลพบุรี,พัฒนานิคม,ดีลัง,160204
15140,ลพบุรี,พัฒนานิคม,โคกสลุง,160205
15140,ลพบุรี,พัฒนานิคม,ชอนน้อย,160206
15140,ลพบุรี,พัฒนานิคม,หนองบัว,160207
18220,ลพบุรี,พัฒนานิคม,ห้วยขุนราม,160208
15140,ลพบุรี,พัฒนานิคม,น้ำสุด,160209
15120,ลพบุรี,โคกสำโรง,โคกสำโรง,160301
15120,ลพบุรี,โคกสำโรง,เกาะแก้ว,160302
15120,ลพบุรี,โคกสำโรง,ถลุงเหล็ก,160303
15120,ลพบุรี,โคกสำโรง,หลุมข้าว,160304
15120,ลพบุรี,โคกสำโรง,ห้วยโป่ง,160305
15120,ลพบุรี,โคกสำโรง,คลองเกตุ,160306
15120,ลพบุรี,โคกสำโรง,สะแกราบ,160307
15120,ลพบุรี,โคกสำโรง,เพนียด,160308
15120,ลพบุรี,โคกสำโรง,วังเพลิง,160309
15120,ลพบุรี,โคกสำโรง,ดงมะรุม,160310
15120,ลพบุรี,โคกสำโรง,วังขอนขว้าง,160318
15120,ลพบุรี,โคกสำโรง,วังจั่น,160320
15120,ลพบุรี,โคกสำโรง,หนองแขม,160322
15130,ลพบุรี,ชัยบาดาล,ลำนารายณ์,160401
15130,ลพบุรี,ชัยบาดาล,ชัยนารายณ์,160402
15130,ลพบุรี,ชัยบาดาล,ศิลาทิพย์,160403
15130,ลพบุรี,ชัยบาดาล,ห้วยหิน,160404
15230,ลพบุรี,ชัยบาดาล,ม่วงค่อม,160405
15130,ลพบุรี,ชัยบาดาล,บัวชุม,160406
15130,ลพบุรี,ชัยบาดาล,ท่าดินดำ,160407
15230,ลพบุรี,ชัยบาดาล,มะกอกหวาน,160408
15130,ลพบุรี,ชัยบาดาล,ซับตะเคียน,160409
15190,ลพบุรี,ชัยบาดาล,นาโสม,160410
15130,ลพบุรี,ชัยบาดาล,หนองยายโต๊ะ,160411
15130,ลพบุรี,ชัยบาดาล,เกาะรัง,160412
15130,ลพบุรี,ชัยบาดาล,ท่ามะนาว,160414
15130,ลพบุรี,ชัยบาดาล,นิคมลำนารายณ์,160417
15230,ลพบุรี,ชัยบาดาล,ชัยบาดาล,160418
15130,ลพบุรี,ชัยบาดาล,บ้านใหม่สามัคคี,160419
15130,ลพบุรี,ชัยบาดาล,เขาแหลม,160422
15150,ลพบุรี,ท่าวุ้ง,ท่าวุ้ง,160501
15150,ลพบุรี,ท่าวุ้ง,บางคู้,160502
15150,ลพบุรี,ท่าวุ้ง,โพตลาดแก้ว,160503
15150,ลพบุรี,ท่าวุ้ง,บางลี่,160504
15150,ลพบุรี,ท่าวุ้ง,บางงา,160505
15150,ลพบุรี,ท่าวุ้ง,โคกสลุด,160506
15180,ลพบุรี,ท่าวุ้ง,เขาสมอคอน,160507
15150,ลพบุรี,ท่าวุ้ง,หัวสำโรง,160508
15150,ลพบุรี,ท่าวุ้ง,ลาดสาลี่,160509
15150,ลพบุรี,ท่าวุ้ง,บ้านเบิก,160510
15150,ลพบุรี,ท่าวุ้ง,มุจลินท์,160511
15110,ลพบุรี,บ้านหมี่,ไผ่ใหญ่,160601
15110,ลพบุรี,บ้านหมี่,บ้านทราย,160602
15110,ลพบุรี,บ้านหมี่,บ้านกล้วย,160603
15110,ลพบุรี,บ้านหมี่,ดงพลับ,160604
15180,ลพบุรี,บ้านหมี่,บ้านชี,160605
15110,ลพบุรี,บ้านหมี่,พุคา,160606
15110,ลพบุรี,บ้านหมี่,หินปัก,160607
15110,ลพบุรี,บ้านหมี่,บางพึ่ง,160608
15110,ลพบุรี,บ้านหมี่,หนองทรายขาว,160609
15110,ลพบุรี,บ้านหมี่,บางกะพี้,160610
15110,ลพบุรี,บ้านหมี่,หนองเต่า,160611
15110,ลพบุรี,บ้านหมี่,โพนทอง,160612
15180,ลพบุรี,บ้านหมี่,บางขาม,160613
15110,ลพบุรี,บ้านหมี่,ดอนดึง,160614
15110,ลพบุรี,บ้านหมี่,ชอนม่วง,160615
15110,ลพบุรี,บ้านหมี่,หนองกระเบียน,160616
15110,ลพบุรี,บ้านหมี่,สายห้วยแก้ว,160617
15110,ลพบุรี,บ้านหมี่,มหาสอน,160618
15110,ลพบุรี,บ้านหมี่,บ้านหมี่,160619
15110,ลพบุรี,บ้านหมี่,เชียงงา,160620
15110,ลพบุรี,บ้านหมี่,หนองเมือง,160621
15110,ลพบุรี,บ้านหมี่,สนามแจง,160622
15230,ลพบุรี,ท่าหลวง,ท่าหลวง,160701
15230,ลพบุรี,ท่าหลวง,แก่งผักกูด,160702
15230,ลพบุรี,ท่าหลวง,ซับจำปา,160703
15230,ลพบุรี,ท่าหลวง,หนองผักแว่น,160704
15230,ลพบุรี,ท่าหลวง,ทะเลวังวัด,160705
15230,ลพบุรี,ท่าหลวง,หัวลำ,160706
15240,ลพบุรี,สระโบสถ์,สระโบสถ์,160801
15240,ลพบุรี,สระโบสถ์,มหาโพธิ,160802
15240,ลพบุรี,สระโบสถ์,ทุ่งท่าช้าง,160803
15240,ลพบุรี,สระโบสถ์,ห้วยใหญ่,160804
15240,ลพบุรี,สระโบสถ์,นิยมชัย,160805
15250,ลพบุรี,โคกเจริญ,โคกเจริญ,160901
15250,ลพบุรี,โคกเจริญ,ยางราก,160902
15250,ลพบุรี,โคกเจริญ,หนองมะค่า,160903
15250,ลพบุรี,โคกเจริญ,วังทอง,160904
15250,ลพบุรี,โคกเจริญ,โคกแสมสาร,160905
15190,ลพบุรี,ลำสนธิ,ลำสนธิ,161001
15190,ลพบุรี,ลำสนธิ,ซับสมบูรณ์,161002
15190,ลพบุรี,ลำสนธิ,หนองรี,161003
15190,ลพบุรี,ลำสนธิ,กุดตาเพชร,161004
15190,ลพบุรี,ลำสนธิ,เขารวก,161005
15130,ลพบุรี,ลำสนธิ,เขาน้อย,161006
15170,ลพบุรี,หนองม่วง,หนองม่วง,161101
15170,ลพบุรี,หนองม่วง,บ่อทอง,161102
15170,ลพบุรี,หนองม่วง,ดงดินแดง,161103
15170,ลพบุรี,หนองม่วง,ชอนสมบูรณ์,161104
15170,ลพบุรี,หนองม่วง,ยางโทน,161105
15170,ลพบุรี,หนองม่วง,ชอนสารเดช,161106
16000,สิงห์บุรี,เมืองสิงห์บุรี,บางพุทรา,170101
16000,สิงห์บุรี,เมืองสิงห์บุรี,บางมัญ,170102
16000,สิงห์บุรี,เมืองสิงห์บุรี,โพกรวม,170103
16000,สิงห์บุรี,เมืองสิงห์บุรี,ม่วงหมู่,170104
16000,สิงห์บุรี,เมืองสิงห์บุรี,หัวไผ่,170105
16000,สิงห์บุรี,เมืองสิงห์บุรี,ต้นโพธิ์,170106
16000,สิงห์บุรี,เมืองสิงห์บุรี,จักรสีห์,170107
16000,สิงห์บุรี,เมืองสิงห์บุรี,บางกระบือ,170108
16130,สิงห์บุรี,บางระจัน,สิงห์,170201
16130,สิงห์บุรี,บางระจัน,ไม้ดัด,170202
16130,สิงห์บุรี,บางระจัน,เชิงกลัด,170203
16130,สิงห์บุรี,บางระจัน,โพชนไก่,170204
16130,สิงห์บุรี,บางระจัน,แม่ลา,170205
16130,สิงห์บุรี,บางระจัน,บ้านจ่า,170206
16130,สิงห์บุรี,บางระจัน,พักทัน,170207
16130,สิงห์บุรี,บางระจัน,สระแจง,170208
16150,สิงห์บุรี,ค่ายบางระจัน,โพทะเล,170301
16150,สิงห์บุรี,ค่ายบางระจัน,บางระจัน,170302
16150,สิงห์บุรี,ค่ายบางระจัน,โพสังโฆ,170303
16150,สิงห์บุรี,ค่ายบางระจัน,ท่าข้าม,170304
16150,สิงห์บุรี,ค่ายบางระจัน,คอทราย,170305
16150,สิงห์บุรี,ค่ายบางระจัน,หนองกระทุ่ม,170306
16120,สิงห์บุรี,พรหมบุรี,พระงาม,170401
16160,สิงห์บุรี,พรหมบุรี,พรหมบุรี,170402
16120,สิงห์บุรี,พรหมบุรี,บางน้ำเชี่ยว,170403
16120,สิงห์บุรี,พรหมบุรี,บ้านหม้อ,170404
16120,สิงห์บุรี,พรหมบุรี,บ้านแป้ง,170405
16120,สิงห์บุรี,พรหมบุรี,หัวป่า,170406
16120,สิงห์บุรี,พรหมบุรี,โรงช้าง,170407
16140,สิงห์บุรี,ท่าช้าง,ถอนสมอ,170501
16140,สิงห์บุรี,ท่าช้าง,โพประจักษ์,170502
16140,สิงห์บุรี,ท่าช้าง,วิหารขาว,170503
16140,สิงห์บุรี,ท่าช้าง,พิกุลทอง,170504
16110,สิงห์บุรี,อินทร์บุรี,อินทร์บุรี,170601
16110,สิงห์บุรี,อินทร์บุรี,ประศุก,170602
16110,สิงห์บุรี,อินทร์บุรี,ทับยา,170603
16110,สิงห์บุรี,อินทร์บุรี,งิ้วราย,170604
16110,สิงห์บุรี,อินทร์บุรี,ชีน้ำร้าย,170605
16110,สิงห์บุรี,อินทร์บุรี,ท่างาม,170606
16110,สิงห์บุรี,อินทร์บุรี,น้ำตาล,170607
16110,สิงห์บุรี,อินทร์บุรี,ทองเอน,170608
16110,สิงห์บุรี,อินทร์บุรี,ห้วยชัน,170609
16110,สิงห์บุรี,อินทร์บุรี,โพธิ์ชัย,170610
17000,ชัยนาท,เมืองชัยนาท,ในเมือง,180101
17000,ชัยนาท,เมืองชัยนาท,บ้านกล้วย,180102
17000,ชัยนาท,เมืองชัยนาท,ท่าชัย,180103
17000,ชัยนาท,เมืองชัยนาท,ชัยนาท,180104
17000,ชัยนาท,เมืองชัยนาท,เขาท่าพระ,180105
17000,ชัยนาท,เมืองชัยนาท,หาดท่าเสา,180106
17000,ชัยนาท,เมืองชัยนาท,ธรรมามูล,180107
17000,ชัยนาท,เมืองชัยนาท,เสือโฮก,180108
17000,ชัยนาท,เมืองชัยนาท,นางลือ,180109
17110,ชัยนาท,มโนรมย์,คุ้งสำเภา,180201
17110,ชัยนาท,มโนรมย์,วัดโคก,180202
17110,ชัยนาท,มโนรมย์,ศิลาดาน,180203
17110,ชัยนาท,มโนรมย์,ท่าฉนวน,180204
17170,ชัยนาท,มโนรมย์,หางน้ำสาคร,180205
17170,ชัยนาท,มโนรมย์,ไร่พัฒนา,180206
17170,ชัยนาท,มโนรมย์,อู่ตะเภา,180207
17120,ชัยนาท,วัดสิงห์,วัดสิงห์,180301
17120,ชัยนาท,วัดสิงห์,มะขามเฒ่า,180302
17120,ชัยนาท,วัดสิงห์,หนองน้อย,180303
17120,ชัยนาท,วัดสิงห์,หนองบัว,180304
17120,ชัยนาท,วัดสิงห์,หนองขุ่น,180306
17120,ชัยนาท,วัดสิงห์,บ่อแร่,180307
17120,ชัยนาท,วัดสิงห์,วังหมัน,180311
17150,ชัยนาท,สรรพยา,สรรพยา,180401
17150,ชัยนาท,สรรพยา,ตลุก,180402
17150,ชัยนาท,สรรพยา,เขาแก้ว,180403
17150,ชัยนาท,สรรพยา,โพนางดำตก,180404
17150,ชัยนาท,สรรพยา,โพนางดำออก,180405
17150,ชัยนาท,สรรพยา,บางหลวง,180406
17150,ชัยนาท,สรรพยา,หาดอาษา,180407
17140,ชัยนาท,สรรคบุรี,แพรกศรีราชา,180501
17140,ชัยนาท,สรรคบุรี,เที่ยงแท้,180502
17140,ชัยนาท,สรรคบุรี,ห้วยกรด,180503
17140,ชัยนาท,สรรคบุรี,โพงาม,180504
17140,ชัยนาท,สรรคบุรี,บางขุด,180505
17140,ชัยนาท,สรรคบุรี,ดงคอน,180506
17140,ชัยนาท,สรรคบุรี,ดอนกำ,180507
17140,ชัยนาท,สรรคบุรี,ห้วยกรดพัฒนา,180508
17130,ชัยนาท,หันคา,หันคา,180601
17130,ชัยนาท,หันคา,บ้านเชี่ยน,180602
17130,ชัยนาท,หันคา,ไพรนกยูง,180605
17160,ชัยนาท,หันคา,หนองแซง,180606
17160,ชัยนาท,หันคา,ห้วยงู,180607
17130,ชัยนาท,หันคา,วังไก่เถื่อน,180608
17130,ชัยนาท,หันคา,เด่นใหญ่,180609
17160,ชัยนาท,หันคา,สามง่ามท่าโบสถ์,180611
17120,ชัยนาท,หนองมะโมง,หนองมะโมง,180701
17120,ชัยนาท,หนองมะโมง,วังตะเคียน,180702
17120,ชัยนาท,หนองมะโมง,สะพานหิน,180703
17120,ชัยนาท,หนองมะโมง,กุดจอก,180704
17130,ชัยนาท,เนินขาม,เนินขาม,180801
17130,ชัยนาท,เนินขาม,กะบกเตี้ย,180802
17130,ชัยนาท,เนินขาม,สุขเดือนห้า,180803
18000,สระบุรี,เมืองสระบุรี,ปากเพรียว,190101
18000,สระบุรี,เมืองสระบุรี,ดาวเรือง,190105
18000,สระบุรี,เมืองสระบุรี,นาโฉง,190106
18000,สระบุรี,เมืองสระบุรี,โคกสว่าง,190107
18000,สระบุรี,เมืองสระบุรี,หนองโน,190108
18000,สระบุรี,เมืองสระบุรี,หนองยาว,190109
18000,สระบุรี,เมืองสระบุรี,ปากข้าวสาร,190110
18000,สระบุรี,เมืองสระบุรี,หนองปลาไหล,190111
18000,สระบุรี,เมืองสระบุรี,กุดนกเปล้า,190112
18000,สระบุรี,เมืองสระบุรี,ตลิ่งชัน,190113
18000,สระบุรี,เมืองสระบุรี,ตะกุด,190114
18110,สระบุรี,แก่งคอย,แก่งคอย,190201
18260,สระบุรี,แก่งคอย,ทับกวาง,190202
18110,สระบุรี,แก่งคอย,ตาลเดี่ยว,190203
18110,สระบุรี,แก่งคอย,ห้วยแห้ง,190204
18110,สระบุรี,แก่งคอย,ท่าคล้อ,190205
18110,สระบุรี,แก่งคอย,หินซ้อน,190206
18110,สระบุรี,แก่งคอย,บ้านธาตุ,190207
18110,สระบุรี,แก่งคอย,บ้านป่า,190208
18110,สระบุรี,แก่งคอย,ท่าตูม,190209
18110,สระบุรี,แก่งคอย,ชะอม,190210
18110,สระบุรี,แก่งคอย,สองคอน,190211
18110,สระบุรี,แก่งคอย,เตาปูน,190212
18110,สระบุรี,แก่งคอย,ชำผักแพว,190213
18110,สระบุรี,แก่งคอย,ท่ามะปราง,190215
18140,สระบุรี,หนองแค,หนองแค,190301
18140,สระบุรี,หนองแค,กุ่มหัก,190302
18250,สระบุรี,หนองแค,คชสิทธิ์,190303
18250,สระบุรี,หนองแค,โคกตูม,190304
18230,สระบุรี,หนองแค,โคกแย้,190305
18230,สระบุรี,หนองแค,บัวลอย,190306
18140,สระบุรี,หนองแค,ไผ่ต่ำ,190307
18250,สระบุรี,หนองแค,โพนทอง,190308
18230,สระบุรี,หนองแค,ห้วยขมิ้น,190309
18230,สระบุรี,หนองแค,ห้วยทราย,190310
18140,สระบุรี,หนองแค,หนองไข่น้ำ,190311
18140,สระบุรี,หนองแค,หนองแขม,190312
18230,สระบุรี,หนองแค,หนองจิก,190313
18140,สระบุรี,หนองแค,หนองจรเข้,190314
18230,สระบุรี,หนองแค,หนองนาก,190315
18140,สระบุรี,หนองแค,หนองปลาหมอ,190316
18140,สระบุรี,หนองแค,หนองปลิง,190317
18140,สระบุรี,หนองแค,หนองโรง,190318
18150,สระบุรี,วิหารแดง,หนองหมู,190401
18150,สระบุรี,วิหารแดง,บ้านลำ,190402
18150,สระบุรี,วิหารแดง,คลองเรือ,190403
18150,สระบุรี,วิหารแดง,วิหารแดง,190404
18150,สระบุรี,วิหารแดง,หนองสรวง,190405
18150,สระบุรี,วิหารแดง,เจริญธรรม,190406
18170,สระบุรี,หนองแซง,หนองแซง,190501
18170,สระบุรี,หนองแซง,หนองควายโซ,190502
18170,สระบุรี,หนองแซง,หนองหัวโพ,190503
18170,สระบุรี,หนองแซง,หนองสีดา,190504
18170,สระบุรี,หนองแซง,หนองกบ,190505
18170,สระบุรี,หนองแซง,ไก่เส่า,190506
18170,สระบุรี,หนองแซง,โคกสะอาด,190507
18170,สระบุรี,หนองแซง,ม่วงหวาน,190508
18170,สระบุรี,หนองแซง,เขาดิน,190509
18130,สระบุรี,บ้านหมอ,บ้านหมอ,190601
18130,สระบุรี,บ้านหมอ,บางโขมด,190602
18130,สระบุรี,บ้านหมอ,สร่างโศก,190603
18130,สระบุรี,บ้านหมอ,ตลาดน้อย,190604
18130,สระบุรี,บ้านหมอ,หรเทพ,190605
18130,สระบุรี,บ้านหมอ,โคกใหญ่,190606
18130,สระบุรี,บ้านหมอ,ไผ่ขวาง,190607
18270,สระบุรี,บ้านหมอ,บ้านครัว,190608
18130,สระบุรี,บ้านหมอ,หนองบัว,190609
18210,สระบุรี,ดอนพุด,ดอนพุด,190701
18210,สระบุรี,ดอนพุด,ไผ่หลิ่ว,190702
18210,สระบุรี,ดอนพุด,บ้านหลวง,190703
18210,สระบุรี,ดอนพุด,ดงตะงาว,190704
18190,สระบุรี,หนองโดน,หนองโดน,190801
18190,สระบุรี,หนองโดน,บ้านกลับ,190802
18190,สระบุรี,หนองโดน,ดอนทอง,190803
18190,สระบุรี,หนองโดน,บ้านโปร่ง,190804
18120,สระบุรี,พระพุทธบาท,พระพุทธบาท,190901
18120,สระบุรี,พระพุทธบาท,ขุนโขลน,190902
18120,สระบุรี,พระพุทธบาท,ธารเกษม,190903
18120,สระบุรี,พระพุทธบาท,นายาว,190904
18120,สระบุรี,พระพุทธบาท,พุคำจาน,190905
18120,สระบุรี,พระพุทธบาท,เขาวง,190906
18120,สระบุรี,พระพุทธบาท,ห้วยป่าหวาย,190907
18120,สระบุรี,พระพุทธบาท,พุกร่าง,190908
18120,สระบุรี,พระพุทธบาท,หนองแก,190909
18160,สระบุรี,เสาไห้,เสาไห้,191001
18160,สระบุรี,เสาไห้,บ้านยาง,191002
18160,สระบุรี,เสาไห้,หัวปลวก,191003
18160,สระบุรี,เสาไห้,งิ้วงาม,191004
18160,สระบุรี,เสาไห้,ศาลารีไทย,191005
18160,สระบุรี,เสาไห้,ต้นตาล,191006
18160,สระบุรี,เสาไห้,ท่าช้าง,191007
18160,สระบุรี,เสาไห้,พระยาทด,191008
18160,สระบุรี,เสาไห้,ม่วงงาม,191009
18160,สระบุรี,เสาไห้,เริงราง,191010
18160,สระบุรี,เสาไห้,เมืองเก่า,191011
18160,สระบุรี,เสาไห้,สวนดอกไม้,191012
18180,สระบุรี,มวกเหล็ก,มวกเหล็ก,191101
18180,สระบุรี,มวกเหล็ก,มิตรภาพ,191102
18180,สระบุรี,มวกเหล็ก,หนองย่างเสือ,191104
18180,สระบุรี,มวกเหล็ก,ลำสมพุง,191105
18180,สระบุรี,มวกเหล็ก,ลำพญากลาง,191107
18220,สระบุรี,มวกเหล็ก,ซับสนุ่น,191109
18220,สระบุรี,วังม่วง,แสลงพัน,191201
18220,สระบุรี,วังม่วง,คำพราน,191202
18220,สระบุรี,วังม่วง,วังม่วง,191203
18000,สระบุรี,เฉลิมพระเกียรติ,เขาดินพัฒนา,191301
18000,สระบุรี,เฉลิมพระเกียรติ,บ้านแก้ง,191302
18000,สระบุรี,เฉลิมพระเกียรติ,ผึ้งรวง,191303
18240,สระบุรี,เฉลิมพระเกียรติ,พุแค,191304
18000,สระบุรี,เฉลิมพระเกียรติ,ห้วยบง,191305
18240,สระบุรี,เฉลิมพระเกียรติ,หน้าพระลาน,191306
20000,ชลบุรี,เมืองชลบุรี,บางปลาสร้อย,200101
20000,ชลบุรี,เมืองชลบุรี,มะขามหย่ง,200102
20000,ชลบุรี,เมืองชลบุรี,บ้านโขด,200103
20000,ชลบุรี,เมืองชลบุรี,แสนสุข,200104
20000,ชลบุรี,เมืองชลบุรี,บ้านสวน,200105
20000,ชลบุรี,เมืองชลบุรี,หนองรี,200106
20000,ชลบุรี,เมืองชลบุรี,นาป่า,200107
20000,ชลบุรี,เมืองชลบุรี,หนองข้างคอก,200108
20000,ชลบุรี,เมืองชลบุรี,ดอนหัวฬ่อ,200109
20000,ชลบุรี,เมืองชลบุรี,หนองไม้แดง,200110
20000,ชลบุรี,เมืองชลบุรี,บางทราย,200111
20000,ชลบุรี,เมืองชลบุรี,คลองตำหรุ,200112
20130,ชลบุรี,เมืองชลบุรี,เหมือง,200113
20130,ชลบุรี,เมืองชลบุรี,บ้านปึก,200114
20000,ชลบุรี,เมืองชลบุรี,ห้วยกะปิ,200115
20130,ชลบุรี,เมืองชลบุรี,เสม็ด,200116
20000,ชลบุรี,เมืองชลบุรี,อ่างศิลา,200117
20000,ชลบุรี,เมืองชลบุรี,สำนักบก,200118
20170,ชลบุรี,บ้านบึง,บ้านบึง,200201
20220,ชลบุรี,บ้านบึง,คลองกิ่ว,200202
20170,ชลบุรี,บ้านบึง,มาบไผ่,200203
20170,ชลบุรี,บ้านบึง,หนองซ้ำซาก,200204
20170,ชลบุรี,บ้านบึง,หนองบอนแดง,200205
20170,ชลบุรี,บ้านบึง,หนองชาก,200206
20220,ชลบุรี,บ้านบึง,หนองอิรุณ,200207
20220,ชลบุรี,บ้านบึง,หนองไผ่แก้ว,200208
20190,ชลบุรี,หนองใหญ่,หนองใหญ่,200301
20190,ชลบุรี,หนองใหญ่,คลองพลู,200302
20190,ชลบุรี,หนองใหญ่,หนองเสือช้าง,200303
20190,ชลบุรี,หนองใหญ่,ห้างสูง,200304
20190,ชลบุรี,หนองใหญ่,เขาซก,200305
20150,ชลบุรี,บางละมุง,บางละมุง,200401
20150,ชลบุรี,บางละมุง,หนองปรือ,200402
20150,ชลบุรี,บางละมุง,หนองปลาไหล,200403
20150,ชลบุรี,บางละมุง,โป่ง,200404
20150,ชลบุรี,บางละมุง,เขาไม้แก้ว,200405
20150,ชลบุรี,บางละมุง,ห้วยใหญ่,200406
20150,ชลบุรี,บางละมุง,ตะเคียนเตี้ย,200407
20150,ชลบุรี,บางละมุง,นาเกลือ,200408
20160,ชลบุรี,พานทอง,พานทอง,200501
20160,ชลบุรี,พานทอง,หนองตำลึง,200502
20160,ชลบุรี,พานทอง,มาบโป่ง,200503
20160,ชลบุรี,พานทอง,หนองกะขะ,200504
20160,ชลบุรี,พานทอง,หนองหงษ์,200505
20160,ชลบุรี,พานทอง,โคกขี้หนอน,200506
20160,ชลบุรี,พานทอง,บ้านเก่า,200507
20160,ชลบุรี,พานทอง,หน้าประดู่,200508
20160,ชลบุรี,พานทอง,บางนาง,200509
20160,ชลบุรี,พานทอง,เกาะลอย,200510
20160,ชลบุรี,พานทอง,บางหัก,200511
20140,ชลบุรี,พนัสนิคม,พนัสนิคม,200601
20140,ชลบุรี,พนัสนิคม,หน้าพระธาตุ,200602
20140,ชลบุรี,พนัสนิคม,วัดหลวง,200603
20140,ชลบุรี,พนัสนิคม,บ้านเซิด,200604
20140,ชลบุรี,พนัสนิคม,นาเริก,200605
20140,ชลบุรี,พนัสนิคม,หมอนนาง,200606
20140,ชลบุรี,พนัสนิคม,สระสี่เหลี่ยม,200607
20140,ชลบุรี,พนัสนิคม,วัดโบสถ์,200608
20140,ชลบุรี,พนัสนิคม,กุฎโง้ง,200609
20140,ชลบุรี,พนัสนิคม,หัวถนน,200610
20140,ชลบุรี,พนัสนิคม,ท่าข้าม,200611
20140,ชลบุรี,พนัสนิคม,หนองปรือ,200613
20140,ชลบุรี,พนัสนิคม,หนองขยาด,200614
20140,ชลบุรี,พนัสนิคม,ทุ่งขวาง,200615
20140,ชลบุรี,พนัสนิคม,หนองเหียง,200616
20140,ชลบุรี,พนัสนิคม,นาวังหิน,200617
20140,ชลบุรี,พนัสนิคม,บ้านช้าง,200618
20140,ชลบุรี,พนัสนิคม,โคกเพลาะ,200620
20140,ชลบุรี,พนัสนิคม,ไร่หลักทอง,200621
20140,ชลบุรี,พนัสนิคม,นามะตูม,200622
20110,ชลบุรี,ศรีราชา,ศรีราชา,200701
20110,ชลบุรี,ศรีราชา,สุรศักดิ์,200702
20230,ชลบุรี,ศรีราชา,ทุ่งสุขลา,200703
20230,ชลบุรี,ศรีราชา,บึง,200704
20110,ชลบุรี,ศรีราชา,หนองขาม,200705
20110,ชลบุรี,ศรีราชา,เขาคันทรง,200706
20110,ชลบุรี,ศรีราชา,บางพระ,200707
20230,ชลบุรี,ศรีราชา,บ่อวิน,200708
20120,ชลบุรี,เกาะสีชัง,ท่าเทววงษ์,200801
20180,ชลบุรี,สัตหีบ,สัตหีบ,200901
20250,ชลบุรี,สัตหีบ,นาจอมเทียน,200902
20180,ชลบุรี,สัตหีบ,พลูตาหลวง,200903
20250,ชลบุรี,สัตหีบ,บางเสร่,200904
20180,ชลบุรี,สัตหีบ,แสมสาร,200905
20270,ชลบุรี,บ่อทอง,บ่อทอง,201001
20270,ชลบุรี,บ่อทอง,วัดสุวรรณ,201002
20270,ชลบุรี,บ่อทอง,บ่อกวางทอง,201003
20270,ชลบุรี,บ่อทอง,ธาตุทอง,201004
20270,ชลบุรี,บ่อทอง,เกษตรสุวรรณ,201005
20270,ชลบุรี,บ่อทอง,พลวงทอง,201006
20240,ชลบุรี,เกาะจันทร์,เกาะจันทร์,201101
20240,ชลบุรี,เกาะจันทร์,ท่าบุญมี,201102
21000,ระยอง,เมืองระยอง,ท่าประดู่,210101
21000,ระยอง,เมืองระยอง,เชิงเนิน,210102
21000,ระยอง,เมืองระยอง,ตะพง,210103
21000,ระยอง,เมืองระยอง,ปากน้ำ,210104
21160,ระยอง,เมืองระยอง,เพ,210105
21160,ระยอง,เมืองระยอง,แกลง,210106
21000,ระยอง,เมืองระยอง,บ้านแลง,210107
21000,ระยอง,เมืองระยอง,นาตาขวัญ,210108
21000,ระยอง,เมืองระยอง,เนินพระ,210109
21100,ระยอง,เมืองระยอง,กะเฉด,210110
21000,ระยอง,เมืองระยอง,ทับมา,210111
21000,ระยอง,เมืองระยอง,น้ำคอก,210112
21150,ระยอง,เมืองระยอง,ห้วยโป่ง,210113
21150,ระยอง,เมืองระยอง,มาบตาพุด,210114
21100,ระยอง,เมืองระยอง,สำนักทอง,210115
21130,ระยอง,บ้านฉาง,สำนักท้อน,210201
21130,ระยอง,บ้านฉาง,พลา,210202
21130,ระยอง,บ้านฉาง,บ้านฉาง,210203
21110,ระยอง,แกลง,ทางเกวียน,210301
21110,ระยอง,แกลง,วังหว้า,210302
21110,ระยอง,แกลง,ชากโดน,210303
21110,ระยอง,แกลง,เนินฆ้อ,210304
21190,ระยอง,แกลง,กร่ำ,210305
21190,ระยอง,แกลง,ชากพง,210306
21110,ระยอง,แกลง,กระแสบน,210307
21110,ระยอง,แกลง,บ้านนา,210308
21110,ระยอง,แกลง,ทุ่งควายกิน,210309
22160,ระยอง,แกลง,กองดิน,210310
21170,ระยอง,แกลง,คลองปูน,210311
21110,ระยอง,แกลง,พังราด,210312
21170,ระยอง,แกลง,ปากน้ำกระแส,210313
21110,ระยอง,แกลง,ห้วยยาง,210317
21110,ระยอง,แกลง,สองสลึง,210318
21210,ระยอง,วังจันทร์,วังจันทร์,210401
21210,ระยอง,วังจันทร์,ชุมแสง,210402
21210,ระยอง,วังจันทร์,ป่ายุบใน,210403
21210,ระยอง,วังจันทร์,พลงตาเอี่ยม,210404
21120,ระยอง,บ้านค่าย,บ้านค่าย,210501
21120,ระยอง,บ้านค่าย,หนองละลอก,210502
21120,ระยอง,บ้านค่าย,หนองตะพาน,210503
21120,ระยอง,บ้านค่าย,ตาขัน,210504
21120,ระยอง,บ้านค่าย,บางบุตร,210505
21120,ระยอง,บ้านค่าย,หนองบัว,210506
21120,ระยอง,บ้านค่าย,ชากบก,210507
21140,ระยอง,ปลวกแดง,ปลวกแดง,210601
21140,ระยอง,ปลวกแดง,ตาสิทธิ์,210602
21140,ระยอง,ปลวกแดง,ละหาร,210603
21140,ระยอง,ปลวกแดง,แม่น้ำคู้,210604
21140,ระยอง,ปลวกแดง,มาบยางพร,210605
21140,ระยอง,ปลวกแดง,หนองไร่,210606
21110,ระยอง,เขาชะเมา,น้ำเป็น,210701
21110,ระยอง,เขาชะเมา,ห้วยทับมอญ,210702
21110,ระยอง,เขาชะเมา,ชำฆ้อ,210703
21110,ระยอง,เขาชะเมา,เขาน้อย,210704
21180,ระยอง,นิคมพัฒนา,นิคมพัฒนา,210801
21180,ระยอง,นิคมพัฒนา,มาบข่า,210802
21180,ระยอง,นิคมพัฒนา,พนานิคม,210803
21180,ระยอง,นิคมพัฒนา,มะขามคู่,210804
22000,จันทบุรี,เมืองจันทบุรี,ตลาด,220101
22000,จันทบุรี,เมืองจันทบุรี,วัดใหม่,220102
22000,จันทบุรี,เมืองจันทบุรี,คลองนารายณ์,220103
22000,จันทบุรี,เมืองจันทบุรี,เกาะขวาง,220104
22000,จันทบุรี,เมืองจันทบุรี,คมบาง,220105
22000,จันทบุรี,เมืองจันทบุรี,ท่าช้าง,220106
22000,จันทบุรี,เมืองจันทบุรี,จันทนิมิต,220107
22000,จันทบุรี,เมืองจันทบุรี,บางกะจะ,220108
22000,จันทบุรี,เมืองจันทบุรี,แสลง,220109
22000,จันทบุรี,เมืองจันทบุรี,หนองบัว,220110
22000,จันทบุรี,เมืองจันทบุรี,พลับพลา,220111
22110,จันทบุรี,ขลุง,ขลุง,220201
22110,จันทบุรี,ขลุง,บ่อ,220202
22110,จันทบุรี,ขลุง,เกวียนหัก,220203
22110,จันทบุรี,ขลุง,ตะปอน,220204
22110,จันทบุรี,ขลุง,บางชัน,220205
22110,จันทบุรี,ขลุง,วันยาว,220206
22110,จันทบุรี,ขลุง,ซึ้ง,220207
22110,จันทบุรี,ขลุง,มาบไพ,220208
22110,จันทบุรี,ขลุง,วังสรรพรส,220209
22110,จันทบุรี,ขลุง,ตรอกนอง,220210
22110,จันทบุรี,ขลุง,ตกพรม,220211
22150,จันทบุรี,ขลุง,บ่อเวฬุ,220212
22120,จันทบุรี,ท่าใหม่,ท่าใหม่,220301
22120,จันทบุรี,ท่าใหม่,ยายร้า,220302
22120,จันทบุรี,ท่าใหม่,สีพยา,220303
22120,จันทบุรี,ท่าใหม่,บ่อพุ,220304
22120,จันทบุรี,ท่าใหม่,พลอยแหวน,220305
22120,จันทบุรี,ท่าใหม่,เขาวัว,220306
22120,จันทบุรี,ท่าใหม่,เขาบายศรี,220307
22120,จันทบุรี,ท่าใหม่,สองพี่น้อง,220308
22170,จันทบุรี,ท่าใหม่,ทุ่งเบญจา,220309
22170,จันทบุรี,ท่าใหม่,รำพัน,220311
22170,จันทบุรี,ท่าใหม่,โขมง,220312
22120,จันทบุรี,ท่าใหม่,ตะกาดเง้า,220313
22120,จันทบุรี,ท่าใหม่,คลองขุด,220314
22170,จันทบุรี,ท่าใหม่,เขาแก้ว,220324
22140,จันทบุรี,โป่งน้ำร้อน,ทับไทร,220401
22140,จันทบุรี,โป่งน้ำร้อน,โป่งน้ำร้อน,220402
22140,จันทบุรี,โป่งน้ำร้อน,หนองตาคง,220404
22140,จันทบุรี,โป่งน้ำร้อน,เทพนิมิต,220409
22140,จันทบุรี,โป่งน้ำร้อน,คลองใหญ่,220410
22150,จันทบุรี,มะขาม,มะขาม,220501
22150,จันทบุรี,มะขาม,ท่าหลวง,220502
22150,จันทบุรี,มะขาม,ปัถวี,220503
22150,จันทบุรี,มะขาม,วังแซ้ม,220504
22150,จันทบุรี,มะขาม,ฉมัน,220506
22150,จันทบุรี,มะขาม,อ่างคีรี,220508
22130,จันทบุรี,แหลมสิงห์,ปากน้ำแหลมสิงห์,220601
22130,จันทบุรี,แหลมสิงห์,เกาะเปริด,220602
22130,จันทบุรี,แหลมสิงห์,หนองชิ่ม,220603
22190,จันทบุรี,แหลมสิงห์,พลิ้ว,220604
22190,จันทบุรี,แหลมสิงห์,คลองน้ำเค็ม,220605
22190,จันทบุรี,แหลมสิงห์,บางสระเก้า,220606
22120,จันทบุรี,แหลมสิงห์,บางกะไชย,220607
22180,จันทบุรี,สอยดาว,ปะตง,220701
22180,จันทบุรี,สอยดาว,ทุ่งขนาน,220702
22180,จันทบุรี,สอยดาว,ทับช้าง,220703
22180,จันทบุรี,สอยดาว,ทรายขาว,220704
22180,จันทบุรี,สอยดาว,สะตอน,220705
22160,จันทบุรี,แก่งหางแมว,แก่งหางแมว,220801
22160,จันทบุรี,แก่งหางแมว,ขุนซ่อง,220802
22160,จันทบุรี,แก่งหางแมว,สามพี่น้อง,220803
22160,จันทบุรี,แก่งหางแมว,พวา,220804
22160,จันทบุรี,แก่งหางแมว,เขาวงกต,220805
22160,จันทบุรี,นายายอาม,นายายอาม,220901
22170,จันทบุรี,นายายอาม,วังโตนด,220902
22170,จันทบุรี,นายายอาม,กระแจะ,220903
22170,จันทบุรี,นายายอาม,สนามไชย,220904
22160,จันทบุรี,นายายอาม,ช้างข้าม,220905
22170,จันทบุรี,นายายอาม,วังใหม่,220906
22210,จันทบุรี,เขาคิชฌกูฏ,ชากไทย,221001
22210,จันทบุรี,เขาคิชฌกูฏ,พลวง,221002
22210,จันทบุรี,เขาคิชฌกูฏ,ตะเคียนทอง,221003
22210,จันทบุรี,เขาคิชฌกูฏ,คลองพลู,221004
22210,จันทบุรี,เขาคิชฌกูฏ,จันทเขลม,221005
23000,ตราด,เมืองตราด,บางพระ,230101
23000,ตราด,เมืองตราด,หนองเสม็ด,230102
23000,ตราด,เมืองตราด,หนองโสน,230103
23000,ตราด,เมืองตราด,หนองคันทรง,230104
23000,ตราด,เมืองตราด,ห้วงน้ำขาว,230105
23000,ตราด,เมืองตราด,อ่าวใหญ่,230106
23000,ตราด,เมืองตราด,วังกระแจะ,230107
23000,ตราด,เมืองตราด,ห้วยแร้ง,230108
23000,ตราด,เมืองตราด,เนินทราย,230109
23000,ตราด,เมืองตราด,ท่าพริก,230110
23000,ตราด,เมืองตราด,ท่ากุ่ม,230111
23000,ตราด,เมืองตราด,ตะกาง,230112
23000,ตราด,เมืองตราด,ชำราก,230113
23000,ตราด,เมืองตราด,แหลมกลัด,230114
23110,ตราด,คลองใหญ่,คลองใหญ่,230201
23110,ตราด,คลองใหญ่,ไม้รูด,230202
23110,ตราด,คลองใหญ่,หาดเล็ก,230203
23130,ตราด,เขาสมิง,เขาสมิง,230301
23150,ตราด,เขาสมิง,แสนตุ้ง,230302
23130,ตราด,เขาสมิง,วังตะเคียน,230303
23150,ตราด,เขาสมิง,ท่าโสม,230304
23150,ตราด,เขาสมิง,สะตอ,230305
23150,ตราด,เขาสมิง,ประณีต,230306
23150,ตราด,เขาสมิง,เทพนิมิต,230307
23130,ตราด,เขาสมิง,ทุ่งนนทรี,230308
23140,ตราด,บ่อไร่,บ่อพลอย,230401
23140,ตราด,บ่อไร่,ช้างทูน,230402
23140,ตราด,บ่อไร่,ด่านชุมพล,230403
23140,ตราด,บ่อไร่,หนองบอน,230404
23140,ตราด,บ่อไร่,นนทรีย์,230405
23120,ตราด,แหลมงอบ,แหลมงอบ,230501
23120,ตราด,แหลมงอบ,น้ำเชี่ยว,230502
23120,ตราด,แหลมงอบ,บางปิด,230503
23120,ตราด,แหลมงอบ,คลองใหญ่,230507
23000,ตราด,เกาะกูด,เกาะหมาก,230601
23000,ตราด,เกาะกูด,เกาะกูด,230602
23170,ตราด,เกาะช้าง,เกาะช้าง,230701
23170,ตราด,เกาะช้าง,เกาะช้างใต้,230702
24000,ฉะเชิงเทรา,เมืองฉะเชิงเทรา,หน้าเมือง,240101
24000,ฉะเชิงเทรา,เมืองฉะเชิงเทรา,ท่าไข่,240102
24000,ฉะเชิงเทรา,เมืองฉะเชิงเทรา,บ้านใหม่,240103
24000,ฉะเชิงเทรา,เมืองฉะเชิงเทรา,คลองนา,240104
24000,ฉะเชิงเทรา,เมืองฉะเชิงเทรา,บางตีนเป็ด,240105
24000,ฉะเชิงเทรา,เมืองฉะเชิงเทรา,บางไผ่,240106
24000,ฉะเชิงเทรา,เมืองฉะเชิงเทรา,คลองจุกกระเฌอ,240107
24000,ฉะเชิงเทรา,เมืองฉะเชิงเทรา,บางแก้ว,240108
24000,ฉะเชิงเทรา,เมืองฉะเชิงเทรา,บางขวัญ,240109
24000,ฉะเชิงเทรา,เมืองฉะเชิงเทรา,คลองนครเนื่องเขต,240110
24000,ฉะเชิงเทรา,เมืองฉะเชิงเทรา,วังตะเคียน,240111
24000,ฉะเชิงเทรา,เมืองฉะเชิงเทรา,โสธร,240112
24000,ฉะเชิงเทรา,เมืองฉะเชิงเทรา,บางพระ,240113
24000,ฉะเชิงเทรา,เมืองฉะเชิงเทรา,บางกะไห,240114
24000,ฉะเชิงเทรา,เมืองฉะเชิงเทรา,หนามแดง,240115
24000,ฉะเชิงเทรา,เมืองฉะเชิงเทรา,คลองเปรง,240116
24000,ฉะเชิงเทรา,เมืองฉะเชิงเทรา,คลองอุดมชลจร,240117
24000,ฉะเชิงเทรา,เมืองฉะเชิงเทรา,คลองหลวงแพ่ง,240118
24000,ฉะเชิงเทรา,เมืองฉะเชิงเทรา,บางเตย,240119
24110,ฉะเชิงเทรา,บางคล้า,บางคล้า,240201
24110,ฉะเชิงเทรา,บางคล้า,บางสวน,240204
24110,ฉะเชิงเทรา,บางคล้า,บางกระเจ็ด,240208
24110,ฉะเชิงเทรา,บางคล้า,ปากน้ำ,240209
24110,ฉะเชิงเทรา,บางคล้า,ท่าทองหลาง,240210
24110,ฉะเชิงเทรา,บางคล้า,สาวชะโงก,240211
24110,ฉะเชิงเทรา,บางคล้า,เสม็ดเหนือ,240212
24110,ฉะเชิงเทรา,บางคล้า,เสม็ดใต้,240213
24110,ฉะเชิงเทรา,บางคล้า,หัวไทร,240214
24150,ฉะเชิงเทรา,บางน้ำเปรี้ยว,บางน้ำเปรี้ยว,240301
24150,ฉะเชิงเทรา,บางน้ำเปรี้ยว,บางขนาก,240302
24150,ฉะเชิงเทรา,บางน้ำเปรี้ยว,สิงโตทอง,240303
24150,ฉะเชิงเทรา,บางน้ำเปรี้ยว,หมอนทอง,240304
24170,ฉะเชิงเทรา,บางน้ำเปรี้ยว,บึงน้ำรักษ์,240305
24170,ฉะเชิงเทรา,บางน้ำเปรี้ยว,ดอนเกาะกา,240306
24150,ฉะเชิงเทรา,บางน้ำเปรี้ยว,โยธะกา,240307
24170,ฉะเชิงเทรา,บางน้ำเปรี้ยว,ดอนฉิมพลี,240308
24000,ฉะเชิงเทรา,บางน้ำเปรี้ยว,ศาลาแดง,240309
24150,ฉะเชิงเทรา,บางน้ำเปรี้ยว,โพรงอากาศ,240310
24130,ฉะเชิงเทรา,บางปะกง,บางปะกง,240401
24130,ฉะเชิงเทรา,บางปะกง,ท่าสะอ้าน,240402
24180,ฉะเชิงเทรา,บางปะกง,บางวัว,240403
24180,ฉะเชิงเทรา,บางปะกง,บางสมัคร,240404
24130,ฉะเชิงเทรา,บางปะกง,บางผึ้ง,240405
24180,ฉะเชิงเทรา,บางปะกง,บางเกลือ,240406
24130,ฉะเชิงเทรา,บางปะกง,สองคลอง,240407
24130,ฉะเชิงเทรา,บางปะกง,หนองจอก,240408
24130,ฉะเชิงเทรา,บางปะกง,พิมพา,240409
24130,ฉะเชิงเทรา,บางปะกง,ท่าข้าม,240410
24180,ฉะเชิงเทรา,บางปะกง,หอมศีล,240411
24130,ฉะเชิงเทรา,บางปะกง,เขาดิน,240412
24140,ฉะเชิงเทรา,บ้านโพธิ์,บ้านโพธิ์,240501
24140,ฉะเชิงเทรา,บ้านโพธิ์,เกาะไร่,240502
24140,ฉะเชิงเทรา,บ้านโพธิ์,คลองขุด,240503
24140,ฉะเชิงเทรา,บ้านโพธิ์,คลองบ้านโพธิ์,240504
24140,ฉะเชิงเทรา,บ้านโพธิ์,คลองประเวศ,240505
24140,ฉะเชิงเทรา,บ้านโพธิ์,ดอนทราย,240506
24140,ฉะเชิงเทรา,บ้านโพธิ์,เทพราช,240507
24140,ฉะเชิงเทรา,บ้านโพธิ์,ท่าพลับ,240508
24140,ฉะเชิงเทรา,บ้านโพธิ์,หนองตีนนก,240509
24140,ฉะเชิงเทรา,บ้านโพธิ์,หนองบัว,240510
24140,ฉะเชิงเทรา,บ้านโพธิ์,บางซ่อน,240511
24140,ฉะเชิงเทรา,บ้านโพธิ์,บางกรูด,240512
24140,ฉะเชิงเทรา,บ้านโพธิ์,แหลมประดู่,240513
24140,ฉะเชิงเทรา,บ้านโพธิ์,ลาดขวาง,240514
24140,ฉะเชิงเทรา,บ้านโพธิ์,สนามจันทร์,240515
24140,ฉะเชิงเทรา,บ้านโพธิ์,แสนภูดาษ,240516
24140,ฉะเชิงเทรา,บ้านโพธิ์,สิบเอ็ดศอก,240517
24120,ฉะเชิงเทรา,พนมสารคาม,เกาะขนุน,240601
24120,ฉะเชิงเทรา,พนมสารคาม,บ้านซ่อง,240602
24120,ฉะเชิงเทรา,พนมสารคาม,พนมสารคาม,240603
24120,ฉะเชิงเทรา,พนมสารคาม,เมืองเก่า,240604
24120,ฉะเชิงเทรา,พนมสารคาม,หนองยาว,240605
24120,ฉะเชิงเทรา,พนมสารคาม,ท่าถ่าน,240606
24120,ฉะเชิงเทรา,พนมสารคาม,หนองแหน,240607
24120,ฉะเชิงเทรา,พนมสารคาม,เขาหินซ้อน,240608
24120,ฉะเชิงเทรา,ราชสาส์น,บางคา,240701
24120,ฉะเชิงเทรา,ราชสาส์น,เมืองใหม่,240702
24120,ฉะเชิงเทรา,ราชสาส์น,ดงน้อย,240703
24160,ฉะเชิงเทรา,สนามชัยเขต,คู้ยายหมี,240801
24160,ฉะเชิงเทรา,สนามชัยเขต,ท่ากระดาน,240802
24160,ฉะเชิงเทรา,สนามชัยเขต,ทุ่งพระยา,240803
24160,ฉะเชิงเทรา,สนามชัยเขต,ลาดกระทิง,240805
24190,ฉะเชิงเทรา,แปลงยาว,แปลงยาว,240901
24190,ฉะเชิงเทรา,แปลงยาว,วังเย็น,240902
24190,ฉะเชิงเทรา,แปลงยาว,หัวสำโรง,240903
24190,ฉะเชิงเทรา,แปลงยาว,หนองไม้แก่น,240904
24160,ฉะเชิงเทรา,ท่าตะเกียบ,ท่าตะเกียบ,241001
24160,ฉะเชิงเทรา,ท่าตะเกียบ,คลองตะเกรา,241002
24000,ฉะเชิงเทรา,คลองเขื่อน,ก้อนแก้ว,241101
24000,ฉะเชิงเทรา,คลองเขื่อน,คลองเขื่อน,241102
24000,ฉะเชิงเทรา,คลองเขื่อน,บางเล่า,241103
24000,ฉะเชิงเทรา,คลองเขื่อน,บางโรง,241104
24110,ฉะเชิงเทรา,คลองเขื่อน,บางตลาด,241105
25000,ปราจีนบุรี,เมืองปราจีนบุรี,หน้าเมือง,250101
25000,ปราจีนบุรี,เมืองปราจีนบุรี,รอบเมือง,250102
25000,ปราจีนบุรี,เมืองปราจีนบุรี,วัดโบสถ์,250103
25000,ปราจีนบุรี,เมืองปราจีนบุรี,บางเดชะ,250104
25000,ปราจีนบุรี,เมืองปราจีนบุรี,ท่างาม,250105
25000,ปราจีนบุรี,เมืองปราจีนบุรี,บางบริบูรณ์,250106
25000,ปราจีนบุรี,เมืองปราจีนบุรี,ดงพระราม,250107
25230,ปราจีนบุรี,เมืองปราจีนบุรี,บ้านพระ,250108
25230,ปราจีนบุรี,เมืองปราจีนบุรี,โคกไม้ลาย,250109
25230,ปราจีนบุรี,เมืองปราจีนบุรี,ไม้เค็ด,250110
25000,ปราจีนบุรี,เมืองปราจีนบุรี,ดงขี้เหล็ก,250111
25230,ปราจีนบุรี,เมืองปราจีนบุรี,เนินหอม,250112
25000,ปราจีนบุรี,เมืองปราจีนบุรี,โนนห้อม,250113
25110,ปราจีนบุรี,กบินทร์บุรี,กบินทร์,250201
25240,ปราจีนบุรี,กบินทร์บุรี,เมืองเก่า,250202
25110,ปราจีนบุรี,กบินทร์บุรี,วังดาล,250203
25110,ปราจีนบุรี,กบินทร์บุรี,นนทรี,250204
25110,ปราจีนบุรี,กบินทร์บุรี,ย่านรี,250205
25110,ปราจีนบุรี,กบินทร์บุรี,วังตะเคียน,250206
25110,ปราจีนบุรี,กบินทร์บุรี,หาดนางแก้ว,250207
25110,ปราจีนบุรี,กบินทร์บุรี,ลาดตะเคียน,250208
25110,ปราจีนบุรี,กบินทร์บุรี,บ้านนา,250209
25110,ปราจีนบุรี,กบินทร์บุรี,บ่อทอง,250210
25110,ปราจีนบุรี,กบินทร์บุรี,หนองกี่,250211
25110,ปราจีนบุรี,กบินทร์บุรี,นาแขม,250212
25110,ปราจีนบุรี,กบินทร์บุรี,เขาไม้แก้ว,250213
25110,ปราจีนบุรี,กบินทร์บุรี,วังท่าช้าง,250214
25220,ปราจีนบุรี,นาดี,นาดี,250301
25220,ปราจีนบุรี,นาดี,สำพันตา,250302
25220,ปราจีนบุรี,นาดี,สะพานหิน,250303
25220,ปราจีนบุรี,นาดี,ทุ่งโพธิ์,250304
25220,ปราจีนบุรี,นาดี,แก่งดินสอ,250305
25220,ปราจีนบุรี,นาดี,บุพราหมณ์,250306
25150,ปราจีนบุรี,บ้านสร้าง,บ้านสร้าง,250601
25150,ปราจีนบุรี,บ้านสร้าง,บางกระเบา,250602
25150,ปราจีนบุรี,บ้านสร้าง,บางเตย,250603
25150,ปราจีนบุรี,บ้านสร้าง,บางยาง,250604
25150,ปราจีนบุรี,บ้านสร้าง,บางแตน,250605
25150,ปราจีนบุรี,บ้านสร้าง,บางพลวง,250606
25150,ปราจีนบุรี,บ้านสร้าง,บางปลาร้า,250607
25150,ปราจีนบุรี,บ้านสร้าง,บางขาม,250608
25150,ปราจีนบุรี,บ้านสร้าง,กระทุ่มแพ้ว,250609
25130,ปราจีนบุรี,ประจันตคาม,ประจันตคาม,250701
25130,ปราจีนบุรี,ประจันตคาม,เกาะลอย,250702
25130,ปราจีนบุรี,ประจันตคาม,บ้านหอย,250703
25130,ปราจีนบุรี,ประจันตคาม,หนองแสง,250704
25130,ปราจีนบุรี,ประจันตคาม,ดงบัง,250705
25130,ปราจีนบุรี,ประจันตคาม,คำโตนด,250706
25130,ปราจีนบุรี,ประจันตคาม,บุฝ้าย,250707
25130,ปราจีนบุรี,ประจันตคาม,หนองแก้ว,250708
25130,ปราจีนบุรี,ประจันตคาม,โพธิ์งาม,250709
25140,ปราจีนบุรี,ศรีมหาโพธิ,ศรีมหาโพธิ,250801
25140,ปราจีนบุรี,ศรีมหาโพธิ,สัมพันธ์,250802
25140,ปราจีนบุรี,ศรีมหาโพธิ,บ้านทาม,250803
25140,ปราจีนบุรี,ศรีมหาโพธิ,ท่าตูม,250804
25140,ปราจีนบุรี,ศรีมหาโพธิ,บางกุ้ง,250805
25140,ปราจีนบุรี,ศรีมหาโพธิ,ดงกระทงยาม,250806
25140,ปราจีนบุรี,ศรีมหาโพธิ,หนองโพรง,250807
25140,ปราจีนบุรี,ศรีมหาโพธิ,หัวหว้า,250808
25140,ปราจีนบุรี,ศรีมหาโพธิ,หาดยาง,250809
25140,ปราจีนบุรี,ศรีมหาโพธิ,กรอกสมบูรณ์,250810
25190,ปราจีนบุรี,ศรีมโหสถ,โคกปีบ,250901
25190,ปราจีนบุรี,ศรีมโหสถ,โคกไทย,250902
25190,ปราจีนบุรี,ศรีมโหสถ,คู้ลำพัน,250903
25190,ปราจีนบุรี,ศรีมโหสถ,ไผ่ชะเลือด,250904
26000,นครนายก,เมืองนครนายก,นครนายก,260101
26000,นครนายก,เมืองนครนายก,ท่าช้าง,260102
26000,นครนายก,เมืองนครนายก,บ้านใหญ่,260103
26000,นครนายก,เมืองนครนายก,วังกระโจม,260104
26000,นครนายก,เมืองนครนายก,ท่าทราย,260105
26000,นครนายก,เมืองนครนายก,ดอนยอ,260106
26000,นครนายก,เมืองนครนายก,ศรีจุฬา,260107
26000,นครนายก,เมืองนครนายก,ดงละคร,260108
26000,นครนายก,เมืองนครนายก,ศรีนาวา,260109
26000,นครนายก,เมืองนครนายก,สาริกา,260110
26000,นครนายก,เมืองนครนายก,หินตั้ง,260111
26000,นครนายก,เมืองนครนายก,เขาพระ,260112
26000,นครนายก,เมืองนครนายก,พรหมณี,260113
26130,นครนายก,ปากพลี,เกาะหวาย,260201
26130,นครนายก,ปากพลี,เกาะโพธิ์,260202
26130,นครนายก,ปากพลี,ปากพลี,260203
26130,นครนายก,ปากพลี,โคกกรวด,260204
26130,นครนายก,ปากพลี,ท่าเรือ,260205
26130,นครนายก,ปากพลี,หนองแสง,260206
26130,นครนายก,ปากพลี,นาหินลาด,260207
26110,นครนายก,บ้านนา,บ้านนา,260301
26110,นครนายก,บ้านนา,บ้านพร้าว,260302
26110,นครนายก,บ้านนา,บ้านพริก,260303
26110,นครนายก,บ้านนา,อาษา,260304
26110,นครนายก,บ้านนา,ทองหลาง,260305
26110,นครนายก,บ้านนา,บางอ้อ,260306
26110,นครนายก,บ้านนา,พิกุลออก,260307
26110,นครนายก,บ้านนา,ป่าขะ,260308
26110,นครนายก,บ้านนา,เขาเพิ่ม,260309
26110,นครนายก,บ้านนา,ศรีกะอาง,260310
26120,นครนายก,องครักษ์,พระอาจารย์,260401
26120,นครนายก,องครักษ์,บึงศาล,260402
26120,นครนายก,องครักษ์,ศีรษะกระบือ,260403
26120,นครนายก,องครักษ์,โพธิ์แทน,260404
26120,นครนายก,องครักษ์,บางสมบูรณ์,260405
26120,นครนายก,องครักษ์,ทรายมูล,260406
26120,นครนายก,องครักษ์,บางปลากด,260407
26120,นครนายก,องครักษ์,บางลูกเสือ,260408
26120,นครนายก,องครักษ์,องครักษ์,260409
26120,นครนายก,องครักษ์,ชุมพล,260410
26120,นครนายก,องครักษ์,คลองใหญ่,260411
27000,สระแก้ว,เมืองสระแก้ว,สระแก้ว,270101
27000,สระแก้ว,เมืองสระแก้ว,บ้านแก้ง,270102
27000,สระแก้ว,เมืองสระแก้ว,ศาลาลำดวน,270103
27000,สระแก้ว,เมืองสระแก้ว,โคกปี่ฆ้อง,270104
27000,สระแก้ว,เมืองสระแก้ว,ท่าแยก,270105
27000,สระแก้ว,เมืองสระแก้ว,ท่าเกษม,270106
27000,สระแก้ว,เมืองสระแก้ว,สระขวัญ,270108
27000,สระแก้ว,เมืองสระแก้ว,หนองบอน,270111
27260,สระแก้ว,คลองหาด,คลองหาด,270201
27260,สระแก้ว,คลองหาด,ไทยอุดม,270202
27260,สระแก้ว,คลองหาด,ซับมะกรูด,270203
27260,สระแก้ว,คลองหาด,ไทรเดี่ยว,270204
27260,สระแก้ว,คลองหาด,คลองไก่เถื่อน,270205
27260,สระแก้ว,คลองหาด,เบญจขร,270206
27260,สระแก้ว,คลองหาด,ไทรทอง,270207
27180,สระแก้ว,ตาพระยา,ตาพระยา,270301
27180,สระแก้ว,ตาพระยา,ทัพเสด็จ,270302
27180,สระแก้ว,ตาพระยา,ทัพราช,270306
27180,สระแก้ว,ตาพระยา,ทัพไทย,270307
27180,สระแก้ว,ตาพระยา,โคคลาน,270309
27210,สระแก้ว,วังน้ำเย็น,วังน้ำเย็น,270401
27210,สระแก้ว,วังน้ำเย็น,ตาหลังใน,270403
27210,สระแก้ว,วังน้ำเย็น,คลองหินปูน,270405
27210,สระแก้ว,วังน้ำเย็น,ทุ่งมหาเจริญ,270406
27160,สระแก้ว,วัฒนานคร,วัฒนานคร,270501
27160,สระแก้ว,วัฒนานคร,ท่าเกวียน,270502
27160,สระแก้ว,วัฒนานคร,ผักขะ,270503
27160,สระแก้ว,วัฒนานคร,โนนหมากเค็ง,270504
27160,สระแก้ว,วัฒนานคร,หนองน้ำใส,270505
27160,สระแก้ว,วัฒนานคร,ช่องกุ่ม,270506
27160,สระแก้ว,วัฒนานคร,หนองแวง,270507
27160,สระแก้ว,วัฒนานคร,แซร์ออ,270508
27160,สระแก้ว,วัฒนานคร,หนองหมากฝ้าย,270509
27160,สระแก้ว,วัฒนานคร,หนองตะเคียนบอน,270510
27160,สระแก้ว,วัฒนานคร,ห้วยโจด,270511
27120,สระแก้ว,อรัญประเทศ,อรัญประเทศ,270601
27120,สระแก้ว,อรัญประเทศ,เมืองไผ่,270602
27120,สระแก้ว,อรัญประเทศ,หันทราย,270603
27120,สระแก้ว,อรัญประเทศ,คลองน้ำใส,270604
27120,สระแก้ว,อรัญประเทศ,ท่าข้าม,270605
27120,สระแก้ว,อรัญประเทศ,ป่าไร่,270606
27120,สระแก้ว,อรัญประเทศ,ทับพริก,270607
27120,สระแก้ว,อรัญประเทศ,บ้านใหม่หนองไทร,270608
27120,สระแก้ว,อรัญประเทศ,ผ่านศึก,270609
27120,สระแก้ว,อรัญประเทศ,หนองสังข์,270610
27120,สระแก้ว,อรัญประเทศ,คลองทับจันทร์,270611
27120,สระแก้ว,อรัญประเทศ,ฟากห้วย,270612
27120,สระแก้ว,อรัญประเทศ,บ้านด่าน,270613
27000,สระแก้ว,เขาฉกรรจ์,เขาฉกรรจ์,270701
27000,สระแก้ว,เขาฉกรรจ์,หนองหว้า,270702
27000,สระแก้ว,เขาฉกรรจ์,พระเพลิง,270703
27000,สระแก้ว,เขาฉกรรจ์,เขาสามสิบ,270704
27120,สระแก้ว,โคกสูง,โคกสูง,270801
27180,สระแก้ว,โคกสูง,หนองม่วง,270802
27180,สระแก้ว,โคกสูง,หนองแวง,270803
27120,สระแก้ว,โคกสูง,โนนหมากมุ่น,270804
27250,สระแก้ว,วังสมบูรณ์,วังสมบูรณ์,270901
27250,สระแก้ว,วังสมบูรณ์,วังใหม่,270902
27250,สระแก้ว,วังสมบูรณ์,วังทอง,270903
30000,นครราชสีมา,เมืองนครราชสีมา,ในเมือง,300101
30000,นครราชสีมา,เมืองนครราชสีมา,โพธิ์กลาง,300102
30000,นครราชสีมา,เมืองนครราชสีมา,หนองจะบก,300103
30310,นครราชสีมา,เมืองนครราชสีมา,โคกสูง,300104
30000,นครราชสีมา,เมืองนครราชสีมา,มะเริง,300105
30000,นครราชสีมา,เมืองนครราชสีมา,หนองระเวียง,300106
30000,นครราชสีมา,เมืองนครราชสีมา,ปรุใหญ่,300107
30000,นครราชสีมา,เมืองนครราชสีมา,หมื่นไวย,300108
30000,นครราชสีมา,เมืองนครราชสีมา,พลกรัง,300109
30000,นครราชสีมา,เมืองนครราชสีมา,หนองไผ่ล้อม,300110
30000,นครราชสีมา,เมืองนครราชสีมา,หัวทะเล,300111
30000,นครราชสีมา,เมืองนครราชสีมา,บ้านเกาะ,300112
30000,นครราชสีมา,เมืองนครราชสีมา,บ้านใหม่,300113
30000,นครราชสีมา,เมืองนครราชสีมา,พุดซา,300114
30310,นครราชสีมา,เมืองนครราชสีมา,บ้านโพธิ์,300115
30310,นครราชสีมา,เมืองนครราชสีมา,จอหอ,300116
30280,นครราชสีมา,เมืองนครราชสีมา,โคกกรวด,300117
30000,นครราชสีมา,เมืองนครราชสีมา,ไชยมงคล,300118
30000,นครราชสีมา,เมืองนครราชสีมา,หนองบัวศาลา,300119
30000,นครราชสีมา,เมืองนครราชสีมา,สุรนารี,300120
30000,นครราชสีมา,เมืองนครราชสีมา,สีมุม,300121
30310,นครราชสีมา,เมืองนครราชสีมา,ตลาด,300122
30000,นครราชสีมา,เมืองนครราชสีมา,พะเนา,300123
30000,นครราชสีมา,เมืองนครราชสีมา,หนองกระทุ่ม,300124
30310,นครราชสีมา,เมืองนครราชสีมา,หนองไข่น้ำ,300125
30250,นครราชสีมา,ครบุรี,แชะ,300201
30250,นครราชสีมา,ครบุรี,เฉลียง,300202
30250,นครราชสีมา,ครบุรี,ครบุรี,300203
30250,นครราชสีมา,ครบุรี,โคกกระชาย,300204
30250,นครราชสีมา,ครบุรี,จระเข้หิน,300205
30250,นครราชสีมา,ครบุรี,มาบตะโกเอน,300206
30250,นครราชสีมา,ครบุรี,อรพิมพ์,300207
30250,นครราชสีมา,ครบุรี,บ้านใหม่,300208
30250,นครราชสีมา,ครบุรี,ลำเพียก,300209
30250,นครราชสีมา,ครบุรี,ครบุรีใต้,300210
30250,นครราชสีมา,ครบุรี,ตะแบกบาน,300211
30250,นครราชสีมา,ครบุรี,สระว่านพระยา,300212
30330,นครราชสีมา,เสิงสาง,เสิงสาง,300301
30330,นครราชสีมา,เสิงสาง,สระตะเคียน,300302
30330,นครราชสีมา,เสิงสาง,โนนสมบูรณ์,300303
30330,นครราชสีมา,เสิงสาง,กุดโบสถ์,300304
30330,นครราชสีมา,เสิงสาง,สุขไพบูลย์,300305
30330,นครราชสีมา,เสิงสาง,บ้านราษฎร์,300306
30260,นครราชสีมา,คง,เมืองคง,300401
30260,นครราชสีมา,คง,คูขาด,300402
30260,นครราชสีมา,คง,เทพาลัย,300403
30260,นครราชสีมา,คง,ตาจั่น,300404
30260,นครราชสีมา,คง,บ้านปรางค์,300405
30260,นครราชสีมา,คง,หนองมะนาว,300406
30260,นครราชสีมา,คง,หนองบัว,300407
30260,นครราชสีมา,คง,โนนเต็ง,300408
30260,นครราชสีมา,คง,ดอนใหญ่,300409
30260,นครราชสีมา,คง,ขามสมบูรณ์,300410
30350,นครราชสีมา,บ้านเหลื่อม,บ้านเหลื่อม,300501
30350,นครราชสีมา,บ้านเหลื่อม,วังโพธิ์,300502
30350,นครราชสีมา,บ้านเหลื่อม,โคกกระเบื้อง,300503
30350,นครราชสีมา,บ้านเหลื่อม,ช่อระกา,300504
30230,นครราชสีมา,จักราช,จักราช,300601
30230,นครราชสีมา,จักราช,ทองหลาง,300603
30230,นครราชสีมา,จักราช,สีสุก,300604
30230,นครราชสีมา,จักราช,หนองขาม,300605
30230,นครราชสีมา,จักราช,หนองพลวง,300607
30230,นครราชสีมา,จักราช,ศรีละกอ,300610
30230,นครราชสีมา,จักราช,คลองเมือง,300611
30230,นครราชสีมา,จักราช,หินโคน,300613
30190,นครราชสีมา,โชคชัย,กระโทก,300701
30190,นครราชสีมา,โชคชัย,พลับพลา,300702
30190,นครราชสีมา,โชคชัย,ท่าอ่าง,300703
30190,นครราชสีมา,โชคชัย,ทุ่งอรุณ,300704
30190,นครราชสีมา,โชคชัย,ท่าลาดขาว,300705
30190,นครราชสีมา,โชคชัย,ท่าจะหลุง,300706
30190,นครราชสีมา,โชคชัย,ท่าเยี่ยม,300707
30190,นครราชสีมา,โชคชัย,โชคชัย,300708
30190,นครราชสีมา,โชคชัย,ละลมใหม่พัฒนา,300709
30190,นครราชสีมา,โชคชัย,ด่านเกวียน,300710
30210,นครราชสีมา,ด่านขุนทด,กุดพิมาน,300801
30210,นครราชสีมา,ด่านขุนทด,ด่านขุนทด,300802
30210,นครราชสีมา,ด่านขุนทด,ด่านนอก,300803
30210,นครราชสีมา,ด่านขุนทด,ด่านใน,300804
30210,นครราชสีมา,ด่านขุนทด,ตะเคียน,300805
30210,นครราชสีมา,ด่านขุนทด,บ้านเก่า,300806
36220,นครราชสีมา,ด่านขุนทด,บ้านแปรง,300807
30210,นครราชสีมา,ด่านขุนทด,พันชนะ,300808
30210,นครราชสีมา,ด่านขุนทด,สระจรเข้,300809
30210,นครราชสีมา,ด่านขุนทด,หนองกราด,300810
30210,นครราชสีมา,ด่านขุนทด,หนองบัวตะเกียด,300811
30210,นครราชสีมา,ด่านขุนทด,หนองบัวละคร,300812
30210,นครราชสีมา,ด่านขุนทด,หินดาด,300813
30210,นครราชสีมา,ด่านขุนทด,ห้วยบง,300815
30210,นครราชสีมา,ด่านขุนทด,โนนเมืองพัฒนา,300817
36220,นครราชสีมา,ด่านขุนทด,หนองไทร,300818
30220,นครราชสีมา,โนนไทย,โนนไทย,300901
30220,นครราชสีมา,โนนไทย,ด่านจาก,300902
30220,นครราชสีมา,โนนไทย,กำปัง,300903
30220,นครราชสีมา,โนนไทย,สำโรง,300904
30220,นครราชสีมา,โนนไทย,ค้างพลู,300905
30220,นครราชสีมา,โนนไทย,บ้านวัง,300906
30220,นครราชสีมา,โนนไทย,บัลลังก์,300907
30220,นครราชสีมา,โนนไทย,สายออ,300908
30220,นครราชสีมา,โนนไทย,ถนนโพธิ์,300909
30220,นครราชสีมา,โนนไทย,มะค่า,300914
30160,นครราชสีมา,โนนสูง,โนนสูง,301001
30160,นครราชสีมา,โนนสูง,ใหม่,301002
30160,นครราชสีมา,โนนสูง,โตนด,301003
30160,นครราชสีมา,โนนสูง,บิง,301004
30160,นครราชสีมา,โนนสูง,ดอนชมพู,301005
30240,นครราชสีมา,โนนสูง,ธารปราสาท,301006
30160,นครราชสีมา,โนนสูง,หลุมข้าว,301007
30160,นครราชสีมา,โนนสูง,มะค่า,301008
30160,นครราชสีมา,โนนสูง,พลสงคราม,301009
30160,นครราชสีมา,โนนสูง,จันอัด,301010
30160,นครราชสีมา,โนนสูง,ขามเฒ่า,301011
30160,นครราชสีมา,โนนสูง,ด่านคล้า,301012
30160,นครราชสีมา,โนนสูง,ลำคอหงษ์,301013
30160,นครราชสีมา,โนนสูง,เมืองปราสาท,301014
30160,นครราชสีมา,โนนสูง,ดอนหวาย,301015
30160,นครราชสีมา,โนนสูง,ลำมูล,301016
30290,นครราชสีมา,ขามสะแกแสง,ขามสะแกแสง,301101
30290,นครราชสีมา,ขามสะแกแสง,โนนเมือง,301102
30290,นครราชสีมา,ขามสะแกแสง,เมืองนาท,301103
30290,นครราชสีมา,ขามสะแกแสง,ชีวึก,301104
30290,นครราชสีมา,ขามสะแกแสง,พะงาด,301105
30290,นครราชสีมา,ขามสะแกแสง,หนองหัวฟาน,301106
30290,นครราชสีมา,ขามสะแกแสง,เมืองเกษตร,301107
30120,นครราชสีมา,บัวใหญ่,บัวใหญ่,301201
30120,นครราชสีมา,บัวใหญ่,ห้วยยาง,301203
30120,นครราชสีมา,บัวใหญ่,เสมาใหญ่,301204
30120,นครราชสีมา,บัวใหญ่,ดอนตะหนิน,301206
30120,นครราชสีมา,บัวใหญ่,หนองบัวสะอาด,301207
30120,นครราชสีมา,บัวใหญ่,โนนทองหลาง,301208
30120,นครราชสีมา,บัวใหญ่,กุดจอก,301214
30120,นครราชสีมา,บัวใหญ่,ด่านช้าง,301215
30120,นครราชสีมา,บัวใหญ่,ขุนทอง,301220
30120,นครราชสีมา,บัวใหญ่,หนองแจ้งใหญ่,301224
30180,นครราชสีมา,ประทาย,ประทาย,301301
30180,นครราชสีมา,ประทาย,กระทุ่มราย,301303
30180,นครราชสีมา,ประทาย,วังไม้แดง,301304
30180,นครราชสีมา,ประทาย,ตลาดไทร,301306
30180,นครราชสีมา,ประทาย,หนองพลวง,301307
30180,นครราชสีมา,ประทาย,หนองค่าย,301308
30180,นครราชสีมา,ประทาย,หันห้วยทราย,301309
30180,นครราชสีมา,ประทาย,ดอนมัน,301310
30180,นครราชสีมา,ประทาย,นางรำ,301313
30180,นครราชสีมา,ประทาย,โนนเพ็ด,301314
30180,นครราชสีมา,ประทาย,ทุ่งสว่าง,301315
30180,นครราชสีมา,ประทาย,โคกกลาง,301317
30180,นครราชสีมา,ประทาย,เมืองโดน,301318
30150,นครราชสีมา,ปักธงชัย,เมืองปัก,301401
30150,นครราชสีมา,ปักธงชัย,ตะคุ,301402
30150,นครราชสีมา,ปักธงชัย,โคกไทย,301403
30150,นครราชสีมา,ปักธงชัย,สำโรง,301404
30150,นครราชสีมา,ปักธงชัย,ตะขบ,301405
30150,นครราชสีมา,ปักธงชัย,นกออก,301406
30150,นครราชสีมา,ปักธงชัย,ดอน,301407
30150,นครราชสีมา,ปักธงชัย,ตูม,301409
30150,นครราชสีมา,ปักธงชัย,งิ้ว,301410
30150,นครราชสีมา,ปักธงชัย,สะแกราช,301411
30150,นครราชสีมา,ปักธงชัย,ลำนางแก้ว,301412
30150,นครราชสีมา,ปักธงชัย,ภูหลวง,301416
30150,นครราชสีมา,ปักธงชัย,ธงชัยหนือ,301417
30150,นครราชสีมา,ปักธงชัย,สุขเกษม,301418
30150,นครราชสีมา,ปักธงชัย,เกษมทรัพย์,301419
30150,นครราชสีมา,ปักธงชัย,บ่อปลาทอง,301420
30110,นครราชสีมา,พิมาย,ในเมือง,301501
30110,นครราชสีมา,พิมาย,สัมฤทธิ์,301502
30110,นครราชสีมา,พิมาย,โบสถ์,301503
30110,นครราชสีมา,พิมาย,กระเบื้องใหญ่,301504
30110,นครราชสีมา,พิมาย,ท่าหลวง,301505
30110,นครราชสีมา,พิมาย,รังกาใหญ่,301506
30110,นครราชสีมา,พิมาย,ชีวาน,301507
30110,นครราชสีมา,พิมาย,นิคมสร้างตนเอง,301508
30110,นครราชสีมา,พิมาย,กระชอน,301509
30110,นครราชสีมา,พิมาย,ดงใหญ่,301510
30110,นครราชสีมา,พิมาย,ธารละหลอด,301511
30110,นครราชสีมา,พิมาย,หนองระเวียง,301512
30240,นครราชสีมา,ห้วยแถลง,ห้วยแถลง,301601
30240,นครราชสีมา,ห้วยแถลง,ทับสวาย,301602
30240,นครราชสีมา,ห้วยแถลง,เมืองพลับพลา,301603
30240,นครราชสีมา,ห้วยแถลง,หลุ่งตะเคียน,301604
30240,นครราชสีมา,ห้วยแถลง,หินดาด,301605
30240,นครราชสีมา,ห้วยแถลง,งิ้ว,301606
30240,นครราชสีมา,ห้วยแถลง,กงรถ,301607
30240,นครราชสีมา,ห้วยแถลง,หลุ่งประดู่,301608
30240,นครราชสีมา,ห้วยแถลง,ตะโก,301609
30240,นครราชสีมา,ห้วยแถลง,ห้วยแคน,301610
30270,นครราชสีมา,ชุมพวง,ชุมพวง,301701
30270,นครราชสีมา,ชุมพวง,ประสุข,301702
30270,นครราชสีมา,ชุมพวง,ท่าลาด,301703
30270,นครราชสีมา,ชุมพวง,สาหร่าย,301704
30270,นครราชสีมา,ชุมพวง,ตลาดไทร,301705
30270,นครราชสีมา,ชุมพวง,โนนรัง,301710
30270,นครราชสีมา,ชุมพวง,หนองหลัก,301714
30270,นครราชสีมา,ชุมพวง,โนนตูม,301716
30270,นครราชสีมา,ชุมพวง,โนนยอ,301717
30170,นครราชสีมา,สูงเนิน,สูงเนิน,301801
30170,นครราชสีมา,สูงเนิน,เสมา,301802
30170,นครราชสีมา,สูงเนิน,โคราช,301803
30170,นครราชสีมา,สูงเนิน,บุ่งขี้เหล็ก,301804
30170,นครราชสีมา,สูงเนิน,โนนค่า,301805
30170,นครราชสีมา,สูงเนิน,โค้งยาง,301806
30170,นครราชสีมา,สูงเนิน,มะเกลือเก่า,301807
30170,นครราชสีมา,สูงเนิน,มะเกลือใหม่,301808
30380,นครราชสีมา,สูงเนิน,นากลาง,301809
30380,นครราชสีมา,สูงเนิน,หนองตะไก้,301810
30380,นครราชสีมา,สูงเนิน,กุดจิก,301811
30280,นครราชสีมา,ขามทะเลสอ,ขามทะเลสอ,301901
30280,นครราชสีมา,ขามทะเลสอ,โป่งแดง,301902
30280,นครราชสีมา,ขามทะเลสอ,พันดุง,301903
30280,นครราชสีมา,ขามทะเลสอ,หนองสรวง,301904
30280,นครราชสีมา,ขามทะเลสอ,บึงอ้อ,301905
30140,นครราชสีมา,สีคิ้ว,สีคิ้ว,302001
30140,นครราชสีมา,สีคิ้ว,บ้านหัน,302002
30140,นครราชสีมา,สีคิ้ว,กฤษณา,302003
30340,นครราชสีมา,สีคิ้ว,ลาดบัวขาว,302004
30140,นครราชสีมา,สีคิ้ว,หนองหญ้าขาว,302005
30140,นครราชสีมา,สีคิ้ว,กุดน้อย,302006
30140,นครราชสีมา,สีคิ้ว,หนองน้ำใส,302007
30140,นครราชสีมา,สีคิ้ว,วังโรงใหญ่,302008
30140,นครราชสีมา,สีคิ้ว,มิตรภาพ,302009
30340,นครราชสีมา,สีคิ้ว,คลองไผ่,302010
30140,นครราชสีมา,สีคิ้ว,ดอนเมือง,302011
30140,นครราชสีมา,สีคิ้ว,หนองบัวน้อย,302012
30130,นครราชสีมา,ปากช่อง,ปากช่อง,302101
30320,นครราชสีมา,ปากช่อง,กลางดง,302102
30130,นครราชสีมา,ปากช่อง,จันทึก,302103
30130,นครราชสีมา,ปากช่อง,วังกะทะ,302104
30130,นครราชสีมา,ปากช่อง,หมูสี,302105
30130,นครราชสีมา,ปากช่อง,หนองสาหร่าย,302106
30130,นครราชสีมา,ปากช่อง,ขนงพระ,302107
30130,นครราชสีมา,ปากช่อง,โป่งตาลอง,302108
30130,นครราชสีมา,ปากช่อง,คลองม่วง,302109
30130,นครราชสีมา,ปากช่อง,หนองน้ำแดง,302110
30130,นครราชสีมา,ปากช่อง,วังไทร,302111
30320,นครราชสีมา,ปากช่อง,พญาเย็น,302112
30410,นครราชสีมา,หนองบุญมาก,หนองบุนนาก,302201
30410,นครราชสีมา,หนองบุญมาก,สารภี,302202
30410,นครราชสีมา,หนองบุญมาก,ไทยเจริญ,302203
30410,นครราชสีมา,หนองบุญมาก,หนองหัวแรต,302204
30410,นครราชสีมา,หนองบุญมาก,แหลมทอง,302205
30410,นครราชสีมา,หนองบุญมาก,หนองตะไก้,302206
30410,นครราชสีมา,หนองบุญมาก,ลุงเขว้า,302207
30410,นครราชสีมา,หนองบุญมาก,หนองไม้ไผ่,302208
30410,นครราชสีมา,หนองบุญมาก,บ้านใหม่,302209
30440,นครราชสีมา,แก้งสนามนาง,แก้งสนามนาง,302301
30440,นครราชสีมา,แก้งสนามนาง,โนนสำราญ,302302
30440,นครราชสีมา,แก้งสนามนาง,บึงพะไล,302303
30440,นครราชสีมา,แก้งสนามนาง,สีสุก,302304
30440,นครราชสีมา,แก้งสนามนาง,บึงสำโรง,302305
30360,นครราชสีมา,โนนแดง,โนนแดง,302401
30360,นครราชสีมา,โนนแดง,โนนตาเถร,302402
30360,นครราชสีมา,โนนแดง,สำพะเนียง,302403
30360,นครราชสีมา,โนนแดง,วังหิน,302404
30360,นครราชสีมา,โนนแดง,ดอนยาวใหญ่,302405
30370,นครราชสีมา,วังน้ำเขียว,วังน้ำเขียว,302501
30370,นครราชสีมา,วังน้ำเขียว,วังหมี,302502
30150,นครราชสีมา,วังน้ำเขียว,ระเริง,302503
30370,นครราชสีมา,วังน้ำเขียว,อุดมทรัพย์,302504
30370,นครราชสีมา,วังน้ำเขียว,ไทยสามัคคี,302505
30210,นครราชสีมา,เทพารักษ์,สำนักตะคร้อ,302601
30210,นครราชสีมา,เทพารักษ์,หนองแวง,302602
30210,นครราชสีมา,เทพารักษ์,บึงปรือ,302603
30210,นครราชสีมา,เทพารักษ์,วังยายทอง,302604
30270,นครราชสีมา,เมืองยาง,เมืองยาง,302701
30270,นครราชสีมา,เมืองยาง,กระเบื้องนอก,302702
30270,นครราชสีมา,เมืองยาง,ละหานปลาค้าว,302703
30270,นครราชสีมา,เมืองยาง,โนนอุดม,302704
30220,นครราชสีมา,พระทองคำ,สระพระ,302801
30220,นครราชสีมา,พระทองคำ,มาบกราด,302802
30220,นครราชสีมา,พระทองคำ,พังเทียม,302803
30220,นครราชสีมา,พระทองคำ,ทัพรั้ง,302804
30220,นครราชสีมา,พระทองคำ,หนองหอย,302805
30270,นครราชสีมา,ลำทะเมนชัย,ขุย,302901
30270,นครราชสีมา,ลำทะเมนชัย,บ้านยาง,302902
30270,นครราชสีมา,ลำทะเมนชัย,ช่องแมว,302903
30270,นครราชสีมา,ลำทะเมนชัย,ไพล,302904
30120,นครราชสีมา,บัวลาย,เมืองพะไล,303001
30120,นครราชสีมา,บัวลาย,โนนจาน,303002
30120,นครราชสีมา,บัวลาย,บัวลาย,303003
30120,นครราชสีมา,บัวลาย,หนองหว้า,303004
30430,นครราชสีมา,สีดา,สีดา,303101
30430,นครราชสีมา,สีดา,โพนทอง,303102
30430,นครราชสีมา,สีดา,โนนประดู่,303103
30430,นครราชสีมา,สีดา,สามเมือง,303104
30430,นครราชสีมา,สีดา,หนองตาดใหญ่,303105
30230,นครราชสีมา,เฉลิมพระเกียรติ,ช้างทอง,303201
30230,นครราชสีมา,เฉลิมพระเกียรติ,ท่าช้าง,303202
30230,นครราชสีมา,เฉลิมพระเกียรติ,พระพุทธ,303203
30000,นครราชสีมา,เฉลิมพระเกียรติ,หนองงูเหลือม,303204
30230,นครราชสีมา,เฉลิมพระเกียรติ,หนองยาง,303205
31000,บุรีรัมย์,เมืองบุรีรัมย์,ในเมือง,310101
31000,บุรีรัมย์,เมืองบุรีรัมย์,อิสาณ,310102
31000,บุรีรัมย์,เมืองบุรีรัมย์,เสม็ด,310103
31000,บุรีรัมย์,เมืองบุรีรัมย์,บ้านบัว,310104
31000,บุรีรัมย์,เมืองบุรีรัมย์,สะแกโพรง,310105
31000,บุรีรัมย์,เมืองบุรีรัมย์,สวายจีก,310106
31000,บุรีรัมย์,เมืองบุรีรัมย์,บ้านยาง,310108
31000,บุรีรัมย์,เมืองบุรีรัมย์,พระครู,310112
31000,บุรีรัมย์,เมืองบุรีรัมย์,ถลุงเหล็ก,310113
31000,บุรีรัมย์,เมืองบุรีรัมย์,หนองตาด,310114
31000,บุรีรัมย์,เมืองบุรีรัมย์,ลุมปุ๊ก,310117
31000,บุรีรัมย์,เมืองบุรีรัมย์,สองห้อง,310118
31000,บุรีรัมย์,เมืองบุรีรัมย์,บัวทอง,310119
31000,บุรีรัมย์,เมืองบุรีรัมย์,ชุมเห็ด,310120
31000,บุรีรัมย์,เมืองบุรีรัมย์,หลักเขต,310122
31000,บุรีรัมย์,เมืองบุรีรัมย์,สะแกซำ,310125
31000,บุรีรัมย์,เมืองบุรีรัมย์,กลันทา,310126
31000,บุรีรัมย์,เมืองบุรีรัมย์,กระสัง,310127
31000,บุรีรัมย์,เมืองบุรีรัมย์,เมืองฝาง,310128
31190,บุรีรัมย์,คูเมือง,คูเมือง,310201
31190,บุรีรัมย์,คูเมือง,ปะเคียบ,310202
31190,บุรีรัมย์,คูเมือง,บ้านแพ,310203
31190,บุรีรัมย์,คูเมือง,พรสำราญ,310204
31190,บุรีรัมย์,คูเมือง,หินเหล็กไฟ,310205
31190,บุรีรัมย์,คูเมือง,ตูมใหญ่,310206
31190,บุรีรัมย์,คูเมือง,หนองขมาร,310207
31160,บุรีรัมย์,กระสัง,กระสัง,310301
31160,บุรีรัมย์,กระสัง,ลำดวน,310302
31160,บุรีรัมย์,กระสัง,สองชั้น,310303
31160,บุรีรัมย์,กระสัง,สูงเนิน,310304
31160,บุรีรัมย์,กระสัง,หนองเต็ง,310305
31160,บุรีรัมย์,กระสัง,เมืองไผ่,310306
31160,บุรีรัมย์,กระสัง,ชุมแสง,310307
31160,บุรีรัมย์,กระสัง,บ้านปรือ,310308
31160,บุรีรัมย์,กระสัง,ห้วยสำราญ,310309
31160,บุรีรัมย์,กระสัง,กันทรารมย์,310310
31160,บุรีรัมย์,กระสัง,ศรีภูมิ,310311
31110,บุรีรัมย์,นางรอง,นางรอง,310401
31110,บุรีรัมย์,นางรอง,สะเดา,310403
31110,บุรีรัมย์,นางรอง,ชุมแสง,310405
31110,บุรีรัมย์,นางรอง,หนองโบสถ์,310406
31110,บุรีรัมย์,นางรอง,หนองกง,310408
31110,บุรีรัมย์,นางรอง,ถนนหัก,310413
31110,บุรีรัมย์,นางรอง,หนองไทร,310414
31110,บุรีรัมย์,นางรอง,ก้านเหลือง,310415
31110,บุรีรัมย์,นางรอง,บ้านสิงห์,310416
31110,บุรีรัมย์,นางรอง,ลำไทรโยง,310417
31110,บุรีรัมย์,นางรอง,ทรัพย์พระยา,310418
31110,บุรีรัมย์,นางรอง,หนองยายพิมพ์,310424
31110,บุรีรัมย์,นางรอง,หัวถนน,310425
31110,บุรีรัมย์,นางรอง,ทุ่งแสงทอง,310426
31110,บุรีรัมย์,นางรอง,หนองโสน,310427
31210,บุรีรัมย์,หนองกี่,หนองกี่,310501
31210,บุรีรัมย์,หนองกี่,เย้ยปราสาท,310502
31210,บุรีรัมย์,หนองกี่,เมืองไผ่,310503
31210,บุรีรัมย์,หนองกี่,ดอนอะราง,310504
31210,บุรีรัมย์,หนองกี่,โคกสว่าง,310505
31210,บุรีรัมย์,หนองกี่,ทุ่งกระตาดพัฒนา,310506
31210,บุรีรัมย์,หนองกี่,ทุ่งกระเต็น,310507
31210,บุรีรัมย์,หนองกี่,ท่าโพธิ์ชัย,310508
31210,บุรีรัมย์,หนองกี่,โคกสูง,310509
31210,บุรีรัมย์,หนองกี่,บุกระสัง,310510
31170,บุรีรัมย์,ละหานทราย,ละหานทราย,310601
31170,บุรีรัมย์,ละหานทราย,ตาจง,310603
31170,บุรีรัมย์,ละหานทราย,สำโรงใหม่,310604
31170,บุรีรัมย์,ละหานทราย,หนองแวง,310607
31170,บุรีรัมย์,ละหานทราย,หนองตะครอง,310610
31170,บุรีรัมย์,ละหานทราย,โคกว่าน,310611
31140,บุรีรัมย์,ประโคนชัย,ประโคนชัย,310701
31140,บุรีรัมย์,ประโคนชัย,แสลงโทน,310702
31140,บุรีรัมย์,ประโคนชัย,บ้านไทร,310703
31140,บุรีรัมย์,ประโคนชัย,ละเวี้ย,310705
31140,บุรีรัมย์,ประโคนชัย,จรเข้มาก,310706
31140,บุรีรัมย์,ประโคนชัย,ปังกู,310707
31140,บุรีรัมย์,ประโคนชัย,โคกย่าง,310708
31140,บุรีรัมย์,ประโคนชัย,โคกม้า,310710
31140,บุรีรัมย์,ประโคนชัย,ไพศาล,310713
31140,บุรีรัมย์,ประโคนชัย,ตะโกตาพิ,310714
31140,บุรีรัมย์,ประโคนชัย,เขาคอก,310715
31140,บุรีรัมย์,ประโคนชัย,หนองบอน,310716
31140,บุรีรัมย์,ประโคนชัย,โคกมะขาม,310718
31140,บุรีรัมย์,ประโคนชัย,โคกตูม,310719
31140,บุรีรัมย์,ประโคนชัย,ประทัดบุ,310720
31140,บุรีรัมย์,ประโคนชัย,สี่เหลี่ยม,310721
31180,บุรีรัมย์,บ้านกรวด,บ้านกรวด,310801
31180,บุรีรัมย์,บ้านกรวด,โนนเจริญ,310802
31180,บุรีรัมย์,บ้านกรวด,หนองไม้งาม,310803
31180,บุรีรัมย์,บ้านกรวด,ปราสาท,310804
31180,บุรีรัมย์,บ้านกรวด,สายตะกู,310805
31180,บุรีรัมย์,บ้านกรวด,หินลาด,310806
31180,บุรีรัมย์,บ้านกรวด,บึงเจริญ,310807
31180,บุรีรัมย์,บ้านกรวด,จันทบเพชร,310808
31180,บุรีรัมย์,บ้านกรวด,เขาดินเหนือ,310809
31120,บุรีรัมย์,พุทไธสง,พุทไธสง,310901
31120,บุรีรัมย์,พุทไธสง,มะเฟือง,310902
31120,บุรีรัมย์,พุทไธสง,บ้านจาน,310903
31120,บุรีรัมย์,พุทไธสง,บ้านเป้า,310906
31120,บุรีรัมย์,พุทไธสง,บ้านแวง,310907
31120,บุรีรัมย์,พุทไธสง,บ้านยาง,310909
31120,บุรีรัมย์,พุทไธสง,หายโศก,310910
31130,บุรีรัมย์,ลำปลายมาศ,ลำปลายมาศ,311001
31130,บุรีรัมย์,ลำปลายมาศ,หนองคู,311002
31130,บุรีรัมย์,ลำปลายมาศ,แสลงพัน,311003
31130,บุรีรัมย์,ลำปลายมาศ,ทะเมนชัย,311004
31130,บุรีรัมย์,ลำปลายมาศ,ตลาดโพธิ์,311005
31130,บุรีรัมย์,ลำปลายมาศ,หนองกะทิง,311006
31130,บุรีรัมย์,ลำปลายมาศ,โคกกลาง,311007
31130,บุรีรัมย์,ลำปลายมาศ,โคกสะอาด,311008
31130,บุรีรัมย์,ลำปลายมาศ,เมืองแฝก,311009
31130,บุรีรัมย์,ลำปลายมาศ,บ้านยาง,311010
31130,บุรีรัมย์,ลำปลายมาศ,ผไทรินทร์,311011
31130,บุรีรัมย์,ลำปลายมาศ,โคกล่าม,311012
31130,บุรีรัมย์,ลำปลายมาศ,หินโคน,311013
31130,บุรีรัมย์,ลำปลายมาศ,หนองบัวโคก,311014
31130,บุรีรัมย์,ลำปลายมาศ,บุโพธิ์,311015
31130,บุรีรัมย์,ลำปลายมาศ,หนองโดน,311016
31150,บุรีรัมย์,สตึก,สตึก,311101
31150,บุรีรัมย์,สตึก,นิคม,311102
31150,บุรีรัมย์,สตึก,ทุ่งวัง,311103
31150,บุรีรัมย์,สตึก,เมืองแก,311104
31150,บุรีรัมย์,สตึก,หนองใหญ่,311105
31150,บุรีรัมย์,สตึก,ร่อนทอง,311106
31150,บุรีรัมย์,สตึก,ดอนมนต์,311109
31150,บุรีรัมย์,สตึก,ชุมแสง,311110
31150,บุรีรัมย์,สตึก,ท่าม่วง,311111
31150,บุรีรัมย์,สตึก,สะแก,311112
31150,บุรีรัมย์,สตึก,สนามชัย,311114
31150,บุรีรัมย์,สตึก,กระสัง,311115
31220,บุรีรัมย์,ปะคำ,ปะคำ,311201
31220,บุรีรัมย์,ปะคำ,ไทยเจริญ,311202
31220,บุรีรัมย์,ปะคำ,หนองบัว,311203
31220,บุรีรัมย์,ปะคำ,โคกมะม่วง,311204
31220,บุรีรัมย์,ปะคำ,หูทำนบ,311205
31230,บุรีรัมย์,นาโพธิ์,นาโพธิ์,311301
31230,บุรีรัมย์,นาโพธิ์,บ้านคู,311302
31230,บุรีรัมย์,นาโพธิ์,บ้านดู่,311303
31230,บุรีรัมย์,นาโพธิ์,ดอนกอก,311304
31230,บุรีรัมย์,นาโพธิ์,ศรีสว่าง,311305
31240,บุรีรัมย์,หนองหงส์,สระแก้ว,311401
31240,บุรีรัมย์,หนองหงส์,ห้วยหิน,311402
31240,บุรีรัมย์,หนองหงส์,ไทยสามัคคี,311403
31240,บุรีรัมย์,หนองหงส์,หนองชัยศรี,311404
31240,บุรีรัมย์,หนองหงส์,เสาเดียว,311405
31240,บุรีรัมย์,หนองหงส์,เมืองฝ้าย,311406
31240,บุรีรัมย์,หนองหงส์,สระทอง,311407
31250,บุรีรัมย์,พลับพลาชัย,จันดุม,311501
31250,บุรีรัมย์,พลับพลาชัย,โคกขมิ้น,311502
31250,บุรีรัมย์,พลับพลาชัย,ป่าชัน,311503
31250,บุรีรัมย์,พลับพลาชัย,สะเดา,311504
31250,บุรีรัมย์,พลับพลาชัย,สำโรง,311505
31000,บุรีรัมย์,ห้วยราช,ห้วยราช,311601
31000,บุรีรัมย์,ห้วยราช,สามแวง,311602
31000,บุรีรัมย์,ห้วยราช,ตาเสา,311603
31000,บุรีรัมย์,ห้วยราช,บ้านตะโก,311604
31000,บุรีรัมย์,ห้วยราช,สนวน,311605
31000,บุรีรัมย์,ห้วยราช,โคกเหล็ก,311606
31000,บุรีรัมย์,ห้วยราช,เมืองโพธิ์,311607
31000,บุรีรัมย์,ห้วยราช,ห้วยราชา,311608
31110,บุรีรัมย์,โนนสุวรรณ,โนนสุวรรณ,311701
31110,บุรีรัมย์,โนนสุวรรณ,ทุ่งจังหัน,311702
31110,บุรีรัมย์,โนนสุวรรณ,โกรกแก้ว,311703
31110,บุรีรัมย์,โนนสุวรรณ,ดงอีจาน,311704
31110,บุรีรัมย์,ชำนิ,ชำนิ,311801
31110,บุรีรัมย์,ชำนิ,หนองปล่อง,311802
31110,บุรีรัมย์,ชำนิ,เมืองยาง,311803
31110,บุรีรัมย์,ชำนิ,ช่อผกา,311804
31110,บุรีรัมย์,ชำนิ,ละลวด,311805
31110,บุรีรัมย์,ชำนิ,โคกสนวน,311806
31120,บุรีรัมย์,บ้านใหม่ไชยพจน์,หนองแวง,311901
31120,บุรีรัมย์,บ้านใหม่ไชยพจน์,ทองหลาง,311902
31120,บุรีรัมย์,บ้านใหม่ไชยพจน์,แดงใหญ่,311903
31120,บุรีรัมย์,บ้านใหม่ไชยพจน์,กู่สวนแตง,311904
31120,บุรีรัมย์,บ้านใหม่ไชยพจน์,หนองเยือง,311905
31260,บุรีรัมย์,โนนดินแดง,โนนดินแดง,312001
31260,บุรีรัมย์,โนนดินแดง,ส้มป่อย,312002
31260,บุรีรัมย์,โนนดินแดง,ลำนางรอง,312003
31000,บุรีรัมย์,บ้านด่าน,บ้านด่าน,312101
31000,บุรีรัมย์,บ้านด่าน,ปราสาท,312102
31000,บุรีรัมย์,บ้านด่าน,วังเหนือ,312103
31000,บุรีรัมย์,บ้านด่าน,โนนขวาง,312104
31150,บุรีรัมย์,แคนดง,แคนดง,312201
31150,บุรีรัมย์,แคนดง,ดงพลอง,312202
31150,บุรีรัมย์,แคนดง,สระบัว,312203
31150,บุรีรัมย์,แคนดง,หัวฝาย,312204
31110,บุรีรัมย์,เฉลิมพระเกียรติ,เจริญสุข,312301
31110,บุรีรัมย์,เฉลิมพระเกียรติ,ตาเป๊ก,312302
31110,บุรีรัมย์,เฉลิมพระเกียรติ,อีสานเขต,312303
31170,บุรีรัมย์,เฉลิมพระเกียรติ,ถาวร,312304
31170,บุรีรัมย์,เฉลิมพระเกียรติ,ยายแย้มวัฒนา,312305
32000,สุรินทร์,เมืองสุรินทร์,ในเมือง,320101
32000,สุรินทร์,เมืองสุรินทร์,ตั้งใจ,320102
32000,สุรินทร์,เมืองสุรินทร์,เพี้ยราม,320103
32000,สุรินทร์,เมืองสุรินทร์,นาดี,320104
32000,สุรินทร์,เมืองสุรินทร์,ท่าสว่าง,320105
32000,สุรินทร์,เมืองสุรินทร์,สลักได,320106
32000,สุรินทร์,เมืองสุรินทร์,ตาอ็อง,320107
32000,สุรินทร์,เมืองสุรินทร์,สำโรง,320109
32000,สุรินทร์,เมืองสุรินทร์,แกใหญ่,320110
32000,สุรินทร์,เมืองสุรินทร์,นอกเมือง,320111
32000,สุรินทร์,เมืองสุรินทร์,คอโค,320112
32000,สุรินทร์,เมืองสุรินทร์,สวาย,320113
32000,สุรินทร์,เมืองสุรินทร์,เฉนียง,320114
32000,สุรินทร์,เมืองสุรินทร์,เทนมีย์,320116
32000,สุรินทร์,เมืองสุรินทร์,นาบัว,320118
32000,สุรินทร์,เมืองสุรินทร์,เมืองที,320119
32000,สุรินทร์,เมืองสุรินทร์,ราม,320120
32000,สุรินทร์,เมืองสุรินทร์,บุฤาษี,320121
32000,สุรินทร์,เมืองสุรินทร์,ตระแสง,320122
32000,สุรินทร์,เมืองสุรินทร์,แสลงพันธ์,320125
32000,สุรินทร์,เมืองสุรินทร์,กาเกาะ,320126
32190,สุรินทร์,ชุมพลบุรี,ชุมพลบุรี,320201
32190,สุรินทร์,ชุมพลบุรี,นาหนองไผ่,320202
32190,สุรินทร์,ชุมพลบุรี,ไพรขลา,320203
32190,สุรินทร์,ชุมพลบุรี,ศรีณรงค์,320204
32190,สุรินทร์,ชุมพลบุรี,ยะวึก,320205
32190,สุรินทร์,ชุมพลบุรี,เมืองบัว,320206
32190,สุรินทร์,ชุมพลบุรี,สระขุด,320207
32190,สุรินทร์,ชุมพลบุรี,กระเบื้อง,320208
32190,สุรินทร์,ชุมพลบุรี,หนองเรือ,320209
32120,สุรินทร์,ท่าตูม,ท่าตูม,320301
32120,สุรินทร์,ท่าตูม,กระโพ,320302
32120,สุรินทร์,ท่าตูม,พรมเทพ,320303
32120,สุรินทร์,ท่าตูม,โพนครก,320304
32120,สุรินทร์,ท่าตูม,เมืองแก,320305
32120,สุรินทร์,ท่าตูม,บะ,320306
32120,สุรินทร์,ท่าตูม,หนองบัว,320307
32120,สุรินทร์,ท่าตูม,บัวโคก,320308
32120,สุรินทร์,ท่าตูม,หนองเมธี,320309
32120,สุรินทร์,ท่าตูม,ทุ่งกุลา,320310
32180,สุรินทร์,จอมพระ,จอมพระ,320401
32180,สุรินทร์,จอมพระ,เมืองลีง,320402
32180,สุรินทร์,จอมพระ,กระหาด,320403
32180,สุรินทร์,จอมพระ,บุแกรง,320404
32180,สุรินทร์,จอมพระ,หนองสนิท,320405
32180,สุรินทร์,จอมพระ,บ้านผือ,320406
32180,สุรินทร์,จอมพระ,ลุ่มระวี,320407
32180,สุรินทร์,จอมพระ,ชุมแสง,320408
32180,สุรินทร์,จอมพระ,เป็นสุข,320409
32140,สุรินทร์,ปราสาท,กังแอน,320501
32140,สุรินทร์,ปราสาท,ทมอ,320502
32140,สุรินทร์,ปราสาท,ไพล,320503
32140,สุรินทร์,ปราสาท,ปรือ,320504
32140,สุรินทร์,ปราสาท,ทุ่งมน,320505
32140,สุรินทร์,ปราสาท,ตาเบา,320506
32140,สุรินทร์,ปราสาท,หนองใหญ่,320507
32140,สุรินทร์,ปราสาท,โคกยาง,320508
32140,สุรินทร์,ปราสาท,โคกสะอาด,320509
32140,สุรินทร์,ปราสาท,บ้านไทร,320510
32140,สุรินทร์,ปราสาท,โชคนาสาม,320511
32140,สุรินทร์,ปราสาท,เชื้อเพลิง,320512
32140,สุรินทร์,ปราสาท,ปราสาททนง,320513
32140,สุรินทร์,ปราสาท,ตานี,320514
32140,สุรินทร์,ปราสาท,บ้านพลวง,320515
32140,สุรินทร์,ปราสาท,กันตวจระมวล,320516
32140,สุรินทร์,ปราสาท,สมุด,320517
32140,สุรินทร์,ปราสาท,ประทัดบุ,320518
32210,สุรินทร์,กาบเชิง,กาบเชิง,320601
32210,สุรินทร์,กาบเชิง,คูตัน,320604
32210,สุรินทร์,กาบเชิง,ด่าน,320605
32210,สุรินทร์,กาบเชิง,แนงมุด,320606
32210,สุรินทร์,กาบเชิง,โคกตะเคียน,320607
32210,สุรินทร์,กาบเชิง,ตะเคียน,320610
32130,สุรินทร์,รัตนบุรี,รัตนบุรี,320701
32130,สุรินทร์,รัตนบุรี,ธาตุ,320702
32130,สุรินทร์,รัตนบุรี,แก,320703
32130,สุรินทร์,รัตนบุรี,ดอนแรด,320704
32130,สุรินทร์,รัตนบุรี,หนองบัวทอง,320705
32130,สุรินทร์,รัตนบุรี,หนองบัวบาน,320706
32130,สุรินทร์,รัตนบุรี,ไผ่,320709
32130,สุรินทร์,รัตนบุรี,เบิด,320711
32130,สุรินทร์,รัตนบุรี,น้ำเขียว,320713
32130,สุรินทร์,รัตนบุรี,กุดขาคีม,320714
32130,สุรินทร์,รัตนบุรี,ยางสว่าง,320715
32130,สุรินทร์,รัตนบุรี,ทับใหญ่,320716
32160,สุรินทร์,สนม,สนม,320801
32160,สุรินทร์,สนม,โพนโก,320802
32160,สุรินทร์,สนม,หนองระฆัง,320803
32160,สุรินทร์,สนม,นานวน,320804
32160,สุรินทร์,สนม,แคน,320805
32160,สุรินทร์,สนม,หัวงัว,320806
32160,สุรินทร์,สนม,หนองอียอ,320807
32110,สุรินทร์,ศีขรภูมิ,ระแงง,320901
32110,สุรินทร์,ศีขรภูมิ,ตรึม,320902
32110,สุรินทร์,ศีขรภูมิ,จารพัต,320903
32110,สุรินทร์,ศีขรภูมิ,ยาง,320904
32110,สุรินทร์,ศีขรภูมิ,แตล,320905
32110,สุรินทร์,ศีขรภูมิ,หนองบัว,320906
32110,สุรินทร์,ศีขรภูมิ,คาละแมะ,320907
32110,สุรินทร์,ศีขรภูมิ,หนองเหล็ก,320908
32110,สุรินทร์,ศีขรภูมิ,หนองขวาว,320909
32110,สุรินทร์,ศีขรภูมิ,ช่างปี่,320910
32110,สุรินทร์,ศีขรภูมิ,กุดหวาย,320911
32110,สุรินทร์,ศีขรภูมิ,ขวาวใหญ่,320912
32110,สุรินทร์,ศีขรภูมิ,นารุ่ง,320913
32110,สุรินทร์,ศีขรภูมิ,ตรมไพร,320914
32110,สุรินทร์,ศีขรภูมิ,ผักไหม,320915
32150,สุรินทร์,สังขะ,สังขะ,321001
32150,สุรินทร์,สังขะ,ขอนแตก,321002
32150,สุรินทร์,สังขะ,ดม,321006
32150,สุรินทร์,สังขะ,พระแก้ว,321007
32150,สุรินทร์,สังขะ,บ้านจารย์,321008
32150,สุรินทร์,สังขะ,กระเทียม,321009
32150,สุรินทร์,สังขะ,สะกาด,321010
32150,สุรินทร์,สังขะ,ตาตุม,321011
32150,สุรินทร์,สังขะ,ทับทัน,321012
32150,สุรินทร์,สังขะ,ตาคง,321013
32150,สุรินทร์,สังขะ,บ้านชบ,321015
32150,สุรินทร์,สังขะ,เทพรักษา,321017
32220,สุรินทร์,ลำดวน,ลำดวน,321101
32220,สุรินทร์,ลำดวน,โชคเหนือ,321102
32220,สุรินทร์,ลำดวน,อู่โลก,321103
32220,สุรินทร์,ลำดวน,ตรำดม,321104
32220,สุรินทร์,ลำดวน,ตระเปียงเตีย,321105
32170,สุรินทร์,สำโรงทาบ,สำโรงทาบ,321201
32170,สุรินทร์,สำโรงทาบ,หนองไผ่ล้อม,321202
32170,สุรินทร์,สำโรงทาบ,กระออม,321203
32170,สุรินทร์,สำโรงทาบ,หนองฮะ,321204
32170,สุรินทร์,สำโรงทาบ,ศรีสุข,321205
32170,สุรินทร์,สำโรงทาบ,เกาะแก้ว,321206
32170,สุรินทร์,สำโรงทาบ,หมื่นศรี,321207
32170,สุรินทร์,สำโรงทาบ,เสม็จ,321208
32170,สุรินทร์,สำโรงทาบ,สะโน,321209
32170,สุรินทร์,สำโรงทาบ,ประดู่,321210
32230,สุรินทร์,บัวเชด,บัวเชด,321301
32230,สุรินทร์,บัวเชด,สะเดา,321302
32230,สุรินทร์,บัวเชด,จรัส,321303
32230,สุรินทร์,บัวเชด,ตาวัง,321304
32230,สุรินทร์,บัวเชด,อาโพน,321305
32230,สุรินทร์,บัวเชด,สำเภาลูน,321306
32140,สุรินทร์,พนมดงรัก,บักได,321401
32140,สุรินทร์,พนมดงรัก,โคกกลาง,321402
32140,สุรินทร์,พนมดงรัก,จีกแดก,321403
32140,สุรินทร์,พนมดงรัก,ตาเมียง,321404
32150,สุรินทร์,ศรีณรงค์,ณรงค์,321501
32150,สุรินทร์,ศรีณรงค์,แจนแวน,321502
32150,สุรินทร์,ศรีณรงค์,ตรวจ,321503
32150,สุรินทร์,ศรีณรงค์,หนองแวง,321504
32150,สุรินทร์,ศรีณรงค์,ศรีสุข,321505
32000,สุรินทร์,เขวาสินรินทร์,เขวาสินรินทร์,321601
32000,สุรินทร์,เขวาสินรินทร์,บึง,321602
32000,สุรินทร์,เขวาสินรินทร์,ตากูก,321603
32000,สุรินทร์,เขวาสินรินทร์,ปราสาททอง,321604
32000,สุรินทร์,เขวาสินรินทร์,บ้านแร่,321605
32130,สุรินทร์,โนนนารายณ์,หนองหลวง,321701
32130,สุรินทร์,โนนนารายณ์,คำผง,321702
32130,สุรินทร์,โนนนารายณ์,โนน,321703
32130,สุรินทร์,โนนนารายณ์,ระเวียง,321704
32130,สุรินทร์,โนนนารายณ์,หนองเทพ,321705
33000,ศรีสะเกษ,เมืองศรีสะเกษ,เมืองเหนือ,330101
33000,ศรีสะเกษ,เมืองศรีสะเกษ,เมืองใต้,330102
33000,ศรีสะเกษ,เมืองศรีสะเกษ,คูซอด,330103
33000,ศรีสะเกษ,เมืองศรีสะเกษ,ซำ,330104
33000,ศรีสะเกษ,เมืองศรีสะเกษ,จาน,330105
33000,ศรีสะเกษ,เมืองศรีสะเกษ,ตะดอบ,330106
33000,ศรีสะเกษ,เมืองศรีสะเกษ,หนองครก,330107
33000,ศรีสะเกษ,เมืองศรีสะเกษ,โพนข่า,330111
33000,ศรีสะเกษ,เมืองศรีสะเกษ,โพนค้อ,330112
33000,ศรีสะเกษ,เมืองศรีสะเกษ,โพนเขวา,330115
33000,ศรีสะเกษ,เมืองศรีสะเกษ,หญ้าปล้อง,330116
33000,ศรีสะเกษ,เมืองศรีสะเกษ,ทุ่ม,330118
33000,ศรีสะเกษ,เมืองศรีสะเกษ,หนองไฮ,330119
33000,ศรีสะเกษ,เมืองศรีสะเกษ,หนองแก้ว,330121
33000,ศรีสะเกษ,เมืองศรีสะเกษ,น้ำคำ,330122
33000,ศรีสะเกษ,เมืองศรีสะเกษ,โพธิ์,330123
33000,ศรีสะเกษ,เมืองศรีสะเกษ,หมากเขียบ,330124
33000,ศรีสะเกษ,เมืองศรีสะเกษ,หนองไผ่,330127
33190,ศรีสะเกษ,ยางชุมน้อย,ยางชุมน้อย,330201
33190,ศรีสะเกษ,ยางชุมน้อย,ลิ้นฟ้า,330202
33190,ศรีสะเกษ,ยางชุมน้อย,คอนกาม,330203
33190,ศรีสะเกษ,ยางชุมน้อย,โนนคูณ,330204
33190,ศรีสะเกษ,ยางชุมน้อย,กุดเมืองฮาม,330205
33190,ศรีสะเกษ,ยางชุมน้อย,บึงบอน,330206
33190,ศรีสะเกษ,ยางชุมน้อย,ยางชุมใหญ่,330207
33130,ศรีสะเกษ,กันทรารมย์,ดูน,330301
33130,ศรีสะเกษ,กันทรารมย์,โนนสัง,330302
33130,ศรีสะเกษ,กันทรารมย์,หนองหัวช้าง,330303
33130,ศรีสะเกษ,กันทรารมย์,ยาง,330304
33130,ศรีสะเกษ,กันทรารมย์,หนองแวง,330305
33130,ศรีสะเกษ,กันทรารมย์,หนองแก้ว,330306
33130,ศรีสะเกษ,กันทรารมย์,ทาม,330307
33130,ศรีสะเกษ,กันทรารมย์,ละทาย,330308
33130,ศรีสะเกษ,กันทรารมย์,เมืองน้อย,330309
33130,ศรีสะเกษ,กันทรารมย์,อีปาด,330310
33130,ศรีสะเกษ,กันทรารมย์,บัวน้อย,330311
33130,ศรีสะเกษ,กันทรารมย์,หนองบัว,330312
33130,ศรีสะเกษ,กันทรารมย์,ดู่,330313
33130,ศรีสะเกษ,กันทรารมย์,ผักแพว,330314
33130,ศรีสะเกษ,กันทรารมย์,จาน,330315
33130,ศรีสะเกษ,กันทรารมย์,คำเนียม,330320
33110,ศรีสะเกษ,กันทรลักษ์,บึงมะลู,330401
33110,ศรีสะเกษ,กันทรลักษ์,กุดเสลา,330402
33110,ศรีสะเกษ,กันทรลักษ์,เมือง,330403
33110,ศรีสะเกษ,กันทรลักษ์,สังเม็ก,330405
33110,ศรีสะเกษ,กันทรลักษ์,น้ำอ้อม,330406
33110,ศรีสะเกษ,กันทรลักษ์,ละลาย,330407
33110,ศรีสะเกษ,กันทรลักษ์,รุง,330408
33110,ศรีสะเกษ,กันทรลักษ์,ตระกาจ,330409
33110,ศรีสะเกษ,กันทรลักษ์,จานใหญ่,330411
33110,ศรีสะเกษ,กันทรลักษ์,ภูเงิน,330412
33110,ศรีสะเกษ,กันทรลักษ์,ชำ,330413
33110,ศรีสะเกษ,กันทรลักษ์,กระแชง,330414
33110,ศรีสะเกษ,กันทรลักษ์,โนนสำราญ,330415
33110,ศรีสะเกษ,กันทรลักษ์,หนองหญ้าลาด,330416
33110,ศรีสะเกษ,กันทรลักษ์,เสาธงชัย,330419
33110,ศรีสะเกษ,กันทรลักษ์,ขนุน,330420
33110,ศรีสะเกษ,กันทรลักษ์,สวนกล้วย,330421
33110,ศรีสะเกษ,กันทรลักษ์,เวียงเหนือ,330423
33110,ศรีสะเกษ,กันทรลักษ์,ทุ่งใหญ่,330424
33110,ศรีสะเกษ,กันทรลักษ์,ภูผาหมอก,330425
33140,ศรีสะเกษ,ขุขันธ์,กันทรารมย์,330501
33140,ศรีสะเกษ,ขุขันธ์,จะกง,330502
33140,ศรีสะเกษ,ขุขันธ์,ใจดี,330503
33140,ศรีสะเกษ,ขุขันธ์,ดองกำเม็ด,330504
33140,ศรีสะเกษ,ขุขันธ์,โสน,330505
33140,ศรีสะเกษ,ขุขันธ์,ปรือใหญ่,330506
33140,ศรีสะเกษ,ขุขันธ์,สะเดาใหญ่,330507
33140,ศรีสะเกษ,ขุขันธ์,ตาอุด,330508
33140,ศรีสะเกษ,ขุขันธ์,ห้วยเหนือ,330509
33140,ศรีสะเกษ,ขุขันธ์,ห้วยใต้,330510
33140,ศรีสะเกษ,ขุขันธ์,หัวเสือ,330511
33140,ศรีสะเกษ,ขุขันธ์,ตะเคียน,330513
33140,ศรีสะเกษ,ขุขันธ์,นิคมพัฒนา,330515
33140,ศรีสะเกษ,ขุขันธ์,โคกเพชร,330517
33140,ศรีสะเกษ,ขุขันธ์,ปราสาท,330518
33140,ศรีสะเกษ,ขุขันธ์,สำโรงตาเจ็น,330521
33140,ศรีสะเกษ,ขุขันธ์,ห้วยสำราญ,330522
33140,ศรีสะเกษ,ขุขันธ์,กฤษณา,330524
33140,ศรีสะเกษ,ขุขันธ์,ลมศักดิ์,330525
33140,ศรีสะเกษ,ขุขันธ์,หนองฉลอง,330526
33140,ศรีสะเกษ,ขุขันธ์,ศรีตระกูล,330527
33140,ศรีสะเกษ,ขุขันธ์,ศรีสะอาด,330528
33180,ศรีสะเกษ,ไพรบึง,ไพรบึง,330601
33180,ศรีสะเกษ,ไพรบึง,ดินแดง,330602
33180,ศรีสะเกษ,ไพรบึง,ปราสาทเยอ,330603
33180,ศรีสะเกษ,ไพรบึง,สำโรงพลัน,330604
33180,ศรีสะเกษ,ไพรบึง,สุขสวัสดิ์,330605
33180,ศรีสะเกษ,ไพรบึง,โนนปูน,330606
33170,ศรีสะเกษ,ปรางค์กู่,พิมาย,330701
33170,ศรีสะเกษ,ปรางค์กู่,กู่,330702
33170,ศรีสะเกษ,ปรางค์กู่,หนองเชียงทูน,330703
33170,ศรีสะเกษ,ปรางค์กู่,ตูม,330704
33170,ศรีสะเกษ,ปรางค์กู่,สมอ,330705
33170,ศรีสะเกษ,ปรางค์กู่,โพธิ์ศรี,330706
33170,ศรีสะเกษ,ปรางค์กู่,สำโรงปราสาท,330707
33170,ศรีสะเกษ,ปรางค์กู่,ดู่,330708
33170,ศรีสะเกษ,ปรางค์กู่,สวาย,330709
33170,ศรีสะเกษ,ปรางค์กู่,พิมายเหนือ,330710
33150,ศรีสะเกษ,ขุนหาญ,สิ,330801
33150,ศรีสะเกษ,ขุนหาญ,บักดอง,330802
33150,ศรีสะเกษ,ขุนหาญ,พราน,330803
33150,ศรีสะเกษ,ขุนหาญ,โพธิ์วงศ์,330804
33150,ศรีสะเกษ,ขุนหาญ,ไพร,330805
33150,ศรีสะเกษ,ขุนหาญ,กระหวัน,330806
33150,ศรีสะเกษ,ขุนหาญ,ขุนหาญ,330807
33150,ศรีสะเกษ,ขุนหาญ,โนนสูง,330808
33150,ศรีสะเกษ,ขุนหาญ,กันทรอม,330809
33150,ศรีสะเกษ,ขุนหาญ,ภูฝ้าย,330810
33150,ศรีสะเกษ,ขุนหาญ,โพธิ์กระสังข์,330811
33150,ศรีสะเกษ,ขุนหาญ,ห้วยจันทร์,330812
33160,ศรีสะเกษ,ราษีไศล,เมืองคง,330901
33160,ศรีสะเกษ,ราษีไศล,เมืองแคน,330902
33160,ศรีสะเกษ,ราษีไศล,หนองแค,330903
33160,ศรีสะเกษ,ราษีไศล,จิกสังข์ทอง,330906
33160,ศรีสะเกษ,ราษีไศล,ด่าน,330907
33160,ศรีสะเกษ,ราษีไศล,ดู่,330908
33160,ศรีสะเกษ,ราษีไศล,หนองอึ่ง,330909
33160,ศรีสะเกษ,ราษีไศล,บัวหุ่ง,330910
33160,ศรีสะเกษ,ราษีไศล,ไผ่,330911
33160,ศรีสะเกษ,ราษีไศล,ส้มป่อย,330912
33160,ศรีสะเกษ,ราษีไศล,หนองหมี,330913
33160,ศรีสะเกษ,ราษีไศล,หว้านคำ,330914
33160,ศรีสะเกษ,ราษีไศล,สร้างปี่,330915
33120,ศรีสะเกษ,อุทุมพรพิสัย,กำแพง,331001
33120,ศรีสะเกษ,อุทุมพรพิสัย,อี่หล่ำ,331002
33120,ศรีสะเกษ,อุทุมพรพิสัย,ก้านเหลือง,331003
33120,ศรีสะเกษ,อุทุมพรพิสัย,ทุ่งไชย,331004
33120,ศรีสะเกษ,อุทุมพรพิสัย,สำโรง,331005
33120,ศรีสะเกษ,อุทุมพรพิสัย,แขม,331006
33120,ศรีสะเกษ,อุทุมพรพิสัย,หนองไฮ,331007
33120,ศรีสะเกษ,อุทุมพรพิสัย,ขะยูง,331008
33120,ศรีสะเกษ,อุทุมพรพิสัย,ตาเกษ,331010
33120,ศรีสะเกษ,อุทุมพรพิสัย,หัวช้าง,331011
33120,ศรีสะเกษ,อุทุมพรพิสัย,รังแร้ง,331012
33120,ศรีสะเกษ,อุทุมพรพิสัย,แต้,331014
33120,ศรีสะเกษ,อุทุมพรพิสัย,แข้,331015
33120,ศรีสะเกษ,อุทุมพรพิสัย,โพธิ์ชัย,331016
33120,ศรีสะเกษ,อุทุมพรพิสัย,ปะอาว,331017
33120,ศรีสะเกษ,อุทุมพรพิสัย,หนองห้าง,331018
33120,ศรีสะเกษ,อุทุมพรพิสัย,สระกำแพงใหญ่,331022
33120,ศรีสะเกษ,อุทุมพรพิสัย,โคกหล่าม,331024
33120,ศรีสะเกษ,อุทุมพรพิสัย,โคกจาน,331025
33220,ศรีสะเกษ,บึงบูรพ์,เป๊าะ,331101
33220,ศรีสะเกษ,บึงบูรพ์,บึงบูรพ์,331102
33210,ศรีสะเกษ,ห้วยทับทัน,ห้วยทับทัน,331201
33210,ศรีสะเกษ,ห้วยทับทัน,เมืองหลวง,331202
33210,ศรีสะเกษ,ห้วยทับทัน,กล้วยกว้าง,331203
33210,ศรีสะเกษ,ห้วยทับทัน,ผักไหม,331204
33210,ศรีสะเกษ,ห้วยทับทัน,จานแสนไชย,331205
33210,ศรีสะเกษ,ห้วยทับทัน,ปราสาท,331206
33250,ศรีสะเกษ,โนนคูณ,โนนค้อ,331301
33250,ศรีสะเกษ,โนนคูณ,บก,331302
33250,ศรีสะเกษ,โนนคูณ,โพธิ์,331303
33250,ศรีสะเกษ,โนนคูณ,หนองกุง,331304
33250,ศรีสะเกษ,โนนคูณ,เหล่ากวาง,331305
33240,ศรีสะเกษ,ศรีรัตนะ,ศรีแก้ว,331401
33240,ศรีสะเกษ,ศรีรัตนะ,พิงพวย,331402
33240,ศรีสะเกษ,ศรีรัตนะ,สระเยาว์,331403
33240,ศรีสะเกษ,ศรีรัตนะ,ตูม,331404
33240,ศรีสะเกษ,ศรีรัตนะ,เสื่องข้าว,331405
33240,ศรีสะเกษ,ศรีรัตนะ,ศรีโนนงาม,331406
33240,ศรีสะเกษ,ศรีรัตนะ,สะพุง,331407
33130,ศรีสะเกษ,น้ำเกลี้ยง,น้ำเกลี้ยง,331501
33130,ศรีสะเกษ,น้ำเกลี้ยง,ละเอาะ,331502
33130,ศรีสะเกษ,น้ำเกลี้ยง,ตองปิด,331503
33130,ศรีสะเกษ,น้ำเกลี้ยง,เขิน,331504
33130,ศรีสะเกษ,น้ำเกลี้ยง,รุ่งระวี,331505
33130,ศรีสะเกษ,น้ำเกลี้ยง,คูบ,331506
33270,ศรีสะเกษ,วังหิน,บุสูง,331601
33270,ศรีสะเกษ,วังหิน,ธาตุ,331602
33270,ศรีสะเกษ,วังหิน,ดวนใหญ่,331603
33270,ศรีสะเกษ,วังหิน,บ่อแก้ว,331604
33270,ศรีสะเกษ,วังหิน,ศรีสำราญ,331605
33270,ศรีสะเกษ,วังหิน,ทุ่งสว่าง,331606
33270,ศรีสะเกษ,วังหิน,วังหิน,331607
33270,ศรีสะเกษ,วังหิน,โพนยาง,331608
33140,ศรีสะเกษ,ภูสิงห์,โคกตาล,331701
33140,ศรีสะเกษ,ภูสิงห์,ห้วยตามอญ,331702
33140,ศรีสะเกษ,ภูสิงห์,ห้วยตึ๊กชู,331703
33140,ศรีสะเกษ,ภูสิงห์,ละลม,331704
33140,ศรีสะเกษ,ภูสิงห์,ตะเคียนราม,331705
33140,ศรีสะเกษ,ภูสิงห์,ดงรัก,331706
33140,ศรีสะเกษ,ภูสิงห์,ไพรพัฒนา,331707
33120,ศรีสะเกษ,เมืองจันทร์,เมืองจันทร์,331801
33120,ศรีสะเกษ,เมืองจันทร์,ตาโกน,331802
33120,ศรีสะเกษ,เมืองจันทร์,หนองใหญ่,331803
33110,ศรีสะเกษ,เบญจลักษ์,เสียว,331901
33110,ศรีสะเกษ,เบญจลักษ์,หนองหว้า,331902
33110,ศรีสะเกษ,เบญจลักษ์,หนองงูเหลือม,331903
33110,ศรีสะเกษ,เบญจลักษ์,หนองฮาง,331904
33110,ศรีสะเกษ,เบญจลักษ์,ท่าคล้อ,331905
33230,ศรีสะเกษ,พยุห์,พยุห์,332001
33230,ศรีสะเกษ,พยุห์,พรหมสวัสดิ์,332002
33230,ศรีสะเกษ,พยุห์,ตำแย,332003
33230,ศรีสะเกษ,พยุห์,โนนเพ็ก,332004
33230,ศรีสะเกษ,พยุห์,หนองค้า,332005
33120,ศรีสะเกษ,โพธิ์ศรีสุวรรณ,โดด,332101
33120,ศรีสะเกษ,โพธิ์ศรีสุวรรณ,เสียว,332102
33120,ศรีสะเกษ,โพธิ์ศรีสุวรรณ,หนองม้า,332103
33120,ศรีสะเกษ,โพธิ์ศรีสุวรรณ,ผือใหญ่,332104
33120,ศรีสะเกษ,โพธิ์ศรีสุวรรณ,อีเซ,332105
33160,ศรีสะเกษ,ศิลาลาด,กุง,332201
33160,ศรีสะเกษ,ศิลาลาด,คลีกลิ้ง,332202
33160,ศรีสะเกษ,ศิลาลาด,หนองบัวดง,332203
33160,ศรีสะเกษ,ศิลาลาด,โจดม่วง,332204
34000,อุบลราชธานี,เมืองอุบลราชธานี,ในเมือง,340101
34000,อุบลราชธานี,เมืองอุบลราชธานี,หัวเรือ,340104
34000,อุบลราชธานี,เมืองอุบลราชธานี,หนองขอน,340105
34000,อุบลราชธานี,เมืองอุบลราชธานี,ปทุม,340107
34000,อุบลราชธานี,เมืองอุบลราชธานี,ขามใหญ่,340108
34000,อุบลราชธานี,เมืองอุบลราชธานี,แจระแม,340109
34000,อุบลราชธานี,เมืองอุบลราชธานี,หนองบ่อ,340111
34000,อุบลราชธานี,เมืองอุบลราชธานี,ไร่น้อย,340112
34000,อุบลราชธานี,เมืองอุบลราชธานี,กระโสบ,340113
34000,อุบลราชธานี,เมืองอุบลราชธานี,กุดลาด,340116
34000,อุบลราชธานี,เมืองอุบลราชธานี,ขี้เหล็ก,340119
34000,อุบลราชธานี,เมืองอุบลราชธานี,ปะอาว,340120
34250,อุบลราชธานี,ศรีเมืองใหม่,นาคำ,340201
34250,อุบลราชธานี,ศรีเมืองใหม่,แก้งกอก,340202
34250,อุบลราชธานี,ศรีเมืองใหม่,เอือดใหญ่,340203
34250,อุบลราชธานี,ศรีเมืองใหม่,วาริน,340204
34250,อุบลราชธานี,ศรีเมืองใหม่,ลาดควาย,340205
34250,อุบลราชธานี,ศรีเมืองใหม่,สงยาง,340206
34250,อุบลราชธานี,ศรีเมืองใหม่,ตะบ่าย,340207
34250,อุบลราชธานี,ศรีเมืองใหม่,คำไหล,340208
34250,อุบลราชธานี,ศรีเมืองใหม่,หนามแท่ง,340209
34250,อุบลราชธานี,ศรีเมืองใหม่,นาเลิน,340210
34250,อุบลราชธานี,ศรีเมืองใหม่,ดอนใหญ่,340211
34220,อุบลราชธานี,โขงเจียม,โขงเจียม,340301
34220,อุบลราชธานี,โขงเจียม,ห้วยยาง,340302
34220,อุบลราชธานี,โขงเจียม,นาโพธิ์กลาง,340303
34220,อุบลราชธานี,โขงเจียม,หนองแสงใหญ่,340304
34220,อุบลราชธานี,โขงเจียม,ห้วยไผ่,340305
34150,อุบลราชธานี,เขื่องใน,เขื่องใน,340401
34150,อุบลราชธานี,เขื่องใน,สร้างถ่อ,340402
34150,อุบลราชธานี,เขื่องใน,ค้อทอง,340403
34150,อุบลราชธานี,เขื่องใน,ก่อเอ้,340404
34150,อุบลราชธานี,เขื่องใน,หัวดอน,340405
34150,อุบลราชธานี,เขื่องใน,ชีทวน,340406
34150,อุบลราชธานี,เขื่องใน,ท่าไห,340407
34150,อุบลราชธานี,เขื่องใน,นาคำใหญ่,340408
34150,อุบลราชธานี,เขื่องใน,แดงหม้อ,340409
34150,อุบลราชธานี,เขื่องใน,ธาตุน้อย,340410
34320,อุบลราชธานี,เขื่องใน,บ้านไทย,340411
34320,อุบลราชธานี,เขื่องใน,บ้านกอก,340412
34320,อุบลราชธานี,เขื่องใน,กลางใหญ่,340413
34320,อุบลราชธานี,เขื่องใน,โนนรัง,340414
34150,อุบลราชธานี,เขื่องใน,ยางขี้นก,340415
34150,อุบลราชธานี,เขื่องใน,ศรีสุข,340416
34150,อุบลราชธานี,เขื่องใน,สหธาตุ,340417
34150,อุบลราชธานี,เขื่องใน,หนองเหล่า,340418
34170,อุบลราชธานี,เขมราฐ,เขมราฐ,340501
34170,อุบลราชธานี,เขมราฐ,ขามป้อม,340503
34170,อุบลราชธานี,เขมราฐ,เจียด,340504
34170,อุบลราชธานี,เขมราฐ,หนองผือ,340507
34170,อุบลราชธานี,เขมราฐ,นาแวง,340508
34170,อุบลราชธานี,เขมราฐ,แก้งเหนือ,340510
34170,อุบลราชธานี,เขมราฐ,หนองนกทา,340511
34170,อุบลราชธานี,เขมราฐ,หนองสิม,340512
34170,อุบลราชธานี,เขมราฐ,หัวนา,340513
34160,อุบลราชธานี,เดชอุดม,เมืองเดช,340701
34160,อุบลราชธานี,เดชอุดม,นาส่วง,340702
34160,อุบลราชธานี,เดชอุดม,นาเจริญ,340704
34160,อุบลราชธานี,เดชอุดม,ทุ่งเทิง,340706
34160,อุบลราชธานี,เดชอุดม,สมสะอาด,340708
34160,อุบลราชธานี,เดชอุดม,กุดประทาย,340709
34160,อุบลราชธานี,เดชอุดม,ตบหู,340710
34160,อุบลราชธานี,เดชอุดม,กลาง,340711
34160,อุบลราชธานี,เดชอุดม,แก้ง,340712
34160,อุบลราชธานี,เดชอุดม,ท่าโพธิ์ศรี,340713
34160,อุบลราชธานี,เดชอุดม,บัวงาม,340715
34160,อุบลราชธานี,เดชอุดม,คำครั่ง,340716
34160,อุบลราชธานี,เดชอุดม,นากระแซง,340717
34160,อุบลราชธานี,เดชอุดม,โพนงาม,340720
34160,อุบลราชธานี,เดชอุดม,ป่าโมง,340721
34160,อุบลราชธานี,เดชอุดม,โนนสมบูรณ์,340723
34280,อุบลราชธานี,นาจะหลวย,นาจะหลวย,340801
34280,อุบลราชธานี,นาจะหลวย,โนนสมบูรณ์,340802
34280,อุบลราชธานี,นาจะหลวย,พรสวรรค์,340803
34280,อุบลราชธานี,นาจะหลวย,บ้านตูม,340804
34280,อุบลราชธานี,นาจะหลวย,โสกแสง,340805
34280,อุบลราชธานี,นาจะหลวย,โนนสวรรค์,340806
34260,อุบลราชธานี,น้ำยืน,โซง,340901
34260,อุบลราชธานี,น้ำยืน,ยาง,340903
34260,อุบลราชธานี,น้ำยืน,โดมประดิษฐ์,340904
34260,อุบลราชธานี,น้ำยืน,บุเปือย,340906
34260,อุบลราชธานี,น้ำยืน,สีวิเชียร,340907
34260,อุบลราชธานี,น้ำยืน,ยางใหญ่,340909
34260,อุบลราชธานี,น้ำยืน,เก่าขาม,340911
34230,อุบลราชธานี,บุณฑริก,โพนงาม,341001
34230,อุบลราชธานี,บุณฑริก,ห้วยข่า,341002
34230,อุบลราชธานี,บุณฑริก,คอแลน,341003
34230,อุบลราชธานี,บุณฑริก,นาโพธิ์,341004
34230,อุบลราชธานี,บุณฑริก,หนองสะโน,341005
34230,อุบลราชธานี,บุณฑริก,โนนค้อ,341006
34230,อุบลราชธานี,บุณฑริก,บัวงาม,341007
34230,อุบลราชธานี,บุณฑริก,บ้านแมด,341008
34130,อุบลราชธานี,ตระการพืชผล,ขุหลุ,341101
34130,อุบลราชธานี,ตระการพืชผล,กระเดียน,341102
34130,อุบลราชธานี,ตระการพืชผล,เกษม,341103
34130,อุบลราชธานี,ตระการพืชผล,กุศกร,341104
34130,อุบลราชธานี,ตระการพืชผล,ขามเปี้ย,341105
34130,อุบลราชธานี,ตระการพืชผล,คอนสาย,341106
34130,อุบลราชธานี,ตระการพืชผล,โคกจาน,341107
34130,อุบลราชธานี,ตระการพืชผล,นาพิน,341108
34130,อุบลราชธานี,ตระการพืชผล,นาสะไม,341109
34130,อุบลราชธานี,ตระการพืชผล,โนนกุง,341110
34130,อุบลราชธานี,ตระการพืชผล,ตระการ,341111
34130,อุบลราชธานี,ตระการพืชผล,ตากแดด,341112
34130,อุบลราชธานี,ตระการพืชผล,ไหล่ทุ่ง,341113
34130,อุบลราชธานี,ตระการพืชผล,เป้า,341114
34130,อุบลราชธานี,ตระการพืชผล,เซเป็ด,341115
34130,อุบลราชธานี,ตระการพืชผล,สะพือ,341116
34130,อุบลราชธานี,ตระการพืชผล,หนองเต่า,341117
34130,อุบลราชธานี,ตระการพืชผล,ถ้ำแข้,341118
34130,อุบลราชธานี,ตระการพืชผล,ท่าหลวง,341119
34130,อุบลราชธานี,ตระการพืชผล,ห้วยฝ้ายพัฒนา,341120
34130,อุบลราชธานี,ตระการพืชผล,กุดยาลวน,341121
34130,อุบลราชธานี,ตระการพืชผล,บ้านแดง,341122
34130,อุบลราชธานี,ตระการพืชผล,คำเจริญ,341123
34270,อุบลราชธานี,กุดข้าวปุ้น,ข้าวปุ้น,341201
34270,อุบลราชธานี,กุดข้าวปุ้น,โนนสวาง,341202
34270,อุบลราชธานี,กุดข้าวปุ้น,แก่งเค็ง,341203
34270,อุบลราชธานี,กุดข้าวปุ้น,กาบิน,341204
34270,อุบลราชธานี,กุดข้าวปุ้น,หนองทันน้ำ,341205
34140,อุบลราชธานี,ม่วงสามสิบ,ม่วงสามสิบ,341401
34140,อุบลราชธานี,ม่วงสามสิบ,เหล่าบก,341402
34140,อุบลราชธานี,ม่วงสามสิบ,ดุมใหญ่,341403
34140,อุบลราชธานี,ม่วงสามสิบ,หนองช้างใหญ่,341404
34140,อุบลราชธานี,ม่วงสามสิบ,หนองเมือง,341405
34140,อุบลราชธานี,ม่วงสามสิบ,เตย,341406
34140,อุบลราชธานี,ม่วงสามสิบ,ยางสักกระโพหลุ่ม,341407
34140,อุบลราชธานี,ม่วงสามสิบ,หนองไข่นก,341408
34140,อุบลราชธานี,ม่วงสามสิบ,หนองเหล่า,341409
34140,อุบลราชธานี,ม่วงสามสิบ,หนองฮาง,341410
34140,อุบลราชธานี,ม่วงสามสิบ,ยางโยภาพ,341411
34140,อุบลราชธานี,ม่วงสามสิบ,ไผ่ใหญ่,341412
34140,อุบลราชธานี,ม่วงสามสิบ,นาเลิง,341413
34140,อุบลราชธานี,ม่วงสามสิบ,โพนแพง,341414
34190,อุบลราชธานี,วารินชำราบ,วารินชำราบ,341501
34190,อุบลราชธานี,วารินชำราบ,ธาตุ,341502
34310,อุบลราชธานี,วารินชำราบ,ท่าลาด,341504
34190,อุบลราชธานี,วารินชำราบ,โนนโหนน,341505
34190,อุบลราชธานี,วารินชำราบ,คูเมือง,341507
34190,อุบลราชธานี,วารินชำราบ,สระสมิง,341508
34190,อุบลราชธานี,วารินชำราบ,คำน้ำแซบ,341510
34310,อุบลราชธานี,วารินชำราบ,บุ่งหวาย,341511
34190,อุบลราชธานี,วารินชำราบ,คำขวาง,341515
34190,อุบลราชธานี,วารินชำราบ,โพธิ์ใหญ่,341516
34190,อุบลราชธานี,วารินชำราบ,แสนสุข,341518
34190,อุบลราชธานี,วารินชำราบ,หนองกินเพล,341520
34190,อุบลราชธานี,วารินชำราบ,โนนผึ้ง,341521
34190,อุบลราชธานี,วารินชำราบ,เมืองศรีไค,341522
34310,อุบลราชธานี,วารินชำราบ,ห้วยขะยุง,341524
34190,อุบลราชธานี,วารินชำราบ,บุ่งไหม,341526
34110,อุบลราชธานี,พิบูลมังสาหาร,พิบูล,341901
34110,อุบลราชธานี,พิบูลมังสาหาร,กุดชมภู,341902
34110,อุบลราชธานี,พิบูลมังสาหาร,ดอนจิก,341904
34110,อุบลราชธานี,พิบูลมังสาหาร,ทรายมูล,341905
34110,อุบลราชธานี,พิบูลมังสาหาร,นาโพธิ์,341906
34110,อุบลราชธานี,พิบูลมังสาหาร,โนนกลาง,341907
34110,อุบลราชธานี,พิบูลมังสาหาร,โพธิ์ไทร,341909
34110,อุบลราชธานี,พิบูลมังสาหาร,โพธิ์ศรี,341910
34110,อุบลราชธานี,พิบูลมังสาหาร,ระเว,341911
34110,อุบลราชธานี,พิบูลมังสาหาร,ไร่ใต้,341912
34110,อุบลราชธานี,พิบูลมังสาหาร,หนองบัวฮี,341913
34110,อุบลราชธานี,พิบูลมังสาหาร,อ่างศิลา,341914
34110,อุบลราชธานี,พิบูลมังสาหาร,โนนกาหลง,341918
34110,อุบลราชธานี,พิบูลมังสาหาร,บ้านแขม,341919
34330,อุบลราชธานี,ตาลสุม,ตาลสุม,342001
34330,อุบลราชธานี,ตาลสุม,สำโรง,342002
34330,อุบลราชธานี,ตาลสุม,จิกเทิง,342003
34330,อุบลราชธานี,ตาลสุม,หนองกุง,342004
34330,อุบลราชธานี,ตาลสุม,นาคาย,342005
34330,อุบลราชธานี,ตาลสุม,คำหว้า,342006
34340,อุบลราชธานี,โพธิ์ไทร,โพธิ์ไทร,342101
34340,อุบลราชธานี,โพธิ์ไทร,ม่วงใหญ่,342102
34340,อุบลราชธานี,โพธิ์ไทร,สำโรง,342103
34340,อุบลราชธานี,โพธิ์ไทร,สองคอน,342104
34340,อุบลราชธานี,โพธิ์ไทร,สารภี,342105
34340,อุบลราชธานี,โพธิ์ไทร,เหล่างาม,342106
34360,อุบลราชธานี,สำโรง,สำโรง,342201
34360,อุบลราชธานี,สำโรง,โคกก่อง,342202
34360,อุบลราชธานี,สำโรง,หนองไฮ,342203
34360,อุบลราชธานี,สำโรง,ค้อน้อย,342204
34360,อุบลราชธานี,สำโรง,โนนกาเล็น,342205
34360,อุบลราชธานี,สำโรง,โคกสว่าง,342206
34360,อุบลราชธานี,สำโรง,โนนกลาง,342207
34360,อุบลราชธานี,สำโรง,บอน,342208
34360,อุบลราชธานี,สำโรง,ขามป้อม,342209
34000,อุบลราชธานี,ดอนมดแดง,ดอนมดแดง,342401
34000,อุบลราชธานี,ดอนมดแดง,เหล่าแดง,342402
34000,อุบลราชธานี,ดอนมดแดง,ท่าเมือง,342403
34000,อุบลราชธานี,ดอนมดแดง,คำไฮใหญ่,342404
34350,อุบลราชธานี,สิรินธร,คันไร่,342501
34350,อุบลราชธานี,สิรินธร,ช่องเม็ก,342502
34350,อุบลราชธานี,สิรินธร,โนนก่อ,342503
34350,อุบลราชธานี,สิรินธร,นิคมสร้างตนเองลำโดมน้อย,342504
34350,อุบลราชธานี,สิรินธร,ฝางคำ,342505
34350,อุบลราชธานี,สิรินธร,คำเขื่อนแก้ว,342506
34160,อุบลราชธานี,ทุ่งศรีอุดม,หนองอ้ม,342602
34160,อุบลราชธานี,ทุ่งศรีอุดม,นาเกษม,342603
34160,อุบลราชธานี,ทุ่งศรีอุดม,กุดเรือ,342604
34160,อุบลราชธานี,ทุ่งศรีอุดม,โคกชำแระ,342605
34160,อุบลราชธานี,ทุ่งศรีอุดม,นาห่อม,342606
34160,อุบลราชธานี,นาเยีย,นาเยีย,342901
34160,อุบลราชธานี,นาเยีย,นาดี,342902
34160,อุบลราชธานี,นาเยีย,นาเรือง,342903
34170,อุบลราชธานี,นาตาล,นาตาล,343001
34170,อุบลราชธานี,นาตาล,พะลาน,343002
34170,อุบลราชธานี,นาตาล,กองโพน,343003
34170,อุบลราชธานี,นาตาล,พังเคน,343004
34000,อุบลราชธานี,เหล่าเสือโก้ก,เหล่าเสือโก้ก,343101
34000,อุบลราชธานี,เหล่าเสือโก้ก,โพนเมือง,343102
34000,อุบลราชธานี,เหล่าเสือโก้ก,แพงใหญ่,343103
34000,อุบลราชธานี,เหล่าเสือโก้ก,หนองบก,343104
34190,อุบลราชธานี,สว่างวีระวงศ์,แก่งโดม,343201
34190,อุบลราชธานี,สว่างวีระวงศ์,ท่าช้าง,343202
34190,อุบลราชธานี,สว่างวีระวงศ์,บุ่งมะแลง,343203
34190,อุบลราชธานี,สว่างวีระวงศ์,สว่าง,343204
34260,อุบลราชธานี,น้ำขุ่น,ตาเกา,343301
34260,อุบลราชธานี,น้ำขุ่น,ไพบูลย์,343302
34260,อุบลราชธานี,น้ำขุ่น,ขี้เหล็ก,343303
34260,อุบลราชธานี,น้ำขุ่น,โคกสะอาด,343304
35000,ยโสธร,เมืองยโสธร,ในเมือง,350101
35000,ยโสธร,เมืองยโสธร,น้ำคำใหญ่,350102
35000,ยโสธร,เมืองยโสธร,ตาดทอง,350103
35000,ยโสธร,เมืองยโสธร,สำราญ,350104
35000,ยโสธร,เมืองยโสธร,ค้อเหนือ,350105
35000,ยโสธร,เมืองยโสธร,ดู่ทุ่ง,350106
35000,ยโสธร,เมืองยโสธร,เดิด,350107
35000,ยโสธร,เมืองยโสธร,ขั้นไดใหญ่,350108
35000,ยโสธร,เมืองยโสธร,ทุ่งแต้,350109
35000,ยโสธร,เมืองยโสธร,สิงห์,350110
35000,ยโสธร,เมืองยโสธร,นาสะไมย์,350111
35000,ยโสธร,เมืองยโสธร,เขื่องคำ,350112
35000,ยโสธร,เมืองยโสธร,หนองหิน,350113
35000,ยโสธร,เมืองยโสธร,หนองคู,350114
35000,ยโสธร,เมืองยโสธร,ขุมเงิน,350115
35000,ยโสธร,เมืองยโสธร,ทุ่งนางโอก,350116
35000,ยโสธร,เมืองยโสธร,หนองเรือ,350117
35000,ยโสธร,เมืองยโสธร,หนองเป็ด,350118
35170,ยโสธร,ทรายมูล,ทรายมูล,350201
35170,ยโสธร,ทรายมูล,ดู่ลาด,350202
35170,ยโสธร,ทรายมูล,ดงมะไฟ,350203
35170,ยโสธร,ทรายมูล,นาเวียง,350204
35170,ยโสธร,ทรายมูล,ไผ่,350205
35140,ยโสธร,กุดชุม,กุดชุม,350301
35140,ยโสธร,กุดชุม,โนนเปือย,350302
35140,ยโสธร,กุดชุม,กำแมด,350303
35140,ยโสธร,กุดชุม,นาโส่,350304
35140,ยโสธร,กุดชุม,ห้วยแก้ง,350305
35140,ยโสธร,กุดชุม,หนองหมี,350306
35140,ยโสธร,กุดชุม,โพนงาม,350307
35140,ยโสธร,กุดชุม,คำน้ำสร้าง,350308
35140,ยโสธร,กุดชุม,หนองแหน,350309
35110,ยโสธร,คำเขื่อนแก้ว,ลุมพุก,350401
35110,ยโสธร,คำเขื่อนแก้ว,ย่อ,350402
35110,ยโสธร,คำเขื่อนแก้ว,สงเปือย,350403
35110,ยโสธร,คำเขื่อนแก้ว,โพนทัน,350404
35110,ยโสธร,คำเขื่อนแก้ว,ทุ่งมน,350405
35180,ยโสธร,คำเขื่อนแก้ว,นาคำ,350406
35180,ยโสธร,คำเขื่อนแก้ว,ดงแคนใหญ่,350407
35110,ยโสธร,คำเขื่อนแก้ว,กู่จาน,350408
35180,ยโสธร,คำเขื่อนแก้ว,นาแก,350409
35110,ยโสธร,คำเขื่อนแก้ว,กุดกุง,350410
35110,ยโสธร,คำเขื่อนแก้ว,เหล่าไฮ,350411
35180,ยโสธร,คำเขื่อนแก้ว,แคนน้อย,350412
35110,ยโสธร,คำเขื่อนแก้ว,ดงเจริญ,350413
35150,ยโสธร,ป่าติ้ว,โพธิ์ไทร,350501
35150,ยโสธร,ป่าติ้ว,กระจาย,350502
35150,ยโสธร,ป่าติ้ว,โคกนาโก,350503
35150,ยโสธร,ป่าติ้ว,เชียงเพ็ง,350504
35150,ยโสธร,ป่าติ้ว,ศรีฐาน,350505
35130,ยโสธร,มหาชนะชัย,ฟ้าหยาด,350601
35130,ยโสธร,มหาชนะชัย,หัวเมือง,350602
35130,ยโสธร,มหาชนะชัย,คูเมือง,350603
35130,ยโสธร,มหาชนะชัย,ผือฮี,350604
35130,ยโสธร,มหาชนะชัย,บากเรือ,350605
35130,ยโสธร,มหาชนะชัย,ม่วง,350606
35130,ยโสธร,มหาชนะชัย,โนนทราย,350607
35130,ยโสธร,มหาชนะชัย,บึงแก,350608
35130,ยโสธร,มหาชนะชัย,พระเสาร์,350609
35130,ยโสธร,มหาชนะชัย,สงยาง,350610
35160,ยโสธร,ค้อวัง,ฟ้าห่วน,350701
35160,ยโสธร,ค้อวัง,กุดน้ำใส,350702
35160,ยโสธร,ค้อวัง,น้ำอ้อม,350703
35160,ยโสธร,ค้อวัง,ค้อวัง,350704
35120,ยโสธร,เลิงนกทา,บุ่งค้า,350802
35120,ยโสธร,เลิงนกทา,สวาท,350803
35120,ยโสธร,เลิงนกทา,ห้องแซง,350805
35120,ยโสธร,เลิงนกทา,สามัคคี,350806
35120,ยโสธร,เลิงนกทา,กุดเชียงหมี,350807
35120,ยโสธร,เลิงนกทา,สามแยก,350810
35120,ยโสธร,เลิงนกทา,กุดแห่,350811
35120,ยโสธร,เลิงนกทา,โคกสำราญ,350812
35120,ยโสธร,เลิงนกทา,สร้างมิ่ง,350813
35120,ยโสธร,เลิงนกทา,ศรีแก้ว,350814
35120,ยโสธร,ไทยเจริญ,ไทยเจริญ,350901
35120,ยโสธร,ไทยเจริญ,น้ำคำ,350902
35120,ยโสธร,ไทยเจริญ,ส้มผ่อ,350903
35120,ยโสธร,ไทยเจริญ,คำเตย,350904
35120,ยโสธร,ไทยเจริญ,คำไผ่,350905
36000,ชัยภูมิ,เมืองชัยภูมิ,ในเมือง,360101
36000,ชัยภูมิ,เมืองชัยภูมิ,รอบเมือง,360102
36000,ชัยภูมิ,เมืองชัยภูมิ,โพนทอง,360103
36000,ชัยภูมิ,เมืองชัยภูมิ,นาฝาย,360104
36240,ชัยภูมิ,เมืองชัยภูมิ,บ้านค่าย,360105
36000,ชัยภูมิ,เมืองชัยภูมิ,กุดตุ้ม,360106
36000,ชัยภูมิ,เมืองชัยภูมิ,ชีลอง,360107
36000,ชัยภูมิ,เมืองชัยภูมิ,บ้านเล่า,360108
36000,ชัยภูมิ,เมืองชัยภูมิ,นาเสียว,360109
36000,ชัยภูมิ,เมืองชัยภูมิ,หนองนาแซง,360110
36000,ชัยภูมิ,เมืองชัยภูมิ,ลาดใหญ่,360111
36240,ชัยภูมิ,เมืองชัยภูมิ,หนองไผ่,360112
36000,ชัยภูมิ,เมืองชัยภูมิ,ท่าหินโงม,360113
36000,ชัยภูมิ,เมืองชัยภูมิ,ห้วยต้อน,360114
36000,ชัยภูมิ,เมืองชัยภูมิ,ห้วยบง,360115
36240,ชัยภูมิ,เมืองชัยภูมิ,โนนสำราญ,360116
36000,ชัยภูมิ,เมืองชัยภูมิ,โคกสูง,360117
36000,ชัยภูมิ,เมืองชัยภูมิ,บุ่งคล้า,360118
36000,ชัยภูมิ,เมืองชัยภูมิ,ซับสีทอง,360119
36170,ชัยภูมิ,บ้านเขว้า,บ้านเขว้า,360201
36170,ชัยภูมิ,บ้านเขว้า,ตลาดแร้ง,360202
36170,ชัยภูมิ,บ้านเขว้า,ลุ่มลำชี,360203
36170,ชัยภูมิ,บ้านเขว้า,ชีบน,360204
36170,ชัยภูมิ,บ้านเขว้า,ภูแลนคา,360205
36170,ชัยภูมิ,บ้านเขว้า,โนนแดง,360206
36140,ชัยภูมิ,คอนสวรรค์,คอนสวรรค์,360301
36140,ชัยภูมิ,คอนสวรรค์,ยางหวาย,360302
36140,ชัยภูมิ,คอนสวรรค์,ช่องสามหมอ,360303
36140,ชัยภูมิ,คอนสวรรค์,โนนสะอาด,360304
36140,ชัยภูมิ,คอนสวรรค์,ห้วยไร่,360305
36140,ชัยภูมิ,คอนสวรรค์,บ้านโสก,360306
36140,ชัยภูมิ,คอนสวรรค์,โคกมั่งงอย,360307
36140,ชัยภูมิ,คอนสวรรค์,หนองขาม,360308
36140,ชัยภูมิ,คอนสวรรค์,ศรีสำราญ,360309
36120,ชัยภูมิ,เกษตรสมบูรณ์,บ้านยาง,360401
36120,ชัยภูมิ,เกษตรสมบูรณ์,บ้านหัน,360402
36120,ชัยภูมิ,เกษตรสมบูรณ์,บ้านเดื่อ,360403
36120,ชัยภูมิ,เกษตรสมบูรณ์,บ้านเป้า,360404
36120,ชัยภูมิ,เกษตรสมบูรณ์,กุดเลาะ,360405
36120,ชัยภูมิ,เกษตรสมบูรณ์,โนนกอก,360406
36120,ชัยภูมิ,เกษตรสมบูรณ์,สระโพนทอง,360407
36120,ชัยภูมิ,เกษตรสมบูรณ์,หนองข่า,360408
36120,ชัยภูมิ,เกษตรสมบูรณ์,หนองโพนงาม,360409
36120,ชัยภูมิ,เกษตรสมบูรณ์,บ้านบัว,360410
36120,ชัยภูมิ,เกษตรสมบูรณ์,โนนทอง,360412
36210,ชัยภูมิ,หนองบัวแดง,หนองบัวแดง,360501
36210,ชัยภูมิ,หนองบัวแดง,กุดชุมแสง,360502
36210,ชัยภูมิ,หนองบัวแดง,ถ้ำวัวแดง,360503
36210,ชัยภูมิ,หนองบัวแดง,นางแดด,360504
36210,ชัยภูมิ,หนองบัวแดง,หนองแวง,360507
36210,ชัยภูมิ,หนองบัวแดง,คูเมือง,360508
36210,ชัยภูมิ,หนองบัวแดง,ท่าใหญ่,360509
36210,ชัยภูมิ,หนองบัวแดง,วังชมภู,360511
36130,ชัยภูมิ,จัตุรัส,บ้านกอก,360601
36130,ชัยภูมิ,จัตุรัส,หนองบัวบาน,360602
36130,ชัยภูมิ,จัตุรัส,บ้านขาม,360603
36130,ชัยภูมิ,จัตุรัส,กุดน้ำใส,360605
36130,ชัยภูมิ,จัตุรัส,หนองโดน,360606
36130,ชัยภูมิ,จัตุรัส,ละหาน,360607
36130,ชัยภูมิ,จัตุรัส,หนองบัวใหญ่,360610
36220,ชัยภูมิ,จัตุรัส,หนองบัวโคก,360611
36130,ชัยภูมิ,จัตุรัส,ส้มป่อย,360613
36160,ชัยภูมิ,บำเหน็จณรงค์,บ้านชวน,360701
36160,ชัยภูมิ,บำเหน็จณรงค์,บ้านเพชร,360702
36220,ชัยภูมิ,บำเหน็จณรงค์,บ้านตาล,360703
36220,ชัยภูมิ,บำเหน็จณรงค์,หัวทะเล,360704
36160,ชัยภูมิ,บำเหน็จณรงค์,โคกเริงรมย์,360705
36160,ชัยภูมิ,บำเหน็จณรงค์,เกาะมะนาว,360706
36160,ชัยภูมิ,บำเหน็จณรงค์,โคกเพชรพัฒนา,360707
36250,ชัยภูมิ,หนองบัวระเหว,หนองบัวระเหว,360801
36250,ชัยภูมิ,หนองบัวระเหว,วังตะเฆ่,360802
36250,ชัยภูมิ,หนองบัวระเหว,ห้วยแย้,360803
36250,ชัยภูมิ,หนองบัวระเหว,โคกสะอาด,360804
36250,ชัยภูมิ,หนองบัวระเหว,โสกปลาดุก,360805
36230,ชัยภูมิ,เทพสถิต,วะตะแบก,360901
36230,ชัยภูมิ,เทพสถิต,ห้วยยายจิ๋ว,360902
36230,ชัยภูมิ,เทพสถิต,นายางกลัก,360903
36230,ชัยภูมิ,เทพสถิต,บ้านไร่,360904
36230,ชัยภูมิ,เทพสถิต,โป่งนก,360905
36110,ชัยภูมิ,ภูเขียว,ผักปัง,361001
36110,ชัยภูมิ,ภูเขียว,กวางโจน,361002
36110,ชัยภูมิ,ภูเขียว,หนองคอนไทย,361003
36110,ชัยภูมิ,ภูเขียว,บ้านแก้ง,361004
36110,ชัยภูมิ,ภูเขียว,กุดยม,361005
36110,ชัยภูมิ,ภูเขียว,บ้านเพชร,361006
36110,ชัยภูมิ,ภูเขียว,โคกสะอาด,361007
36110,ชัยภูมิ,ภูเขียว,หนองตูม,361008
36110,ชัยภูมิ,ภูเขียว,โอโล,361009
36110,ชัยภูมิ,ภูเขียว,ธาตุทอง,361010
36110,ชัยภูมิ,ภูเขียว,บ้านดอน,361011
36190,ชัยภูมิ,บ้านแท่น,บ้านแท่น,361101
36190,ชัยภูมิ,บ้านแท่น,สามสวน,361102
36190,ชัยภูมิ,บ้านแท่น,สระพัง,361103
36190,ชัยภูมิ,บ้านแท่น,บ้านเต่า,361104
36190,ชัยภูมิ,บ้านแท่น,หนองคู,361105
36150,ชัยภูมิ,แก้งคร้อ,ช่องสามหมอ,361201
36150,ชัยภูมิ,แก้งคร้อ,หนองขาม,361202
36150,ชัยภูมิ,แก้งคร้อ,นาหนองทุ่ม,361203
36150,ชัยภูมิ,แก้งคร้อ,บ้านแก้ง,361204
36150,ชัยภูมิ,แก้งคร้อ,หนองสังข์,361205
36150,ชัยภูมิ,แก้งคร้อ,หลุบคา,361206
36150,ชัยภูมิ,แก้งคร้อ,โคกกุง,361207
36150,ชัยภูมิ,แก้งคร้อ,เก่าย่าดี,361208
36150,ชัยภูมิ,แก้งคร้อ,ท่ามะไฟหวาน,361209
36150,ชัยภูมิ,แก้งคร้อ,หนองไผ่,361210
36180,ชัยภูมิ,คอนสาร,คอนสาร,361301
36180,ชัยภูมิ,คอนสาร,ทุ่งพระ,361302
36180,ชัยภูมิ,คอนสาร,โนนคูณ,361303
36180,ชัยภูมิ,คอนสาร,ห้วยยาง,361304
36180,ชัยภูมิ,คอนสาร,ทุ่งลุยลาย,361305
36180,ชัยภูมิ,คอนสาร,ดงบัง,361306
36180,ชัยภูมิ,คอนสาร,ทุ่งนาเลา,361307
36180,ชัยภูมิ,คอนสาร,ดงกลาง,361308
36260,ชัยภูมิ,ภักดีชุมพล,บ้านเจียง,361401
36260,ชัยภูมิ,ภักดีชุมพล,เจาทอง,361402
36260,ชัยภูมิ,ภักดีชุมพล,วังทอง,361403
36260,ชัยภูมิ,ภักดีชุมพล,แหลมทอง,361404
36130,ชัยภูมิ,เนินสง่า,หนองฉิม,361501
36130,ชัยภูมิ,เนินสง่า,ตาเนิน,361502
36130,ชัยภูมิ,เนินสง่า,กะฮาด,361503
36130,ชัยภูมิ,เนินสง่า,รังงาม,361504
36130,ชัยภูมิ,ซับใหญ่,ซับใหญ่,361601
36130,ชัยภูมิ,ซับใหญ่,ท่ากูบ,361602
36130,ชัยภูมิ,ซับใหญ่,ตะโกทอง,361603
37000,อำนาจเจริญ,เมืองอำนาจเจริญ,บุ่ง,370101
37000,อำนาจเจริญ,เมืองอำนาจเจริญ,ไก่คำ,370102
37000,อำนาจเจริญ,เมืองอำนาจเจริญ,นาจิก,370103
37000,อำนาจเจริญ,เมืองอำนาจเจริญ,ปลาค้าว,370104
37000,อำนาจเจริญ,เมืองอำนาจเจริญ,เหล่าพรวน,370105
37000,อำนาจเจริญ,เมืองอำนาจเจริญ,สร้างนกทา,370106
37000,อำนาจเจริญ,เมืองอำนาจเจริญ,คึมใหญ่,370107
37000,อำนาจเจริญ,เมืองอำนาจเจริญ,นาผือ,370108
37000,อำนาจเจริญ,เมืองอำนาจเจริญ,น้ำปลีก,370109
37000,อำนาจเจริญ,เมืองอำนาจเจริญ,นาวัง,370110
37000,อำนาจเจริญ,เมืองอำนาจเจริญ,นาหมอม้า,370111
37000,อำนาจเจริญ,เมืองอำนาจเจริญ,โนนโพธิ์,370112
37000,อำนาจเจริญ,เมืองอำนาจเจริญ,โนนหนามแท่ง,370113
37000,อำนาจเจริญ,เมืองอำนาจเจริญ,ห้วยไร่,370114
37000,อำนาจเจริญ,เมืองอำนาจเจริญ,หนองมะแซว,370115
37000,อำนาจเจริญ,เมืองอำนาจเจริญ,กุดปลาดุก,370116
37000,อำนาจเจริญ,เมืองอำนาจเจริญ,ดอนเมย,370117
37000,อำนาจเจริญ,เมืองอำนาจเจริญ,นายม,370118
37000,อำนาจเจริญ,เมืองอำนาจเจริญ,นาแต้,370119
37210,อำนาจเจริญ,ชานุมาน,ชานุมาน,370201
37210,อำนาจเจริญ,ชานุมาน,โคกสาร,370202
37210,อำนาจเจริญ,ชานุมาน,คำเขื่อนแก้ว,370203
37210,อำนาจเจริญ,ชานุมาน,โคกก่ง,370204
37210,อำนาจเจริญ,ชานุมาน,ป่าก่อ,370205
37110,อำนาจเจริญ,ปทุมราชวงศา,หนองข่า,370301
37110,อำนาจเจริญ,ปทุมราชวงศา,คำโพน,370302
37110,อำนาจเจริญ,ปทุมราชวงศา,นาหว้า,370303
37110,อำนาจเจริญ,ปทุมราชวงศา,ลือ,370304
37110,อำนาจเจริญ,ปทุมราชวงศา,ห้วย,370305
37110,อำนาจเจริญ,ปทุมราชวงศา,โนนงาม,370306
37110,อำนาจเจริญ,ปทุมราชวงศา,นาป่าแซง,370307
37180,อำนาจเจริญ,พนา,พนา,370401
37180,อำนาจเจริญ,พนา,จานลาน,370402
37180,อำนาจเจริญ,พนา,ไม้กลอน,370403
37180,อำนาจเจริญ,พนา,พระเหลา,370404
37290,อำนาจเจริญ,เสนางคนิคม,เสนางคนิคม,370501
37290,อำนาจเจริญ,เสนางคนิคม,โพนทอง,370502
37290,อำนาจเจริญ,เสนางคนิคม,ไร่สีสุก,370503
37290,อำนาจเจริญ,เสนางคนิคม,นาเวียง,370504
37290,อำนาจเจริญ,เสนางคนิคม,หนองไฮ,370505
37290,อำนาจเจริญ,เสนางคนิคม,หนองสามสี,370506
37240,อำนาจเจริญ,หัวตะพาน,หัวตะพาน,370601
37240,อำนาจเจริญ,หัวตะพาน,คำพระ,370602
37240,อำนาจเจริญ,หัวตะพาน,เค็งใหญ่,370603
37240,อำนาจเจริญ,หัวตะพาน,หนองแก้ว,370604
37240,อำนาจเจริญ,หัวตะพาน,โพนเมืองน้อย,370605
37240,อำนาจเจริญ,หัวตะพาน,สร้างถ่อน้อย,370606
37240,อำนาจเจริญ,หัวตะพาน,จิกดู่,370607
37240,อำนาจเจริญ,หัวตะพาน,รัตนวารี,370608
37000,อำนาจเจริญ,ลืออำนาจ,อำนาจ,370701
37000,อำนาจเจริญ,ลืออำนาจ,ดงมะยาง,370702
37000,อำนาจเจริญ,ลืออำนาจ,เปือย,370703
37000,อำนาจเจริญ,ลืออำนาจ,ดงบัง,370704
37000,อำนาจเจริญ,ลืออำนาจ,ไร่ขี,370705
37000,อำนาจเจริญ,ลืออำนาจ,แมด,370706
37000,อำนาจเจริญ,ลืออำนาจ,โคกกลาง,370707
38000,บึงกาฬ,เมืองบึงกาฬ,บึงกาฬ,380101
38000,บึงกาฬ,เมืองบึงกาฬ,โนนสมบูรณ์,380102
38000,บึงกาฬ,เมืองบึงกาฬ,โนนสว่าง,380103
38000,บึงกาฬ,เมืองบึงกาฬ,หอคำ,380104
38000,บึงกาฬ,เมืองบึงกาฬ,หนองเลิง,380105
38000,บึงกาฬ,เมืองบึงกาฬ,โคกก่อง,380106
38000,บึงกาฬ,เมืองบึงกาฬ,นาสวรรค์,380107
38000,บึงกาฬ,เมืองบึงกาฬ,ไคสี,380108
38000,บึงกาฬ,เมืองบึงกาฬ,ชัยพร,380109
38000,บึงกาฬ,เมืองบึงกาฬ,วิศิษฐ์,380110
38000,บึงกาฬ,เมืองบึงกาฬ,คำนาดี,380111
38000,บึงกาฬ,เมืองบึงกาฬ,โป่งเปือย,380112
38150,บึงกาฬ,พรเจริญ,ศรีชมภู,380201
38150,บึงกาฬ,พรเจริญ,ดอนหญ้านาง,380202
38150,บึงกาฬ,พรเจริญ,พรเจริญ,380203
38150,บึงกาฬ,พรเจริญ,หนองหัวช้าง,380204
38150,บึงกาฬ,พรเจริญ,วังชมภู,380205
38150,บึงกาฬ,พรเจริญ,ป่าแฝก,380206
38150,บึงกาฬ,พรเจริญ,ศรีสำราญ,380207
38170,บึงกาฬ,โซ่พิสัย,โซ่,380301
38170,บึงกาฬ,โซ่พิสัย,หนองพันทา,380302
38170,บึงกาฬ,โซ่พิสัย,ศรีชมภู,380303
38170,บึงกาฬ,โซ่พิสัย,คำแก้ว,380304
38170,บึงกาฬ,โซ่พิสัย,บัวตูม,380305
38170,บึงกาฬ,โซ่พิสัย,ถ้ำเจริญ,380306
38170,บึงกาฬ,โซ่พิสัย,เหล่าทอง,380307
38150,บึงกาฬ,เซกา,เซกา,380401
38150,บึงกาฬ,เซกา,ซาง,380402
38150,บึงกาฬ,เซกา,ท่ากกแดง,380403
38150,บึงกาฬ,เซกา,บ้านต้อง,380404
38150,บึงกาฬ,เซกา,ป่งไฮ,380405
38150,บึงกาฬ,เซกา,น้ำจั้น,380406
38150,บึงกาฬ,เซกา,ท่าสะอาด,380407
38150,บึงกาฬ,เซกา,หนองทุ่ม,380408
38150,บึงกาฬ,เซกา,โสกก่าม,380409
38190,บึงกาฬ,ปากคาด,ปากคาด,380501
38190,บึงกาฬ,ปากคาด,หนองยอง,380502
38190,บึงกาฬ,ปากคาด,นากั้ง,380503
38190,บึงกาฬ,ปากคาด,โนนศิลา,380504
38190,บึงกาฬ,ปากคาด,สมสนุก,380505
38190,บึงกาฬ,ปากคาด,นาดง,380506
38220,บึงกาฬ,บึงโขงหลง,บึงโขงหลง,380601
38220,บึงกาฬ,บึงโขงหลง,โพธิ์หมากแข้ง,380602
38220,บึงกาฬ,บึงโขงหลง,ดงบัง,380603
38220,บึงกาฬ,บึงโขงหลง,ท่าดอกคำ,380604
38190,บึงกาฬ,ศรีวิไล,ศรีวิไล,380701
38190,บึงกาฬ,ศรีวิไล,ชุมภูพร,380702
38190,บึงกาฬ,ศรีวิไล,นาแสง,380703
38190,บึงกาฬ,ศรีวิไล,นาสะแบง,380704
38190,บึงกาฬ,ศรีวิไล,นาสิงห์,380705
38000,บึงกาฬ,บุ่งคล้า,บุ่งคล้า,380801
38000,บึงกาฬ,บุ่งคล้า,หนองเดิ่น,380802
38000,บึงกาฬ,บุ่งคล้า,โคกกว้าง,380803
39000,หนองบัวลำภู,เมืองหนองบัวลำภู,หนองบัว,390101
39000,หนองบัวลำภู,เมืองหนองบัวลำภู,หนองภัยศูนย์,390102
39000,หนองบัวลำภู,เมืองหนองบัวลำภู,โพธิ์ชัย,390103
39000,หนองบัวลำภู,เมืองหนองบัวลำภู,หนองสวรรค์,390104
39000,หนองบัวลำภู,เมืองหนองบัวลำภู,หัวนา,390105
39000,หนองบัวลำภู,เมืองหนองบัวลำภู,บ้านขาม,390106
39000,หนองบัวลำภู,เมืองหนองบัวลำภู,นามะเฟือง,390107
39000,หนองบัวลำภู,เมืองหนองบัวลำภู,บ้านพร้าว,390108
39000,หนองบัวลำภู,เมืองหนองบัวลำภู,โนนขมิ้น,390109
39000,หนองบัวลำภู,เมืองหนองบัวลำภู,ลำภู,390110
39000,หนองบัวลำภู,เมืองหนองบัวลำภู,กุดจิก,390111
39000,หนองบัวลำภู,เมืองหนองบัวลำภู,โนนทัน,390112
39000,หนองบัวลำภู,เมืองหนองบัวลำภู,นาคำไฮ,390113
39000,หนองบัวลำภู,เมืองหนองบัวลำภู,ป่าไม้งาม,390114
39000,หนองบัวลำภู,เมืองหนองบัวลำภู,หนองหว้า,390115
39170,หนองบัวลำภู,นากลาง,นากลาง,390201
39170,หนองบัวลำภู,นากลาง,ด่านช้าง,390202
39350,หนองบัวลำภู,นากลาง,กุดดินจี่,390205
39170,หนองบัวลำภู,นากลาง,ฝั่งแดง,390206
39350,หนองบัวลำภู,นากลาง,เก่ากลอย,390207
39170,หนองบัวลำภู,นากลาง,โนนเมือง,390209
39170,หนองบัวลำภู,นากลาง,อุทัยสวรรค์,390210
39350,หนองบัวลำภู,นากลาง,ดงสวรรค์,390211
39170,หนองบัวลำภู,นากลาง,กุดแห่,390213
39140,หนองบัวลำภู,โนนสัง,โนนสัง,390301
39140,หนองบัวลำภู,โนนสัง,บ้านถิ่น,390302
39140,หนองบัวลำภู,โนนสัง,หนองเรือ,390303
39140,หนองบัวลำภู,โนนสัง,กุดดู่,390304
39140,หนองบัวลำภู,โนนสัง,บ้านค้อ,390305
39140,หนองบัวลำภู,โนนสัง,โนนเมือง,390306
39140,หนองบัวลำภู,โนนสัง,โคกใหญ่,390307
39140,หนองบัวลำภู,โนนสัง,โคกม่วง,390308
39140,หนองบัวลำภู,โนนสัง,นิคมพัฒนา,390309
39140,หนองบัวลำภู,โนนสัง,ปางกู่,390310
39180,หนองบัวลำภู,ศรีบุญเรือง,เมืองใหม่,390401
39180,หนองบัวลำภู,ศรีบุญเรือง,ศรีบุญเรือง,390402
39180,หนองบัวลำภู,ศรีบุญเรือง,หนองบัวใต้,390403
39180,หนองบัวลำภู,ศรีบุญเรือง,กุดสะเทียน,390404
39180,หนองบัวลำภู,ศรีบุญเรือง,นากอก,390405
39180,หนองบัวลำภู,ศรีบุญเรือง,โนนสะอาด,390406
39180,หนองบัวลำภู,ศรีบุญเรือง,ยางหล่อ,390407
39180,หนองบัวลำภู,ศรีบุญเรือง,โนนม่วง,390408
39180,หนองบัวลำภู,ศรีบุญเรือง,หนองกุงแก้ว,390409
39180,หนองบัวลำภู,ศรีบุญเรือง,หนองแก,390410
39180,หนองบัวลำภู,ศรีบุญเรือง,ทรายทอง,390411
39180,หนองบัวลำภู,ศรีบุญเรือง,หันนางาม,390412
39270,หนองบัวลำภู,สุวรรณคูหา,นาสี,390501
39270,หนองบัวลำภู,สุวรรณคูหา,บ้านโคก,390502
39270,หนองบัวลำภู,สุวรรณคูหา,นาดี,390503
39270,หนองบัวลำภู,สุวรรณคูหา,นาด่าน,390504
39270,หนองบัวลำภู,สุวรรณคูหา,ดงมะไฟ,390505
39270,หนองบัวลำภู,สุวรรณคูหา,สุวรรณคูหา,390506
39270,หนองบัวลำภู,สุวรรณคูหา,บุญทัน,390507
39270,หนองบัวลำภู,สุวรรณคูหา,กุดผึ้ง,390508
39170,หนองบัวลำภู,นาวัง,นาเหล่า,390601
39170,หนองบัวลำภู,นาวัง,นาแก,390602
39170,หนองบัวลำภู,นาวัง,วังทอง,390603
39170,หนองบัวลำภู,นาวัง,วังปลาป้อม,390604
39170,หนองบัวลำภู,นาวัง,เทพคีรี,390605
40000,ขอนแก่น,เมืองขอนแก่น,ในเมือง,400101
40000,ขอนแก่น,เมืองขอนแก่น,สำราญ,400102
40000,ขอนแก่น,เมืองขอนแก่น,โคกสี,400103
40260,ขอนแก่น,เมืองขอนแก่น,ท่าพระ,400104
40000,ขอนแก่น,เมืองขอนแก่น,บ้านทุ่ม,400105
40000,ขอนแก่น,เมืองขอนแก่น,เมืองเก่า,400106
40000,ขอนแก่น,เมืองขอนแก่น,พระลับ,400107
40000,ขอนแก่น,เมืองขอนแก่น,สาวะถี,400108
40000,ขอนแก่น,เมืองขอนแก่น,บ้านหว้า,400109
40000,ขอนแก่น,เมืองขอนแก่น,บ้านค้อ,400110
40000,ขอนแก่น,เมืองขอนแก่น,แดงใหญ่,400111
40000,ขอนแก่น,เมืองขอนแก่น,ดอนช้าง,400112
40260,ขอนแก่น,เมืองขอนแก่น,ดอนหัน,400113
40000,ขอนแก่น,เมืองขอนแก่น,ศิลา,400114
40000,ขอนแก่น,เมืองขอนแก่น,บ้านเป็ด,400115
40000,ขอนแก่น,เมืองขอนแก่น,หนองตูม,400116
40000,ขอนแก่น,เมืองขอนแก่น,บึงเนียม,400117
40000,ขอนแก่น,เมืองขอนแก่น,โนนท่อน,400118
40270,ขอนแก่น,บ้านฝาง,หนองบัว,400201
40270,ขอนแก่น,บ้านฝาง,ป่าหวายนั่ง,400202
40270,ขอนแก่น,บ้านฝาง,โนนฆ้อง,400203
40270,ขอนแก่น,บ้านฝาง,บ้านเหล่า,400204
40270,ขอนแก่น,บ้านฝาง,ป่ามะนาว,400205
40270,ขอนแก่น,บ้านฝาง,บ้านฝาง,400206
40270,ขอนแก่น,บ้านฝาง,โคกงาม,400207
40320,ขอนแก่น,พระยืน,พระยืน,400301
40320,ขอนแก่น,พระยืน,พระบุ,400302
40320,ขอนแก่น,พระยืน,บ้านโต้น,400303
40320,ขอนแก่น,พระยืน,หนองแวง,400304
40320,ขอนแก่น,พระยืน,ขามป้อม,400305
40210,ขอนแก่น,หนองเรือ,หนองเรือ,400401
40210,ขอนแก่น,หนองเรือ,บ้านเม็ง,400402
40240,ขอนแก่น,หนองเรือ,บ้านกง,400403
40240,ขอนแก่น,หนองเรือ,ยางคำ,400404
40240,ขอนแก่น,หนองเรือ,จระเข้,400405
40210,ขอนแก่น,หนองเรือ,โนนทอง,400406
40210,ขอนแก่น,หนองเรือ,กุดกว้าง,400407
40210,ขอนแก่น,หนองเรือ,โนนทัน,400408
40210,ขอนแก่น,หนองเรือ,โนนสะอาด,400409
40240,ขอนแก่น,หนองเรือ,บ้านผือ,400410
40130,ขอนแก่น,ชุมแพ,ชุมแพ,400501
40290,ขอนแก่น,ชุมแพ,โนนหัน,400502
40290,ขอนแก่น,ชุมแพ,นาหนองทุ่ม,400503
40130,ขอนแก่น,ชุมแพ,โนนอุดม,400504
40130,ขอนแก่น,ชุมแพ,ขัวเรียง,400505
40130,ขอนแก่น,ชุมแพ,หนองไผ่,400506
40130,ขอนแก่น,ชุมแพ,ไชยสอ,400507
40130,ขอนแก่น,ชุมแพ,วังหินลาด,400508
40130,ขอนแก่น,ชุมแพ,นาเพียง,400509
40290,ขอนแก่น,ชุมแพ,หนองเขียด,400510
40130,ขอนแก่น,ชุมแพ,หนองเสาเล้า,400511
40290,ขอนแก่น,ชุมแพ,โนนสะอาด,400512
40220,ขอนแก่น,สีชมพู,สีชมพู,400601
40220,ขอนแก่น,สีชมพู,ศรีสุข,400602
40220,ขอนแก่น,สีชมพู,นาจาน,400603
40220,ขอนแก่น,สีชมพู,วังเพิ่ม,400604
40220,ขอนแก่น,สีชมพู,ซำยาง,400605
40220,ขอนแก่น,สีชมพู,หนองแดง,400606
40220,ขอนแก่น,สีชมพู,ดงลาน,400607
40220,ขอนแก่น,สีชมพู,บริบูรณ์,400608
40220,ขอนแก่น,สีชมพู,บ้านใหม่,400609
40220,ขอนแก่น,สีชมพู,ภูห่าน,400610
40140,ขอนแก่น,น้ำพอง,น้ำพอง,400701
40140,ขอนแก่น,น้ำพอง,วังชัย,400702
40140,ขอนแก่น,น้ำพอง,หนองกุง,400703
40140,ขอนแก่น,น้ำพอง,บัวใหญ่,400704
40310,ขอนแก่น,น้ำพอง,สะอาด,400705
40310,ขอนแก่น,น้ำพอง,ม่วงหวาน,400706
40140,ขอนแก่น,น้ำพอง,บ้านขาม,400707
40140,ขอนแก่น,น้ำพอง,บัวเงิน,400708
40140,ขอนแก่น,น้ำพอง,ทรายมูล,400709
40140,ขอนแก่น,น้ำพอง,ท่ากระเสริม,400710
40140,ขอนแก่น,น้ำพอง,พังทุย,400711
40140,ขอนแก่น,น้ำพอง,กุดน้ำใส,400712
40250,ขอนแก่น,อุบลรัตน์,โคกสูง,400801
40250,ขอนแก่น,อุบลรัตน์,บ้านดง,400802
40250,ขอนแก่น,อุบลรัตน์,เขื่อนอุบลรัตน์,400803
40250,ขอนแก่น,อุบลรัตน์,นาคำ,400804
40250,ขอนแก่น,อุบลรัตน์,ศรีสุขสำราญ,400805
40250,ขอนแก่น,อุบลรัตน์,ทุ่งโป่ง,400806
40170,ขอนแก่น,กระนวน,หนองโก,400901
40170,ขอนแก่น,กระนวน,หนองกุงใหญ่,400902
40170,ขอนแก่น,กระนวน,ห้วยโจด,400905
40170,ขอนแก่น,กระนวน,ห้วยยาง,400906
40170,ขอนแก่น,กระนวน,บ้านฝาง,400907
40170,ขอนแก่น,กระนวน,ดูนสาด,400909
40170,ขอนแก่น,กระนวน,หนองโน,400910
40170,ขอนแก่น,กระนวน,น้ำอ้อม,400911
40170,ขอนแก่น,กระนวน,หัวนาคำ,400912
40110,ขอนแก่น,บ้านไผ่,บ้านไผ่,401001
40110,ขอนแก่น,บ้านไผ่,ในเมือง,401002
40110,ขอนแก่น,บ้านไผ่,เมืองเพีย,401005
40110,ขอนแก่น,บ้านไผ่,บ้านลาน,401009
40110,ขอนแก่น,บ้านไผ่,แคนเหนือ,401010
40110,ขอนแก่น,บ้านไผ่,ภูเหล็ก,401011
40110,ขอนแก่น,บ้านไผ่,ป่าปอ,401013
40110,ขอนแก่น,บ้านไผ่,หินตั้ง,401014
40110,ขอนแก่น,บ้านไผ่,หนองน้ำใส,401016
40110,ขอนแก่น,บ้านไผ่,หัวหนอง,401017
40340,ขอนแก่น,เปือยน้อย,เปือยน้อย,401101
40340,ขอนแก่น,เปือยน้อย,วังม่วง,401102
40340,ขอนแก่น,เปือยน้อย,ขามป้อม,401103
40340,ขอนแก่น,เปือยน้อย,สระแก้ว,401104
40120,ขอนแก่น,พล,เมืองพล,401201
40120,ขอนแก่น,พล,โจดหนองแก,401203
40120,ขอนแก่น,พล,เก่างิ้ว,401204
40120,ขอนแก่น,พล,หนองมะเขือ,401205
40120,ขอนแก่น,พล,หนองแวงโสกพระ,401206
40120,ขอนแก่น,พล,เพ็กใหญ่,401207
40120,ขอนแก่น,พล,โคกสง่า,401208
40120,ขอนแก่น,พล,หนองแวงนางเบ้า,401209
40120,ขอนแก่น,พล,ลอมคอม,401210
40120,ขอนแก่น,พล,โนนข่า,401211
40120,ขอนแก่น,พล,โสกนกเต็น,401212
40120,ขอนแก่น,พล,หัวทุ่ง,401213
40330,ขอนแก่น,แวงใหญ่,คอนฉิม,401301
40330,ขอนแก่น,แวงใหญ่,ใหม่นาเพียง,401302
40330,ขอนแก่น,แวงใหญ่,โนนทอง,401303
40330,ขอนแก่น,แวงใหญ่,แวงใหญ่,401304
40330,ขอนแก่น,แวงใหญ่,โนนสะอาด,401305
40230,ขอนแก่น,แวงน้อย,แวงน้อย,401401
40230,ขอนแก่น,แวงน้อย,ก้านเหลือง,401402
40230,ขอนแก่น,แวงน้อย,ท่านางแนว,401403
40230,ขอนแก่น,แวงน้อย,ละหานนา,401404
40230,ขอนแก่น,แวงน้อย,ท่าวัด,401405
40230,ขอนแก่น,แวงน้อย,ทางขวาง,401406
40190,ขอนแก่น,หนองสองห้อง,หนองสองห้อง,401501
40190,ขอนแก่น,หนองสองห้อง,คึมชาด,401502
40190,ขอนแก่น,หนองสองห้อง,โนนธาตุ,401503
40190,ขอนแก่น,หนองสองห้อง,ตะกั่วป่า,401504
40190,ขอนแก่น,หนองสองห้อง,สำโรง,401505
40190,ขอนแก่น,หนองสองห้อง,หนองเม็ก,401506
40190,ขอนแก่น,หนองสองห้อง,ดอนดู่,401507
40190,ขอนแก่น,หนองสองห้อง,ดงเค็ง,401508
40190,ขอนแก่น,หนองสองห้อง,หันโจด,401509
40190,ขอนแก่น,หนองสองห้อง,ดอนดั่ง,401510
40190,ขอนแก่น,หนองสองห้อง,วังหิน,401511
40190,ขอนแก่น,หนองสองห้อง,หนองไผ่ล้อม,401512
40150,ขอนแก่น,ภูเวียง,บ้านเรือ,401601
40150,ขอนแก่น,ภูเวียง,หว้าทอง,401604
40150,ขอนแก่น,ภูเวียง,กุดขอนแก่น,401605
40150,ขอนแก่น,ภูเวียง,นาชุมแสง,401606
40150,ขอนแก่น,ภูเวียง,นาหว้า,401607
40150,ขอนแก่น,ภูเวียง,หนองกุงธนสาร,401610
40150,ขอนแก่น,ภูเวียง,หนองกุงเซิน,401612
40150,ขอนแก่น,ภูเวียง,สงเปือย,401613
40150,ขอนแก่น,ภูเวียง,ทุ่งชมพู,401614
40150,ขอนแก่น,ภูเวียง,ดินดำ,401616
40150,ขอนแก่น,ภูเวียง,ภูเวียง,401617
40160,ขอนแก่น,มัญจาคีรี,กุดเค้า,401701
40160,ขอนแก่น,มัญจาคีรี,สวนหม่อน,401702
40160,ขอนแก่น,มัญจาคีรี,หนองแปน,401703
40160,ขอนแก่น,มัญจาคีรี,โพนเพ็ก,401704
40160,ขอนแก่น,มัญจาคีรี,คำแคน,401705
40160,ขอนแก่น,มัญจาคีรี,นาข่า,401706
40160,ขอนแก่น,มัญจาคีรี,นางาม,401707
40160,ขอนแก่น,มัญจาคีรี,ท่าศาลา,401710
40180,ขอนแก่น,ชนบท,ชนบท,401801
40180,ขอนแก่น,ชนบท,กุดเพียขอม,401802
40180,ขอนแก่น,ชนบท,วังแสง,401803
40180,ขอนแก่น,ชนบท,ห้วยแก,401804
40180,ขอนแก่น,ชนบท,บ้านแท่น,401805
40180,ขอนแก่น,ชนบท,ศรีบุญเรือง,401806
40180,ขอนแก่น,ชนบท,โนนพะยอม,401807
40180,ขอนแก่น,ชนบท,ปอแดง,401808
40280,ขอนแก่น,เขาสวนกวาง,เขาสวนกวาง,401901
40280,ขอนแก่น,เขาสวนกวาง,ดงเมืองแอม,401902
40280,ขอนแก่น,เขาสวนกวาง,นางิ้ว,401903
40280,ขอนแก่น,เขาสวนกวาง,โนนสมบูรณ์,401904
40280,ขอนแก่น,เขาสวนกวาง,คำม่วง,401905
40350,ขอนแก่น,ภูผาม่าน,โนนคอม,402001
40350,ขอนแก่น,ภูผาม่าน,นาฝาย,402002
40350,ขอนแก่น,ภูผาม่าน,ภูผาม่าน,402003
40350,ขอนแก่น,ภูผาม่าน,วังสวาบ,402004
40350,ขอนแก่น,ภูผาม่าน,ห้วยม่วง,402005
40170,ขอนแก่น,ซำสูง,กระนวน,402101
40170,ขอนแก่น,ซำสูง,คำแมด,402102
40170,ขอนแก่น,ซำสูง,บ้านโนน,402103
40170,ขอนแก่น,ซำสูง,คูคำ,402104
40170,ขอนแก่น,ซำสูง,ห้วยเตย,402105
40160,ขอนแก่น,โคกโพธิ์ไชย,บ้านโคก,402201
40160,ขอนแก่น,โคกโพธิ์ไชย,โพธิ์ไชย,402202
40160,ขอนแก่น,โคกโพธิ์ไชย,ซับสมบูรณ์,402203
40160,ขอนแก่น,โคกโพธิ์ไชย,นาแพง,402204
40150,ขอนแก่น,หนองนาคำ,กุดธาตุ,402301
40150,ขอนแก่น,หนองนาคำ,บ้านโคก,402302
40150,ขอนแก่น,หนองนาคำ,ขนวน,402303
40110,ขอนแก่น,บ้านแฮด,บ้านแฮด,402401
40110,ขอนแก่น,บ้านแฮด,โคกสำราญ,402402
40110,ขอนแก่น,บ้านแฮด,โนนสมบูรณ์,402403
40110,ขอนแก่น,บ้านแฮด,หนองแซง,402404
40110,ขอนแก่น,โนนศิลา,โนนศิลา,402501
40110,ขอนแก่น,โนนศิลา,หนองปลาหมอ,402502
40110,ขอนแก่น,โนนศิลา,บ้านหัน,402503
40110,ขอนแก่น,โนนศิลา,เปือยใหญ่,402504
40110,ขอนแก่น,โนนศิลา,โนนแดง,402505
40140,ขอนแก่น,เวียงเก่า,ในเมือง,402901
40140,ขอนแก่น,เวียงเก่า,เมืองเก่าพัฒนา,402902
40140,ขอนแก่น,เวียงเก่า,เขาน้อย,402903
41000,อุดรธานี,เมืองอุดรธานี,หมากแข้ง,410101
41000,อุดรธานี,เมืองอุดรธานี,นิคมสงเคราะห์,410102
41000,อุดรธานี,เมืองอุดรธานี,บ้านขาว,410103
41000,อุดรธานี,เมืองอุดรธานี,หนองบัว,410104
41000,อุดรธานี,เมืองอุดรธานี,บ้านตาด,410105
41330,อุดรธานี,เมืองอุดรธานี,โนนสูง,410106
41000,อุดรธานี,เมืองอุดรธานี,หมูม่น,410107
41000,อุดรธานี,เมืองอุดรธานี,เชียงยืน,410108
41000,อุดรธานี,เมืองอุดรธานี,หนองนาคำ,410109
41000,อุดรธานี,เมืองอุดรธานี,กุดสระ,410110
41000,อุดรธานี,เมืองอุดรธานี,นาดี,410111
41000,อุดรธานี,เมืองอุดรธานี,บ้านเลื่อม,410112
41000,อุดรธานี,เมืองอุดรธานี,เชียงพิณ,410113
41000,อุดรธานี,เมืองอุดรธานี,สามพร้าว,410114
41000,อุดรธานี,เมืองอุดรธานี,หนองไฮ,410115
41000,อุดรธานี,เมืองอุดรธานี,นาข่า,410116
41000,อุดรธานี,เมืองอุดรธานี,บ้านจั่น,410117
41000,อุดรธานี,เมืองอุดรธานี,หนองขอนกว้าง,410118
41000,อุดรธานี,เมืองอุดรธานี,โคกสะอาด,410119
41000,อุดรธานี,เมืองอุดรธานี,นากว้าง,410120
41330,อุดรธานี,เมืองอุดรธานี,หนองไผ่,410121
41250,อุดรธานี,กุดจับ,กุดจับ,410201
41250,อุดรธานี,กุดจับ,ปะโค,410202
41250,อุดรธานี,กุดจับ,ขอนยูง,410203
41250,อุดรธานี,กุดจับ,เชียงเพ็ง,410204
41250,อุดรธานี,กุดจับ,สร้างก่อ,410205
41250,อุดรธานี,กุดจับ,เมืองเพีย,410206
41250,อุดรธานี,กุดจับ,ตาลเลียน,410207
41360,อุดรธานี,หนองวัวซอ,หมากหญ้า,410301
41220,อุดรธานี,หนองวัวซอ,หนองอ้อ,410302
41220,อุดรธานี,หนองวัวซอ,อูบมุง,410303
41220,อุดรธานี,หนองวัวซอ,กุดหมากไฟ,410304
41360,อุดรธานี,หนองวัวซอ,น้ำพ่น,410305
41360,อุดรธานี,หนองวัวซอ,หนองบัวบาน,410306
41220,อุดรธานี,หนองวัวซอ,โนนหวาย,410307
41360,อุดรธานี,หนองวัวซอ,หนองวัวซอ,410308
41110,อุดรธานี,กุมภวาปี,ตูมใต้,410401
41370,อุดรธานี,กุมภวาปี,พันดอน,410402
41110,อุดรธานี,กุมภวาปี,เวียงคำ,410403
41110,อุดรธานี,กุมภวาปี,แชแล,410404
41110,อุดรธานี,กุมภวาปี,เชียงแหว,410406
41110,อุดรธานี,กุมภวาปี,ห้วยเกิ้ง,410407
41370,อุดรธานี,กุมภวาปี,เสอเพลอ,410409
41110,อุดรธานี,กุมภวาปี,สีออ,410410
41370,อุดรธานี,กุมภวาปี,ปะโค,410411
41370,อุดรธานี,กุมภวาปี,ผาสุก,410413
41110,อุดรธานี,กุมภวาปี,ท่าลี่,410414
41110,อุดรธานี,กุมภวาปี,กุมภวาปี,410415
41110,อุดรธานี,กุมภวาปี,หนองหว้า,410416
41240,อุดรธานี,โนนสะอาด,โนนสะอาด,410501
41240,อุดรธานี,โนนสะอาด,บุ่งแก้ว,410502
41240,อุดรธานี,โนนสะอาด,โพธิ์ศรีสำราญ,410503
41240,อุดรธานี,โนนสะอาด,ทมนางาม,410504
41240,อุดรธานี,โนนสะอาด,หนองกุงศรี,410505
41240,อุดรธานี,โนนสะอาด,โคกกลาง,410506
41130,อุดรธานี,หนองหาน,หนองหาน,410601
41130,อุดรธานี,หนองหาน,หนองเม็ก,410602
41130,อุดรธานี,หนองหาน,พังงู,410605
41130,อุดรธานี,หนองหาน,สะแบง,410606
41130,อุดรธานี,หนองหาน,สร้อยพร้าว,410607
41320,อุดรธานี,หนองหาน,บ้านเชียง,410609
41320,อุดรธานี,หนองหาน,บ้านยา,410610
41130,อุดรธานี,หนองหาน,โพนงาม,410611
41130,อุดรธานี,หนองหาน,ผักตบ,410612
41130,อุดรธานี,หนองหาน,หนองไผ่,410614
41130,อุดรธานี,หนองหาน,ดอนหายโศก,410617
41320,อุดรธานี,หนองหาน,หนองสระปลา,410618
41310,อุดรธานี,ทุ่งฝน,ทุ่งฝน,410701
41310,อุดรธานี,ทุ่งฝน,ทุ่งใหญ่,410702
41310,อุดรธานี,ทุ่งฝน,นาชุมแสง,410703
41310,อุดรธานี,ทุ่งฝน,นาทม,410704
41290,อุดรธานี,ไชยวาน,ไชยวาน,410801
41290,อุดรธานี,ไชยวาน,หนองหลัก,410802
41290,อุดรธานี,ไชยวาน,คำเลาะ,410803
41290,อุดรธานี,ไชยวาน,โพนสูง,410804
41230,อุดรธานี,ศรีธาตุ,ศรีธาตุ,410901
41230,อุดรธานี,ศรีธาตุ,จำปี,410902
41230,อุดรธานี,ศรีธาตุ,บ้านโปร่ง,410903
41230,อุดรธานี,ศรีธาตุ,หัวนาคำ,410904
41230,อุดรธานี,ศรีธาตุ,หนองนกเขียน,410905
41230,อุดรธานี,ศรีธาตุ,นายูง,410906
41230,อุดรธานี,ศรีธาตุ,ตาดทอง,410907
41280,อุดรธานี,วังสามหมอ,หนองกุงทับม้า,411001
41280,อุดรธานี,วังสามหมอ,หนองหญ้าไซ,411002
41280,อุดรธานี,วังสามหมอ,บะยาว,411003
41280,อุดรธานี,วังสามหมอ,ผาสุก,411004
41280,อุดรธานี,วังสามหมอ,คำโคกสูง,411005
41280,อุดรธานี,วังสามหมอ,วังสามหมอ,411006
41190,อุดรธานี,บ้านดุง,ศรีสุทโธ,411101
41190,อุดรธานี,บ้านดุง,บ้านดุง,411102
41190,อุดรธานี,บ้านดุง,ดงเย็น,411103
41190,อุดรธานี,บ้านดุง,โพนสูง,411104
41190,อุดรธานี,บ้านดุง,อ้อมกอ,411105
41190,อุดรธานี,บ้านดุง,บ้านจันทน์,411106
41190,อุดรธานี,บ้านดุง,บ้านชัย,411107
41190,อุดรธานี,บ้านดุง,นาไหม,411108
41190,อุดรธานี,บ้านดุง,ถ่อนนาลับ,411109
41190,อุดรธานี,บ้านดุง,วังทอง,411110
41190,อุดรธานี,บ้านดุง,บ้านม่วง,411111
41190,อุดรธานี,บ้านดุง,บ้านตาด,411112
41190,อุดรธานี,บ้านดุง,นาคำ,411113
41160,อุดรธานี,บ้านผือ,บ้านผือ,411701
41160,อุดรธานี,บ้านผือ,หายโศก,411702
41160,อุดรธานี,บ้านผือ,เขือน้ำ,411703
41160,อุดรธานี,บ้านผือ,คำบง,411704
41160,อุดรธานี,บ้านผือ,โนนทอง,411705
41160,อุดรธานี,บ้านผือ,ข้าวสาร,411706
41160,อุดรธานี,บ้านผือ,จำปาโมง,411707
41160,อุดรธานี,บ้านผือ,กลางใหญ่,411708
41160,อุดรธานี,บ้านผือ,เมืองพาน,411709
41160,อุดรธานี,บ้านผือ,คำด้วง,411710
41160,อุดรธานี,บ้านผือ,หนองหัวคู,411711
41160,อุดรธานี,บ้านผือ,บ้านค้อ,411712
41160,อุดรธานี,บ้านผือ,หนองแวง,411713
41210,อุดรธานี,น้ำโสม,นางัว,411801
41210,อุดรธานี,น้ำโสม,น้ำโสม,411802
41210,อุดรธานี,น้ำโสม,หนองแวง,411805
41210,อุดรธานี,น้ำโสม,บ้านหยวก,411806
41210,อุดรธานี,น้ำโสม,โสมเยี่ยม,411807
41210,อุดรธานี,น้ำโสม,ศรีสำราญ,411810
41210,อุดรธานี,น้ำโสม,สามัคคี,411812
41150,อุดรธานี,เพ็ญ,เพ็ญ,411901
41150,อุดรธานี,เพ็ญ,บ้านธาตุ,411902
41150,อุดรธานี,เพ็ญ,นาพู่,411903
41150,อุดรธานี,เพ็ญ,เชียงหวาง,411904
41150,อุดรธานี,เพ็ญ,สุมเส้า,411905
41150,อุดรธานี,เพ็ญ,นาบัว,411906
41150,อุดรธานี,เพ็ญ,บ้านเหล่า,411907
41150,อุดรธานี,เพ็ญ,จอมศรี,411908
41150,อุดรธานี,เพ็ญ,เตาไห,411909
41150,อุดรธานี,เพ็ญ,โคกกลาง,411910
41150,อุดรธานี,เพ็ญ,สร้างแป้น,411911
41260,อุดรธานี,สร้างคอม,สร้างคอม,412001
41260,อุดรธานี,สร้างคอม,เชียงดา,412002
41260,อุดรธานี,สร้างคอม,บ้านยวด,412003
41260,อุดรธานี,สร้างคอม,บ้านโคก,412004
41260,อุดรธานี,สร้างคอม,นาสะอาด,412005
41260,อุดรธานี,สร้างคอม,บ้านหินโงม,412006
41340,อุดรธานี,หนองแสง,หนองแสง,412101
41340,อุดรธานี,หนองแสง,แสงสว่าง,412102
41340,อุดรธานี,หนองแสง,นาดี,412103
41340,อุดรธานี,หนองแสง,ทับกุง,412104
41380,อุดรธานี,นายูง,นายูง,412201
41380,อุดรธานี,นายูง,บ้านก้อง,412202
41380,อุดรธานี,นายูง,นาแค,412203
41380,อุดรธานี,นายูง,โนนทอง,412204
41130,อุดรธานี,พิบูลย์รักษ์,บ้านแดง,412301
41130,อุดรธานี,พิบูลย์รักษ์,นาทราย,412302
41130,อุดรธานี,พิบูลย์รักษ์,ดอนกลอย,412303
41130,อุดรธานี,กู่แก้ว,บ้านจีต,412401
41130,อุดรธานี,กู่แก้ว,โนนทองอินทร์,412402
41130,อุดรธานี,กู่แก้ว,ค้อใหญ่,412403
41130,อุดรธานี,กู่แก้ว,คอนสาย,412404
41110,อุดรธานี,ประจักษ์ศิลปาคม,นาม่วง,412501
41110,อุดรธานี,ประจักษ์ศิลปาคม,ห้วยสามพาด,412502
41110,อุดรธานี,ประจักษ์ศิลปาคม,อุ่มจาน,412503
42000,เลย,เมืองเลย,กุดป่อง,420101
42000,เลย,เมืองเลย,เมือง,420102
42100,เลย,เมืองเลย,นาอ้อ,420103
42000,เลย,เมืองเลย,กกดู่,420104
42000,เลย,เมืองเลย,น้ำหมาน,420105
42000,เลย,เมืองเลย,เสี้ยว,420106
42000,เลย,เมืองเลย,นาอาน,420107
42000,เลย,เมืองเลย,นาโป่ง,420108
42000,เลย,เมืองเลย,นาดินดำ,420109
42000,เลย,เมืองเลย,น้ำสวย,420110
42000,เลย,เมืองเลย,ชัยพฤกษ์,420111
42000,เลย,เมืองเลย,นาแขม,420112
42100,เลย,เมืองเลย,ศรีสองรัก,420113
42000,เลย,เมืองเลย,กกทอง,420114
42210,เลย,นาด้วง,นาด้วง,420201
42210,เลย,นาด้วง,นาดอกคำ,420202
42210,เลย,นาด้วง,ท่าสะอาด,420203
42210,เลย,นาด้วง,ท่าสวรรค์,420204
42110,เลย,เชียงคาน,เชียงคาน,420301
42110,เลย,เชียงคาน,ธาตุ,420302
42110,เลย,เชียงคาน,นาซ่าว,420303
42110,เลย,เชียงคาน,เขาแก้ว,420304
42110,เลย,เชียงคาน,ปากตม,420305
42110,เลย,เชียงคาน,บุฮม,420306
42110,เลย,เชียงคาน,จอมศรี,420307
42110,เลย,เชียงคาน,หาดทรายขาว,420308
42150,เลย,ปากชม,ปากชม,420401
42150,เลย,ปากชม,เชียงกลม,420402
42150,เลย,ปากชม,หาดคัมภีร์,420403
42150,เลย,ปากชม,ห้วยบ่อซืน,420404
42150,เลย,ปากชม,ห้วยพิชัย,420405
42150,เลย,ปากชม,ชมเจริญ,420406
42120,เลย,ด่านซ้าย,ด่านซ้าย,420501
42120,เลย,ด่านซ้าย,ปากหมัน,420502
42120,เลย,ด่านซ้าย,นาดี,420503
42120,เลย,ด่านซ้าย,โคกงาม,420504
42120,เลย,ด่านซ้าย,โพนสูง,420505
42120,เลย,ด่านซ้าย,อิปุ่ม,420506
42120,เลย,ด่านซ้าย,กกสะทอน,420507
42120,เลย,ด่านซ้าย,โป่ง,420508
42120,เลย,ด่านซ้าย,วังยาว,420509
42120,เลย,ด่านซ้าย,นาหอ,420510
42170,เลย,นาแห้ว,นาแห้ว,420601
42170,เลย,นาแห้ว,แสงภา,420602
42170,เลย,นาแห้ว,นาพึง,420603
42170,เลย,นาแห้ว,นามาลา,420604
42170,เลย,นาแห้ว,เหล่ากอหก,420605
42160,เลย,ภูเรือ,หนองบัว,420701
42160,เลย,ภูเรือ,ท่าศาลา,420702
42160,เลย,ภูเรือ,ร่องจิก,420703
42160,เลย,ภูเรือ,ปลาบ่า,420704
42160,เลย,ภูเรือ,ลาดค่าง,420705
42160,เลย,ภูเรือ,สานตม,420706
42140,เลย,ท่าลี่,ท่าลี่,420801
42140,เลย,ท่าลี่,หนองผือ,420802
42140,เลย,ท่าลี่,อาฮี,420803
42140,เลย,ท่าลี่,น้ำแคม,420804
42140,เลย,ท่าลี่,โคกใหญ่,420805
42140,เลย,ท่าลี่,น้ำทูน,420806
42130,เลย,วังสะพุง,วังสะพุง,420901
42130,เลย,วังสะพุง,ทรายขาว,420902
42130,เลย,วังสะพุง,หนองหญ้าปล้อง,420903
42130,เลย,วังสะพุง,หนองงิ้ว,420904
42130,เลย,วังสะพุง,ปากปวน,420905
42130,เลย,วังสะพุง,ผาน้อย,420906
42130,เลย,วังสะพุง,ผาบิ้ง,420910
42130,เลย,วังสะพุง,เขาหลวง,420911
42130,เลย,วังสะพุง,โคกขมิ้น,420912
42130,เลย,วังสะพุง,ศรีสงคราม,420913
42180,เลย,ภูกระดึง,ศรีฐาน,421001
42180,เลย,ภูกระดึง,ผานกเค้า,421005
42180,เลย,ภูกระดึง,ภูกระดึง,421007
42180,เลย,ภูกระดึง,ห้วยส้ม,421010
42230,เลย,ภูหลวง,ภูหอ,421101
42230,เลย,ภูหลวง,หนองคัน,421102
42230,เลย,ภูหลวง,ห้วยสีเสียด,421104
42230,เลย,ภูหลวง,เลยวังไสย์,421105
42230,เลย,ภูหลวง,แก่งศรีภูมิ,421106
42240,เลย,ผาขาว,ผาขาว,421201
42240,เลย,ผาขาว,ท่าช้างคล้อง,421202
42240,เลย,ผาขาว,โนนปอแดง,421203
42240,เลย,ผาขาว,โนนป่าซาง,421204
42240,เลย,ผาขาว,บ้านเพิ่ม,421205
42220,เลย,เอราวัณ,เอราวัณ,421301
42220,เลย,เอราวัณ,ผาอินทร์แปลง,421302
42220,เลย,เอราวัณ,ผาสามยอด,421303
42220,เลย,เอราวัณ,ทรัพย์ไพวัลย์,421304
42190,เลย,หนองหิน,หนองหิน,421401
42190,เลย,หนองหิน,ตาดข่า,421402
42190,เลย,หนองหิน,ปวนพุ,421403
43000,หนองคาย,เมืองหนองคาย,ในเมือง,430101
43000,หนองคาย,เมืองหนองคาย,มีชัย,430102
43000,หนองคาย,เมืองหนองคาย,โพธิ์ชัย,430103
43000,หนองคาย,เมืองหนองคาย,กวนวัน,430104
43000,หนองคาย,เมืองหนองคาย,เวียงคุก,430105
43000,หนองคาย,เมืองหนองคาย,วัดธาตุ,430106
43000,หนองคาย,เมืองหนองคาย,หาดคำ,430107
43000,หนองคาย,เมืองหนองคาย,หินโงม,430108
43000,หนองคาย,เมืองหนองคาย,บ้านเดื่อ,430109
43100,หนองคาย,เมืองหนองคาย,ค่ายบกหวาน,430110
43100,หนองคาย,เมืองหนองคาย,โพนสว่าง,430111
43100,หนองคาย,เมืองหนองคาย,พระธาตุบังพวน,430113
43000,หนองคาย,เมืองหนองคาย,หนองกอมเกาะ,430116
43000,หนองคาย,เมืองหนองคาย,ปะโค,430117
43000,หนองคาย,เมืองหนองคาย,เมืองหมี,430118
43000,หนองคาย,เมืองหนองคาย,สีกาย,430119
43110,หนองคาย,ท่าบ่อ,ท่าบ่อ,430201
43110,หนองคาย,ท่าบ่อ,น้ำโมง,430202
43110,หนองคาย,ท่าบ่อ,กองนาง,430203
43110,หนองคาย,ท่าบ่อ,โคกคอน,430204
43110,หนองคาย,ท่าบ่อ,บ้านเดื่อ,430205
43110,หนองคาย,ท่าบ่อ,บ้านถ่อน,430206
43110,หนองคาย,ท่าบ่อ,บ้านว่าน,430207
43110,หนองคาย,ท่าบ่อ,นาข่า,430208
43110,หนองคาย,ท่าบ่อ,โพนสา,430209
43110,หนองคาย,ท่าบ่อ,หนองนาง,430210
43120,หนองคาย,โพนพิสัย,จุมพล,430501
43120,หนองคาย,โพนพิสัย,วัดหลวง,430502
43120,หนองคาย,โพนพิสัย,กุดบง,430503
43120,หนองคาย,โพนพิสัย,ชุมช้าง,430504
43120,หนองคาย,โพนพิสัย,ทุ่งหลวง,430506
43120,หนองคาย,โพนพิสัย,เหล่าต่างคำ,430507
43120,หนองคาย,โพนพิสัย,นาหนัง,430508
43120,หนองคาย,โพนพิสัย,เซิม,430509
43120,หนองคาย,โพนพิสัย,บ้านโพธิ์,430513
43120,หนองคาย,โพนพิสัย,บ้านผือ,430521
43120,หนองคาย,โพนพิสัย,สร้างนางขาว,430522
43130,หนองคาย,ศรีเชียงใหม่,พานพร้าว,430701
43130,หนองคาย,ศรีเชียงใหม่,บ้านหม้อ,430703
43130,หนองคาย,ศรีเชียงใหม่,พระพุทธบาท,430704
43130,หนองคาย,ศรีเชียงใหม่,หนองปลาปาก,430705
43160,หนองคาย,สังคม,แก้งไก่,430801
43160,หนองคาย,สังคม,ผาตั้ง,430802
43160,หนองคาย,สังคม,บ้านม่วง,430803
43160,หนองคาย,สังคม,นางิ้ว,430804
43160,หนองคาย,สังคม,สังคม,430805
43100,หนองคาย,สระใคร,สระใคร,431401
43100,หนองคาย,สระใคร,คอกช้าง,431402
43100,หนองคาย,สระใคร,บ้านฝาง,431403
43120,หนองคาย,เฝ้าไร่,เฝ้าไร่,431501
43120,หนองคาย,เฝ้าไร่,นาดี,431502
43120,หนองคาย,เฝ้าไร่,หนองหลวง,431503
43120,หนองคาย,เฝ้าไร่,วังหลวง,431504
43120,หนองคาย,เฝ้าไร่,อุดมพร,431505
43120,หนองคาย,รัตนวาปี,รัตนวาปี,431601
43120,หนองคาย,รัตนวาปี,นาทับไฮ,431602
43120,หนองคาย,รัตนวาปี,บ้านต้อน,431603
43120,หนองคาย,รัตนวาปี,พระบาทนาสิงห์,431604
43120,หนองคาย,รัตนวาปี,โพนแพง,431605
43130,หนองคาย,โพธิ์ตาก,โพธิ์ตาก,431701
43130,หนองคาย,โพธิ์ตาก,โพนทอง,431702
43130,หนองคาย,โพธิ์ตาก,ด่านศรีสุข,431703
44000,มหาสารคาม,เมืองมหาสารคาม,ตลาด,440101
44000,มหาสารคาม,เมืองมหาสารคาม,เขวา,440102
44000,มหาสารคาม,เมืองมหาสารคาม,ท่าตูม,440103
44000,มหาสารคาม,เมืองมหาสารคาม,แวงน่าง,440104
44000,มหาสารคาม,เมืองมหาสารคาม,โคกก่อ,440105
44000,มหาสารคาม,เมืองมหาสารคาม,ดอนหว่าน,440106
44000,มหาสารคาม,เมืองมหาสารคาม,เกิ้ง,440107
44000,มหาสารคาม,เมืองมหาสารคาม,แก่งเลิงจาน,440108
44000,มหาสารคาม,เมืองมหาสารคาม,ท่าสองคอน,440109
44000,มหาสารคาม,เมืองมหาสารคาม,ลาดพัฒนา,440110
44000,มหาสารคาม,เมืองมหาสารคาม,หนองปลิง,440111
44000,มหาสารคาม,เมืองมหาสารคาม,ห้วยแอ่ง,440112
44000,มหาสารคาม,เมืองมหาสารคาม,หนองโน,440113
44000,มหาสารคาม,เมืองมหาสารคาม,บัวค้อ,440114
44190,มหาสารคาม,แกดำ,แกดำ,440201
44190,มหาสารคาม,แกดำ,วังแสง,440202
44190,มหาสารคาม,แกดำ,มิตรภาพ,440203
44190,มหาสารคาม,แกดำ,หนองกุง,440204
44190,มหาสารคาม,แกดำ,โนนภิบาล,440205
44140,มหาสารคาม,โกสุมพิสัย,หัวขวาง,440301
44140,มหาสารคาม,โกสุมพิสัย,ยางน้อย,440302
44140,มหาสารคาม,โกสุมพิสัย,วังยาว,440303
44140,มหาสารคาม,โกสุมพิสัย,เขวาไร่,440304
44140,มหาสารคาม,โกสุมพิสัย,แพง,440305
44140,มหาสารคาม,โกสุมพิสัย,แก้งแก,440306
44140,มหาสารคาม,โกสุมพิสัย,หนองเหล็ก,440307
44140,มหาสารคาม,โกสุมพิสัย,หนองบัว,440308
44140,มหาสารคาม,โกสุมพิสัย,เหล่า,440309
44140,มหาสารคาม,โกสุมพิสัย,เขื่อน,440310
44140,มหาสารคาม,โกสุมพิสัย,หนองบอน,440311
44140,มหาสารคาม,โกสุมพิสัย,โพนงาม,440312
44140,มหาสารคาม,โกสุมพิสัย,ยางท่าแจ้ง,440313
44140,มหาสารคาม,โกสุมพิสัย,แห่ใต้,440314
44140,มหาสารคาม,โกสุมพิสัย,หนองกุงสวรรค์,440315
44140,มหาสารคาม,โกสุมพิสัย,เลิงใต้,440316
44140,มหาสารคาม,โกสุมพิสัย,ดอนกลาง,440317
44150,มหาสารคาม,กันทรวิชัย,โคกพระ,440401
44150,มหาสารคาม,กันทรวิชัย,คันธารราษฎร์,440402
44150,มหาสารคาม,กันทรวิชัย,มะค่า,440403
44150,มหาสารคาม,กันทรวิชัย,ท่าขอนยาง,440404
44150,มหาสารคาม,กันทรวิชัย,นาสีนวน,440405
44150,มหาสารคาม,กันทรวิชัย,ขามเรียง,440406
44150,มหาสารคาม,กันทรวิชัย,เขวาใหญ่,440407
44150,มหาสารคาม,กันทรวิชัย,ศรีสุข,440408
44150,มหาสารคาม,กันทรวิชัย,กุดใส้จ่อ,440409
44150,มหาสารคาม,กันทรวิชัย,ขามเฒ่าพัฒนา,440410
44160,มหาสารคาม,เชียงยืน,เชียงยืน,440501
44160,มหาสารคาม,เชียงยืน,หนองซอน,440503
44160,มหาสารคาม,เชียงยืน,ดอนเงิน,440505
44160,มหาสารคาม,เชียงยืน,กู่ทอง,440506
44160,มหาสารคาม,เชียงยืน,นาทอง,440507
44160,มหาสารคาม,เชียงยืน,เสือเฒ่า,440508
44160,มหาสารคาม,เชียงยืน,โพนทอง,440511
44160,มหาสารคาม,เชียงยืน,เหล่าบัวบาน,440512
44130,มหาสารคาม,บรบือ,บรบือ,440601
44130,มหาสารคาม,บรบือ,บ่อใหญ่,440602
44130,มหาสารคาม,บรบือ,วังไชย,440604
44130,มหาสารคาม,บรบือ,หนองม่วง,440605
44130,มหาสารคาม,บรบือ,กำพี้,440606
44130,มหาสารคาม,บรบือ,โนนราษี,440607
44130,มหาสารคาม,บรบือ,โนนแดง,440608
44130,มหาสารคาม,บรบือ,หนองจิก,440610
44130,มหาสารคาม,บรบือ,บัวมาศ,440611
44130,มหาสารคาม,บรบือ,หนองคูขาด,440613
44130,มหาสารคาม,บรบือ,วังใหม่,440615
44130,มหาสารคาม,บรบือ,ยาง,440616
44130,มหาสารคาม,บรบือ,หนองสิม,440618
44130,มหาสารคาม,บรบือ,หนองโก,440619
44130,มหาสารคาม,บรบือ,ดอนงัว,440620
44170,มหาสารคาม,นาเชือก,นาเชือก,440701
44170,มหาสารคาม,นาเชือก,สำโรง,440702
44170,มหาสารคาม,นาเชือก,หนองแดง,440703
44170,มหาสารคาม,นาเชือก,เขวาไร่,440704
44170,มหาสารคาม,นาเชือก,หนองโพธิ์,440705
44170,มหาสารคาม,นาเชือก,ปอพาน,440706
44170,มหาสารคาม,นาเชือก,หนองเม็ก,440707
44170,มหาสารคาม,นาเชือก,หนองเรือ,440708
44170,มหาสารคาม,นาเชือก,หนองกุง,440709
44170,มหาสารคาม,นาเชือก,สันป่าตอง,440710
44110,มหาสารคาม,พยัคฆภูมิพิสัย,ปะหลาน,440801
44110,มหาสารคาม,พยัคฆภูมิพิสัย,ก้ามปู,440802
44110,มหาสารคาม,พยัคฆภูมิพิสัย,เวียงสะอาด,440803
44110,มหาสารคาม,พยัคฆภูมิพิสัย,เม็กดำ,440804
44110,มหาสารคาม,พยัคฆภูมิพิสัย,นาสีนวล,440805
44110,มหาสารคาม,พยัคฆภูมิพิสัย,ราษฎร์เจริญ,440809
44110,มหาสารคาม,พยัคฆภูมิพิสัย,หนองบัวแก้ว,440810
44110,มหาสารคาม,พยัคฆภูมิพิสัย,เมืองเตา,440812
44110,มหาสารคาม,พยัคฆภูมิพิสัย,ลานสะแก,440815
44110,มหาสารคาม,พยัคฆภูมิพิสัย,เวียงชัย,440816
44110,มหาสารคาม,พยัคฆภูมิพิสัย,หนองบัว,440817
44110,มหาสารคาม,พยัคฆภูมิพิสัย,ราษฎร์พัฒนา,440818
44110,มหาสารคาม,พยัคฆภูมิพิสัย,เมืองเสือ,440819
44110,มหาสารคาม,พยัคฆภูมิพิสัย,ภารแอ่น,440820
44120,มหาสารคาม,วาปีปทุม,หนองแสง,440901
44120,มหาสารคาม,วาปีปทุม,ขามป้อม,440902
44120,มหาสารคาม,วาปีปทุม,เสือโก้ก,440903
44120,มหาสารคาม,วาปีปทุม,ดงใหญ่,440904
44120,มหาสารคาม,วาปีปทุม,โพธิ์ชัย,440905
44120,มหาสารคาม,วาปีปทุม,หัวเรือ,440906
44120,มหาสารคาม,วาปีปทุม,แคน,440907
44120,มหาสารคาม,วาปีปทุม,งัวบา,440908
44120,มหาสารคาม,วาปีปทุม,นาข่า,440909
44120,มหาสารคาม,วาปีปทุม,บ้านหวาย,440910
44120,มหาสารคาม,วาปีปทุม,หนองไฮ,440911
44120,มหาสารคาม,วาปีปทุม,ประชาพัฒนา,440912
44120,มหาสารคาม,วาปีปทุม,หนองทุ่ม,440913
44120,มหาสารคาม,วาปีปทุม,หนองแสน,440914
44120,มหาสารคาม,วาปีปทุม,โคกสีทองหลาง,440915
44180,มหาสารคาม,นาดูน,นาดูน,441001
44180,มหาสารคาม,นาดูน,หนองไผ่,441002
44180,มหาสารคาม,นาดูน,หนองคู,441003
44180,มหาสารคาม,นาดูน,ดงบัง,441004
44180,มหาสารคาม,นาดูน,ดงดวน,441005
44180,มหาสารคาม,นาดูน,หัวดง,441006
44180,มหาสารคาม,นาดูน,ดงยาง,441007
44180,มหาสารคาม,นาดูน,กู่สันตรัตน์,441008
44180,มหาสารคาม,นาดูน,พระธาตุ,441009
44210,มหาสารคาม,ยางสีสุราช,ยางสีสุราช,441101
44210,มหาสารคาม,ยางสีสุราช,นาภู,441102
44210,มหาสารคาม,ยางสีสุราช,แวงดง,441103
44210,มหาสารคาม,ยางสีสุราช,บ้านกู่,441104
44210,มหาสารคาม,ยางสีสุราช,ดงเมือง,441105
44210,มหาสารคาม,ยางสีสุราช,สร้างแซ่ง,441106
44210,มหาสารคาม,ยางสีสุราช,หนองบัวสันตุ,441107
44130,มหาสารคาม,กุดรัง,กุดรัง,441201
44130,มหาสารคาม,กุดรัง,นาโพธิ์,441202
44130,มหาสารคาม,กุดรัง,เลิงแฝก,441203
44130,มหาสารคาม,กุดรัง,หนองแวง,441204
44130,มหาสารคาม,กุดรัง,ห้วยเตย,441205
44160,มหาสารคาม,ชื่นชม,ชื่นชม,441301
44160,มหาสารคาม,ชื่นชม,กุดปลาดุก,441302
44160,มหาสารคาม,ชื่นชม,เหล่าดอกไม้,441303
44160,มหาสารคาม,ชื่นชม,หนองกุง,441304
45000,ร้อยเอ็ด,เมืองร้อยเอ็ด,ในเมือง,450101
45000,ร้อยเอ็ด,เมืองร้อยเอ็ด,รอบเมือง,450102
45000,ร้อยเอ็ด,เมืองร้อยเอ็ด,เหนือเมือง,450103
45000,ร้อยเอ็ด,เมืองร้อยเอ็ด,ขอนแก่น,450104
45000,ร้อยเอ็ด,เมืองร้อยเอ็ด,นาโพธิ์,450105
45000,ร้อยเอ็ด,เมืองร้อยเอ็ด,สะอาดสมบูรณ์,450106
45000,ร้อยเอ็ด,เมืองร้อยเอ็ด,สีแก้ว,450108
45000,ร้อยเอ็ด,เมืองร้อยเอ็ด,ปอภาร,450109
45000,ร้อยเอ็ด,เมืองร้อยเอ็ด,โนนรัง,450110
45000,ร้อยเอ็ด,เมืองร้อยเอ็ด,หนองแก้ว,450117
45000,ร้อยเอ็ด,เมืองร้อยเอ็ด,หนองแวง,450118
45000,ร้อยเอ็ด,เมืองร้อยเอ็ด,ดงลาน,450120
45000,ร้อยเอ็ด,เมืองร้อยเอ็ด,แคนใหญ่,450123
45000,ร้อยเอ็ด,เมืองร้อยเอ็ด,โนนตาล,450124
45000,ร้อยเอ็ด,เมืองร้อยเอ็ด,เมืองทอง,450125
45150,ร้อยเอ็ด,เกษตรวิสัย,เกษตรวิสัย,450201
45150,ร้อยเอ็ด,เกษตรวิสัย,เมืองบัว,450202
45150,ร้อยเอ็ด,เกษตรวิสัย,เหล่าหลวง,450203
45150,ร้อยเอ็ด,เกษตรวิสัย,สิงห์โคก,450204
45150,ร้อยเอ็ด,เกษตรวิสัย,ดงครั่งใหญ่,450205
45150,ร้อยเอ็ด,เกษตรวิสัย,บ้านฝาง,450206
45150,ร้อยเอ็ด,เกษตรวิสัย,หนองแวง,450207
45150,ร้อยเอ็ด,เกษตรวิสัย,กำแพง,450208
45150,ร้อยเอ็ด,เกษตรวิสัย,กู่กาสิงห์,450209
45150,ร้อยเอ็ด,เกษตรวิสัย,น้ำอ้อม,450210
45150,ร้อยเอ็ด,เกษตรวิสัย,โนนสว่าง,450211
45150,ร้อยเอ็ด,เกษตรวิสัย,ทุ่งทอง,450212
45150,ร้อยเอ็ด,เกษตรวิสัย,ดงครั่งน้อย,450213
45190,ร้อยเอ็ด,ปทุมรัตต์,บัวแดง,450301
45190,ร้อยเอ็ด,ปทุมรัตต์,ดอกล้ำ,450302
45190,ร้อยเอ็ด,ปทุมรัตต์,หนองแคน,450303
45190,ร้อยเอ็ด,ปทุมรัตต์,โพนสูง,450304
45190,ร้อยเอ็ด,ปทุมรัตต์,โนนสวรรค์,450305
45190,ร้อยเอ็ด,ปทุมรัตต์,สระบัว,450306
45190,ร้อยเอ็ด,ปทุมรัตต์,โนนสง่า,450307
45190,ร้อยเอ็ด,ปทุมรัตต์,ขี้เหล็ก,450308
45180,ร้อยเอ็ด,จตุรพักตรพิมาน,หัวช้าง,450401
45180,ร้อยเอ็ด,จตุรพักตรพิมาน,หนองผือ,450402
45180,ร้อยเอ็ด,จตุรพักตรพิมาน,เมืองหงส์,450403
45180,ร้อยเอ็ด,จตุรพักตรพิมาน,โคกล่าม,450404
45180,ร้อยเอ็ด,จตุรพักตรพิมาน,น้ำใส,450405
45180,ร้อยเอ็ด,จตุรพักตรพิมาน,ดงแดง,450406
45180,ร้อยเอ็ด,จตุรพักตรพิมาน,ดงกลาง,450407
45180,ร้อยเอ็ด,จตุรพักตรพิมาน,ป่าสังข์,450408
45180,ร้อยเอ็ด,จตุรพักตรพิมาน,อีง่อง,450409
45180,ร้อยเอ็ด,จตุรพักตรพิมาน,ลิ้นฟ้า,450410
45180,ร้อยเอ็ด,จตุรพักตรพิมาน,ดู่น้อย,450411
45180,ร้อยเอ็ด,จตุรพักตรพิมาน,ศรีโคตร,450412
45170,ร้อยเอ็ด,ธวัชบุรี,นิเวศน์,450501
45170,ร้อยเอ็ด,ธวัชบุรี,ธงธานี,450502
45170,ร้อยเอ็ด,ธวัชบุรี,หนองไผ่,450503
45170,ร้อยเอ็ด,ธวัชบุรี,ธวัชบุรี,450504
45170,ร้อยเอ็ด,ธวัชบุรี,อุ่มเม้า,450506
45170,ร้อยเอ็ด,ธวัชบุรี,มะอึ,450507
45170,ร้อยเอ็ด,ธวัชบุรี,เขวาทุ่ง,450510
45170,ร้อยเอ็ด,ธวัชบุรี,ไพศาล,450515
45170,ร้อยเอ็ด,ธวัชบุรี,เมืองน้อย,450517
45170,ร้อยเอ็ด,ธวัชบุรี,บึงนคร,450520
45170,ร้อยเอ็ด,ธวัชบุรี,ราชธานี,450522
45170,ร้อยเอ็ด,ธวัชบุรี,หนองพอก,450524
45140,ร้อยเอ็ด,พนมไพร,พนมไพร,450601
45140,ร้อยเอ็ด,พนมไพร,แสนสุข,450602
45140,ร้อยเอ็ด,พนมไพร,กุดน้ำใส,450603
45140,ร้อยเอ็ด,พนมไพร,หนองทัพไทย,450604
45140,ร้อยเอ็ด,พนมไพร,โพธิ์ใหญ่,450605
45140,ร้อยเอ็ด,พนมไพร,วารีสวัสดิ์,450606
45140,ร้อยเอ็ด,พนมไพร,โคกสว่าง,450607
45140,ร้อยเอ็ด,พนมไพร,โพธิ์ชัย,450611
45140,ร้อยเอ็ด,พนมไพร,นานวล,450612
45140,ร้อยเอ็ด,พนมไพร,คำไฮ,450613
45140,ร้อยเอ็ด,พนมไพร,สระแก้ว,450614
45140,ร้อยเอ็ด,พนมไพร,ค้อใหญ่,450615
45140,ร้อยเอ็ด,พนมไพร,ชานุวรรณ,450617
45110,ร้อยเอ็ด,โพนทอง,แวง,450701
45110,ร้อยเอ็ด,โพนทอง,โคกกกม่วง,450702
45110,ร้อยเอ็ด,โพนทอง,นาอุดม,450703
45110,ร้อยเอ็ด,โพนทอง,สว่าง,450704
45110,ร้อยเอ็ด,โพนทอง,หนองใหญ่,450705
45110,ร้อยเอ็ด,โพนทอง,โพธิ์ทอง,450706
45110,ร้อยเอ็ด,โพนทอง,โนนชัยศรี,450707
45110,ร้อยเอ็ด,โพนทอง,โพธิ์ศรีสว่าง,450708
45110,ร้อยเอ็ด,โพนทอง,อุ่มเม่า,450709
45110,ร้อยเอ็ด,โพนทอง,คำนาดี,450710
45110,ร้อยเอ็ด,โพนทอง,พรมสวรรค์,450711
45110,ร้อยเอ็ด,โพนทอง,สระนกแก้ว,450712
45110,ร้อยเอ็ด,โพนทอง,วังสามัคคี,450713
45110,ร้อยเอ็ด,โพนทอง,โคกสูง,450714
45230,ร้อยเอ็ด,โพธิ์ชัย,ขามเปี้ย,450801
45230,ร้อยเอ็ด,โพธิ์ชัย,เชียงใหม่,450802
45230,ร้อยเอ็ด,โพธิ์ชัย,บัวคำ,450803
45230,ร้อยเอ็ด,โพธิ์ชัย,อัคคะคำ,450804
45230,ร้อยเอ็ด,โพธิ์ชัย,สะอาด,450805
45230,ร้อยเอ็ด,โพธิ์ชัย,คำพอุง,450806
45230,ร้อยเอ็ด,โพธิ์ชัย,หนองตาไก้,450807
45230,ร้อยเอ็ด,โพธิ์ชัย,ดอนโอง,450808
45230,ร้อยเอ็ด,โพธิ์ชัย,โพธิ์ศรี,450809
45210,ร้อยเอ็ด,หนองพอก,หนองพอก,450901
45210,ร้อยเอ็ด,หนองพอก,บึงงาม,450902
45210,ร้อยเอ็ด,หนองพอก,ภูเขาทอง,450903
45210,ร้อยเอ็ด,หนองพอก,กกโพธิ์,450904
45210,ร้อยเอ็ด,หนองพอก,โคกสว่าง,450905
45210,ร้อยเอ็ด,หนองพอก,หนองขุ่นใหญ่,450906
45210,ร้อยเอ็ด,หนองพอก,รอบเมือง,450907
45210,ร้อยเอ็ด,หนองพอก,ผาน้ำย้อย,450908
45210,ร้อยเอ็ด,หนองพอก,ท่าสีดา,450909
45120,ร้อยเอ็ด,เสลภูมิ,กลาง,451001
45120,ร้อยเอ็ด,เสลภูมิ,นางาม,451002
45120,ร้อยเอ็ด,เสลภูมิ,เมืองไพร,451003
45120,ร้อยเอ็ด,เสลภูมิ,นาแซง,451004
45120,ร้อยเอ็ด,เสลภูมิ,นาเมือง,451005
45120,ร้อยเอ็ด,เสลภูมิ,วังหลวง,451006
45120,ร้อยเอ็ด,เสลภูมิ,ท่าม่วง,451007
45120,ร้อยเอ็ด,เสลภูมิ,ขวาว,451008
45120,ร้อยเอ็ด,เสลภูมิ,โพธิ์ทอง,451009
45120,ร้อยเอ็ด,เสลภูมิ,ภูเงิน,451010
45120,ร้อยเอ็ด,เสลภูมิ,เกาะแก้ว,451011
45120,ร้อยเอ็ด,เสลภูมิ,นาเลิง,451012
45120,ร้อยเอ็ด,เสลภูมิ,เหล่าน้อย,451013
45120,ร้อยเอ็ด,เสลภูมิ,ศรีวิลัย,451014
45120,ร้อยเอ็ด,เสลภูมิ,หนองหลวง,451015
45120,ร้อยเอ็ด,เสลภูมิ,พรสวรรค์,451016
45120,ร้อยเอ็ด,เสลภูมิ,ขวัญเมือง,451017
45120,ร้อยเอ็ด,เสลภูมิ,บึงเกลือ,451018
45130,ร้อยเอ็ด,สุวรรณภูมิ,สระคู,451101
45130,ร้อยเอ็ด,สุวรรณภูมิ,ดอกไม้,451102
45130,ร้อยเอ็ด,สุวรรณภูมิ,นาใหญ่,451103
45130,ร้อยเอ็ด,สุวรรณภูมิ,หินกอง,451104
45130,ร้อยเอ็ด,สุวรรณภูมิ,เมืองทุ่ง,451105
45130,ร้อยเอ็ด,สุวรรณภูมิ,หัวโทน,451106
45130,ร้อยเอ็ด,สุวรรณภูมิ,บ่อพันขัน,451107
45130,ร้อยเอ็ด,สุวรรณภูมิ,ทุ่งหลวง,451108
45130,ร้อยเอ็ด,สุวรรณภูมิ,หัวช้าง,451109
45130,ร้อยเอ็ด,สุวรรณภูมิ,น้ำคำ,451110
45130,ร้อยเอ็ด,สุวรรณภูมิ,ห้วยหินลาด,451111
45130,ร้อยเอ็ด,สุวรรณภูมิ,ช้างเผือก,451112
45130,ร้อยเอ็ด,สุวรรณภูมิ,ทุ่งกุลา,451113
45130,ร้อยเอ็ด,สุวรรณภูมิ,ทุ่งศรีเมือง,451114
45130,ร้อยเอ็ด,สุวรรณภูมิ,จำปาขัน,451115
45220,ร้อยเอ็ด,เมืองสรวง,หนองผือ,451201
45220,ร้อยเอ็ด,เมืองสรวง,หนองหิน,451202
45220,ร้อยเอ็ด,เมืองสรวง,คูเมือง,451203
45220,ร้อยเอ็ด,เมืองสรวง,กกกุง,451204
45220,ร้อยเอ็ด,เมืองสรวง,เมืองสรวง,451205
45240,ร้อยเอ็ด,โพนทราย,โพนทราย,451301
45240,ร้อยเอ็ด,โพนทราย,สามขา,451302
45240,ร้อยเอ็ด,โพนทราย,ศรีสว่าง,451303
45240,ร้อยเอ็ด,โพนทราย,ยางคำ,451304
45240,ร้อยเอ็ด,โพนทราย,ท่าหาดยาว,451305
45160,ร้อยเอ็ด,อาจสามารถ,อาจสามารถ,451401
45160,ร้อยเอ็ด,อาจสามารถ,โพนเมือง,451402
45160,ร้อยเอ็ด,อาจสามารถ,บ้านแจ้ง,451403
45160,ร้อยเอ็ด,อาจสามารถ,หน่อม,451404
45160,ร้อยเอ็ด,อาจสามารถ,หนองหมื่นถ่าน,451405
45160,ร้อยเอ็ด,อาจสามารถ,หนองขาม,451406
45160,ร้อยเอ็ด,อาจสามารถ,โหรา,451407
45160,ร้อยเอ็ด,อาจสามารถ,หนองบัว,451408
45160,ร้อยเอ็ด,อาจสามารถ,ขี้เหล็ก,451409
45160,ร้อยเอ็ด,อาจสามารถ,บ้านดู่,451410
45250,ร้อยเอ็ด,เมยวดี,เมยวดี,451501
45250,ร้อยเอ็ด,เมยวดี,ชุมพร,451502
45250,ร้อยเอ็ด,เมยวดี,บุ่งเลิศ,451503
45250,ร้อยเอ็ด,เมยวดี,ชมสะอาด,451504
45000,ร้อยเอ็ด,ศรีสมเด็จ,โพธิ์ทอง,451601
45000,ร้อยเอ็ด,ศรีสมเด็จ,ศรีสมเด็จ,451602
45000,ร้อยเอ็ด,ศรีสมเด็จ,เมืองเปลือย,451603
45000,ร้อยเอ็ด,ศรีสมเด็จ,หนองใหญ่,451604
45280,ร้อยเอ็ด,ศรีสมเด็จ,สวนจิก,451605
45280,ร้อยเอ็ด,ศรีสมเด็จ,โพธิ์สัย,451606
45000,ร้อยเอ็ด,ศรีสมเด็จ,หนองแวงควง,451607
45000,ร้อยเอ็ด,ศรีสมเด็จ,บ้านบาก,451608
45000,ร้อยเอ็ด,จังหาร,ดินดำ,451701
45000,ร้อยเอ็ด,จังหาร,ปาฝา,451702
45000,ร้อยเอ็ด,จังหาร,ม่วงลาด,451703
45000,ร้อยเอ็ด,จังหาร,จังหาร,451704
45000,ร้อยเอ็ด,จังหาร,ดงสิงห์,451705
45000,ร้อยเอ็ด,จังหาร,ยางใหญ่,451706
45000,ร้อยเอ็ด,จังหาร,ผักแว่น,451707
45000,ร้อยเอ็ด,จังหาร,แสนชาติ,451708
45000,ร้อยเอ็ด,เชียงขวัญ,เชียงขวัญ,451801
45170,ร้อยเอ็ด,เชียงขวัญ,พลับพลา,451802
45000,ร้อยเอ็ด,เชียงขวัญ,พระธาตุ,451803
45000,ร้อยเอ็ด,เชียงขวัญ,พระเจ้า,451804
45170,ร้อยเอ็ด,เชียงขวัญ,หมูม้น,451805
45000,ร้อยเอ็ด,เชียงขวัญ,บ้านเขือง,451806
45140,ร้อยเอ็ด,หนองฮี,หนองฮี,451901
45140,ร้อยเอ็ด,หนองฮี,สาวแห,451902
45140,ร้อยเอ็ด,หนองฮี,ดูกอึ่ง,451903
45140,ร้อยเอ็ด,หนองฮี,เด่นราษฎร์,451904
45170,ร้อยเอ็ด,ทุ่งเขาหลวง,ทุ่งเขาหลวง,452001
45170,ร้อยเอ็ด,ทุ่งเขาหลวง,เทอดไทย,452002
45170,ร้อยเอ็ด,ทุ่งเขาหลวง,บึงงาม,452003
45170,ร้อยเอ็ด,ทุ่งเขาหลวง,มะบ้า,452004
45170,ร้อยเอ็ด,ทุ่งเขาหลวง,เหล่า,452005
46000,กาฬสินธุ์,เมืองกาฬสินธุ์,กาฬสินธุ์,460101
46000,กาฬสินธุ์,เมืองกาฬสินธุ์,เหนือ,460102
46000,กาฬสินธุ์,เมืองกาฬสินธุ์,หลุบ,460103
46000,กาฬสินธุ์,เมืองกาฬสินธุ์,ไผ่,460104
46000,กาฬสินธุ์,เมืองกาฬสินธุ์,ลำปาว,460105
46000,กาฬสินธุ์,เมืองกาฬสินธุ์,ลำพาน,460106
46000,กาฬสินธุ์,เมืองกาฬสินธุ์,เชียงเครือ,460107
46000,กาฬสินธุ์,เมืองกาฬสินธุ์,บึงวิชัย,460108
46000,กาฬสินธุ์,เมืองกาฬสินธุ์,ห้วยโพธิ์,460109
46000,กาฬสินธุ์,เมืองกาฬสินธุ์,ภูปอ,460111
46000,กาฬสินธุ์,เมืองกาฬสินธุ์,ภูดิน,460113
46000,กาฬสินธุ์,เมืองกาฬสินธุ์,หนองกุง,460115
46000,กาฬสินธุ์,เมืองกาฬสินธุ์,กลางหมื่น,460116
46000,กาฬสินธุ์,เมืองกาฬสินธุ์,ขมิ้น,460117
46000,กาฬสินธุ์,เมืองกาฬสินธุ์,โพนทอง,460119
46000,กาฬสินธุ์,เมืองกาฬสินธุ์,นาจารย์,460120
46000,กาฬสินธุ์,เมืองกาฬสินธุ์,ลำคลอง,460121
46230,กาฬสินธุ์,นามน,นามน,460201
46230,กาฬสินธุ์,นามน,ยอดแกง,460202
46230,กาฬสินธุ์,นามน,สงเปลือย,460203
46230,กาฬสินธุ์,นามน,หลักเหลี่ยม,460204
46230,กาฬสินธุ์,นามน,หนองบัว,460205
46130,กาฬสินธุ์,กมลาไสย,กมลาไสย,460301
46130,กาฬสินธุ์,กมลาไสย,หลักเมือง,460302
46130,กาฬสินธุ์,กมลาไสย,โพนงาม,460303
46130,กาฬสินธุ์,กมลาไสย,ดงลิง,460304
46130,กาฬสินธุ์,กมลาไสย,ธัญญา,460305
46130,กาฬสินธุ์,กมลาไสย,หนองแปน,460308
46130,กาฬสินธุ์,กมลาไสย,เจ้าท่า,460310
46130,กาฬสินธุ์,กมลาไสย,โคกสมบูรณ์,460311
46210,กาฬสินธุ์,ร่องคำ,ร่องคำ,460401
46210,กาฬสินธุ์,ร่องคำ,สามัคคี,460402
46210,กาฬสินธุ์,ร่องคำ,เหล่าอ้อย,460403
46110,กาฬสินธุ์,กุฉินารายณ์,บัวขาว,460501
46110,กาฬสินธุ์,กุฉินารายณ์,แจนแลน,460502
46110,กาฬสินธุ์,กุฉินารายณ์,เหล่าใหญ่,460503
46110,กาฬสินธุ์,กุฉินารายณ์,จุมจัง,460504
46110,กาฬสินธุ์,กุฉินารายณ์,เหล่าไฮงาม,460505
46110,กาฬสินธุ์,กุฉินารายณ์,กุดหว้า,460506
46110,กาฬสินธุ์,กุฉินารายณ์,สามขา,460507
46110,กาฬสินธุ์,กุฉินารายณ์,นาขาม,460508
46110,กาฬสินธุ์,กุฉินารายณ์,หนองห้าง,460509
46110,กาฬสินธุ์,กุฉินารายณ์,นาโก,460510
46110,กาฬสินธุ์,กุฉินารายณ์,สมสะอาด,460511
46110,กาฬสินธุ์,กุฉินารายณ์,กุดค้าว,460512
46160,กาฬสินธุ์,เขาวง,คุ้มเก่า,460601
46160,กาฬสินธุ์,เขาวง,สงเปลือย,460602
46160,กาฬสินธุ์,เขาวง,หนองผือ,460603
46160,กาฬสินธุ์,เขาวง,กุดสิมคุ้มใหม่,460606
46160,กาฬสินธุ์,เขาวง,สระพังทอง,460608
46160,กาฬสินธุ์,เขาวง,กุดปลาค้าว,460611
46120,กาฬสินธุ์,ยางตลาด,ยางตลาด,460701
46120,กาฬสินธุ์,ยางตลาด,หัวงัว,460702
46120,กาฬสินธุ์,ยางตลาด,อุ่มเม่า,460703
46120,กาฬสินธุ์,ยางตลาด,บัวบาน,460704
46120,กาฬสินธุ์,ยางตลาด,เว่อ,460705
46120,กาฬสินธุ์,ยางตลาด,อิตื้อ,460706
46120,กาฬสินธุ์,ยางตลาด,หัวนาคำ,460707
46120,กาฬสินธุ์,ยางตลาด,หนองอิเฒ่า,460708
46120,กาฬสินธุ์,ยางตลาด,ดอนสมบูรณ์,460709
46120,กาฬสินธุ์,ยางตลาด,นาเชือก,460710
46120,กาฬสินธุ์,ยางตลาด,คลองขาม,460711
46120,กาฬสินธุ์,ยางตลาด,เขาพระนอน,460712
46120,กาฬสินธุ์,ยางตลาด,นาดี,460713
46120,กาฬสินธุ์,ยางตลาด,โนนสูง,460714
46120,กาฬสินธุ์,ยางตลาด,หนองตอกแป้น,460715
46170,กาฬสินธุ์,ห้วยเม็ก,ห้วยเม็ก,460801
46170,กาฬสินธุ์,ห้วยเม็ก,คำใหญ่,460802
46170,กาฬสินธุ์,ห้วยเม็ก,กุดโดน,460803
46170,กาฬสินธุ์,ห้วยเม็ก,บึงนาเรียง,460804
46170,กาฬสินธุ์,ห้วยเม็ก,หัวหิน,460805
46170,กาฬสินธุ์,ห้วยเม็ก,พิมูล,460806
46170,กาฬสินธุ์,ห้วยเม็ก,คำเหมือดแก้ว,460807
46170,กาฬสินธุ์,ห้วยเม็ก,โนนสะอาด,460808
46170,กาฬสินธุ์,ห้วยเม็ก,ทรายทอง,460809
46140,กาฬสินธุ์,สหัสขันธ์,ภูสิงห์,460901
46140,กาฬสินธุ์,สหัสขันธ์,สหัสขันธ์,460902
46140,กาฬสินธุ์,สหัสขันธ์,นามะเขือ,460903
46140,กาฬสินธุ์,สหัสขันธ์,โนนศิลา,460904
46140,กาฬสินธุ์,สหัสขันธ์,นิคม,460905
46140,กาฬสินธุ์,สหัสขันธ์,โนนแหลมทอง,460906
46140,กาฬสินธุ์,สหัสขันธ์,โนนบุรี,460907
46140,กาฬสินธุ์,สหัสขันธ์,โนนน้ำเกลี้ยง,460908
46180,กาฬสินธุ์,คำม่วง,ทุ่งคลอง,461001
46180,กาฬสินธุ์,คำม่วง,โพน,461002
46180,กาฬสินธุ์,คำม่วง,ดินจี่,461005
46180,กาฬสินธุ์,คำม่วง,นาบอน,461006
46180,กาฬสินธุ์,คำม่วง,นาทัน,461007
46180,กาฬสินธุ์,คำม่วง,เนินยาง,461009
46190,กาฬสินธุ์,ท่าคันโท,ท่าคันโท,461101
46190,กาฬสินธุ์,ท่าคันโท,กุงเก่า,461102
46190,กาฬสินธุ์,ท่าคันโท,ยางอู้ม,461103
46190,กาฬสินธุ์,ท่าคันโท,กุดจิก,461104
46190,กาฬสินธุ์,ท่าคันโท,นาตาล,461105
46190,กาฬสินธุ์,ท่าคันโท,ดงสมบูรณ์,461106
46220,กาฬสินธุ์,หนองกุงศรี,หนองกุงศรี,461201
46220,กาฬสินธุ์,หนองกุงศรี,หนองบัว,461202
46220,กาฬสินธุ์,หนองกุงศรี,โคกเครือ,461203
46220,กาฬสินธุ์,หนองกุงศรี,หนองสรวง,461204
46220,กาฬสินธุ์,หนองกุงศรี,เสาเล้า,461205
46220,กาฬสินธุ์,หนองกุงศรี,หนองใหญ่,461206
46220,กาฬสินธุ์,หนองกุงศรี,ดงมูล,461207
46220,กาฬสินธุ์,หนองกุงศรี,ลำหนองแสน,461208
46220,กาฬสินธุ์,หนองกุงศรี,หนองหิน,461209
46150,กาฬสินธุ์,สมเด็จ,สมเด็จ,461301
46150,กาฬสินธุ์,สมเด็จ,หนองแวง,461302
46150,กาฬสินธุ์,สมเด็จ,แซงบาดาล,461303
46150,กาฬสินธุ์,สมเด็จ,มหาไชย,461304
46150,กาฬสินธุ์,สมเด็จ,หมูม่น,461305
46150,กาฬสินธุ์,สมเด็จ,ผาเสวย,461306
46150,กาฬสินธุ์,สมเด็จ,ศรีสมเด็จ,461307
46150,กาฬสินธุ์,สมเด็จ,ลำห้วยหลัว,461308
46240,กาฬสินธุ์,ห้วยผึ้ง,คำบง,461401
46240,กาฬสินธุ์,ห้วยผึ้ง,ไค้นุ่น,461402
46240,กาฬสินธุ์,ห้วยผึ้ง,นิคมห้วยผึ้ง,461403
46240,กาฬสินธุ์,ห้วยผึ้ง,หนองอีบุตร,461404
46180,กาฬสินธุ์,สามชัย,สำราญ,461501
46180,กาฬสินธุ์,สามชัย,สำราญใต้,461502
46180,กาฬสินธุ์,สามชัย,คำสร้างเที่ยง,461503
46180,กาฬสินธุ์,สามชัย,หนองช้าง,461504
46160,กาฬสินธุ์,นาคู,นาคู,461601
46160,กาฬสินธุ์,นาคู,สายนาวัง,461602
46160,กาฬสินธุ์,นาคู,โนนนาจาน,461603
46160,กาฬสินธุ์,นาคู,บ่อแก้ว,461604
46160,กาฬสินธุ์,นาคู,ภูแล่นช้าง,461605
46000,กาฬสินธุ์,ดอนจาน,ดอนจาน,461701
46000,กาฬสินธุ์,ดอนจาน,สะอาดไชยศรี,461702
46000,กาฬสินธุ์,ดอนจาน,ดงพยุง,461703
46000,กาฬสินธุ์,ดอนจาน,ม่วงนา,461704
46000,กาฬสินธุ์,ดอนจาน,นาจำปา,461705
46130,กาฬสินธุ์,ฆ้องชัย,ฆ้องชัยพัฒนา,461801
46130,กาฬสินธุ์,ฆ้องชัย,เหล่ากลาง,461802
46130,กาฬสินธุ์,ฆ้องชัย,โคกสะอาด,461803
46130,กาฬสินธุ์,ฆ้องชัย,โนนศิลาเลิง,461804
46130,กาฬสินธุ์,ฆ้องชัย,ลำชี,461805
47000,สกลนคร,เมืองสกลนคร,ธาตุเชิงชุม,470101
47220,สกลนคร,เมืองสกลนคร,ขมิ้น,470102
47000,สกลนคร,เมืองสกลนคร,งิ้วด่อน,470103
47000,สกลนคร,เมืองสกลนคร,โนนหอม,470104
47000,สกลนคร,เมืองสกลนคร,เชียงเครือ,470106
47000,สกลนคร,เมืองสกลนคร,ท่าแร่,470107
47000,สกลนคร,เมืองสกลนคร,ม่วงลาย,470109
47000,สกลนคร,เมืองสกลนคร,ดงชน,470111
47000,สกลนคร,เมืองสกลนคร,ห้วยยาง,470112
47000,สกลนคร,เมืองสกลนคร,พังขว้าง,470113
47000,สกลนคร,เมืองสกลนคร,ดงมะไฟ,470115
47000,สกลนคร,เมืองสกลนคร,ธาตุนาเวง,470116
47000,สกลนคร,เมืองสกลนคร,เหล่าปอแดง,470117
47220,สกลนคร,เมืองสกลนคร,หนองลาด,470118
47000,สกลนคร,เมืองสกลนคร,ฮางโฮง,470120
47000,สกลนคร,เมืองสกลนคร,โคกก่อง,470121
47210,สกลนคร,กุสุมาลย์,กุสุมาลย์,470201
47210,สกลนคร,กุสุมาลย์,นาโพธิ์,470202
47230,สกลนคร,กุสุมาลย์,นาเพียง,470203
47210,สกลนคร,กุสุมาลย์,โพธิไพศาล,470204
47230,สกลนคร,กุสุมาลย์,อุ่มจาน,470205
47180,สกลนคร,กุดบาก,กุดบาก,470301
47180,สกลนคร,กุดบาก,นาม่อง,470303
47180,สกลนคร,กุดบาก,กุดไห,470305
47130,สกลนคร,พรรณานิคม,พรรณา,470401
47130,สกลนคร,พรรณานิคม,วังยาง,470402
47220,สกลนคร,พรรณานิคม,พอกน้อย,470403
47220,สกลนคร,พรรณานิคม,นาหัวบ่อ,470404
47130,สกลนคร,พรรณานิคม,ไร่,470405
47130,สกลนคร,พรรณานิคม,ช้างมิ่ง,470406
47130,สกลนคร,พรรณานิคม,นาใน,470407
47130,สกลนคร,พรรณานิคม,สว่าง,470408
47130,สกลนคร,พรรณานิคม,บะฮี,470409
47130,สกลนคร,พรรณานิคม,เชิงชุม,470410
47160,สกลนคร,พังโคน,พังโคน,470501
47160,สกลนคร,พังโคน,ม่วงไข่,470502
47160,สกลนคร,พังโคน,แร่,470503
47160,สกลนคร,พังโคน,ไฮหย่อง,470504
47160,สกลนคร,พังโคน,ต้นผึ้ง,470505
47150,สกลนคร,วาริชภูมิ,วาริชภูมิ,470601
47150,สกลนคร,วาริชภูมิ,ปลาโหล,470602
47150,สกลนคร,วาริชภูมิ,หนองลาด,470603
47150,สกลนคร,วาริชภูมิ,คำบ่อ,470604
47150,สกลนคร,วาริชภูมิ,ค้อเขียว,470605
47270,สกลนคร,นิคมน้ำอูน,นิคมน้ำอูน,470701
47270,สกลนคร,นิคมน้ำอูน,หนองปลิง,470702
47270,สกลนคร,นิคมน้ำอูน,หนองบัว,470703
47270,สกลนคร,นิคมน้ำอูน,สุวรรณคาม,470704
47120,สกลนคร,วานรนิวาส,วานรนิวาส,470801
47120,สกลนคร,วานรนิวาส,เดื่อศรีคันไชย,470802
47120,สกลนคร,วานรนิวาส,ขัวก่าย,470803
47120,สกลนคร,วานรนิวาส,หนองสนม,470804
47120,สกลนคร,วานรนิวาส,คูสะคาม,470805
47120,สกลนคร,วานรนิวาส,ธาตุ,470806
47120,สกลนคร,วานรนิวาส,หนองแวง,470807
47120,สกลนคร,วานรนิวาส,ศรีวิชัย,470808
47120,สกลนคร,วานรนิวาส,นาซอ,470809
47120,สกลนคร,วานรนิวาส,อินทร์แปลง,470810
47120,สกลนคร,วานรนิวาส,นาคำ,470811
47120,สกลนคร,วานรนิวาส,คอนสวรรค์,470812
47120,สกลนคร,วานรนิวาส,กุดเรือคำ,470813
47120,สกลนคร,วานรนิวาส,หนองแวงใต้,470814
47250,สกลนคร,คำตากล้า,คำตากล้า,470901
47250,สกลนคร,คำตากล้า,หนองบัวสิม,470902
47250,สกลนคร,คำตากล้า,นาแต้,470903
47250,สกลนคร,คำตากล้า,แพด,470904
47140,สกลนคร,บ้านม่วง,ม่วง,471001
47140,สกลนคร,บ้านม่วง,มาย,471002
47140,สกลนคร,บ้านม่วง,ดงหม้อทอง,471003
47140,สกลนคร,บ้านม่วง,ดงเหนือ,471004
47140,สกลนคร,บ้านม่วง,ดงหม้อทองใต้,471005
47140,สกลนคร,บ้านม่วง,ห้วยหลัว,471006
47140,สกลนคร,บ้านม่วง,โนนสะอาด,471007
47140,สกลนคร,บ้านม่วง,หนองกวั่ง,471008
47140,สกลนคร,บ้านม่วง,บ่อแก้ว,471009
47170,สกลนคร,อากาศอำนวย,อากาศ,471101
47170,สกลนคร,อากาศอำนวย,โพนแพง,471102
47170,สกลนคร,อากาศอำนวย,วาใหญ่,471103
47170,สกลนคร,อากาศอำนวย,โพนงาม,471104
47170,สกลนคร,อากาศอำนวย,ท่าก้อน,471105
47170,สกลนคร,อากาศอำนวย,นาฮี,471106
47170,สกลนคร,อากาศอำนวย,บะหว้า,471107
47170,สกลนคร,อากาศอำนวย,สามัคคีพัฒนา,471108
47110,สกลนคร,สว่างแดนดิน,สว่างแดนดิน,471201
47110,สกลนคร,สว่างแดนดิน,คำสะอาด,471203
47110,สกลนคร,สว่างแดนดิน,บ้านต้าย,471204
47110,สกลนคร,สว่างแดนดิน,บงเหนือ,471206
47110,สกลนคร,สว่างแดนดิน,โพนสูง,471207
47110,สกลนคร,สว่างแดนดิน,โคกสี,471208
47110,สกลนคร,สว่างแดนดิน,หนองหลวง,471210
47110,สกลนคร,สว่างแดนดิน,บงใต้,471211
47110,สกลนคร,สว่างแดนดิน,ค้อใต้,471212
47240,สกลนคร,สว่างแดนดิน,พันนา,471213
47240,สกลนคร,สว่างแดนดิน,แวง,471214
47110,สกลนคร,สว่างแดนดิน,ทรายมูล,471215
47240,สกลนคร,สว่างแดนดิน,ตาลโกน,471216
47240,สกลนคร,สว่างแดนดิน,ตาลเนิ้ง,471217
47240,สกลนคร,สว่างแดนดิน,ธาตุทอง,471220
47110,สกลนคร,สว่างแดนดิน,บ้านถ่อน,471221
47190,สกลนคร,ส่องดาว,ส่องดาว,471301
47190,สกลนคร,ส่องดาว,ท่าศิลา,471302
47190,สกลนคร,ส่องดาว,วัฒนา,471303
47190,สกลนคร,ส่องดาว,ปทุมวาปี,471304
47260,สกลนคร,เต่างอย,เต่างอย,471401
47260,สกลนคร,เต่างอย,บึงทวาย,471402
47260,สกลนคร,เต่างอย,นาตาล,471403
47260,สกลนคร,เต่างอย,จันทร์เพ็ญ,471404
47280,สกลนคร,โคกศรีสุพรรณ,ตองโขบ,471501
47280,สกลนคร,โคกศรีสุพรรณ,เหล่าโพนค้อ,471502
47280,สกลนคร,โคกศรีสุพรรณ,ด่านม่วงคำ,471503
47280,สกลนคร,โคกศรีสุพรรณ,แมดนาท่ม,471504
47290,สกลนคร,เจริญศิลป์,บ้านเหล่า,471601
47290,สกลนคร,เจริญศิลป์,เจริญศิลป์,471602
47290,สกลนคร,เจริญศิลป์,ทุ่งแก,471603
47290,สกลนคร,เจริญศิลป์,โคกศิลา,471604
47290,สกลนคร,เจริญศิลป์,หนองแปน,471605
47230,สกลนคร,โพนนาแก้ว,บ้านโพน,471701
47230,สกลนคร,โพนนาแก้ว,นาแก้ว,471702
47230,สกลนคร,โพนนาแก้ว,นาตงวัฒนา,471703
47230,สกลนคร,โพนนาแก้ว,บ้านแป้น,471704
47230,สกลนคร,โพนนาแก้ว,เชียงสือ,471705
47180,สกลนคร,ภูพาน,สร้างค้อ,471801
47180,สกลนคร,ภูพาน,หลุบเลา,471802
47180,สกลนคร,ภูพาน,โคกภู,471803
47180,สกลนคร,ภูพาน,กกปลาซิว,471804
48000,นครพนม,เมืองนครพนม,ในเมือง,480101
48000,นครพนม,เมืองนครพนม,หนองแสง,480102
48000,นครพนม,เมืองนครพนม,นาทราย,480103
48000,นครพนม,เมืองนครพนม,นาราชควาย,480104
48000,นครพนม,เมืองนครพนม,กุรุคุ,480105
48000,นครพนม,เมืองนครพนม,บ้านผึ้ง,480106
48000,นครพนม,เมืองนครพนม,อาจสามารถ,480107
48000,นครพนม,เมืองนครพนม,ขามเฒ่า,480108
48000,นครพนม,เมืองนครพนม,บ้านกลาง,480109
48000,นครพนม,เมืองนครพนม,ท่าค้อ,480110
48000,นครพนม,เมืองนครพนม,คำเตย,480111
48000,นครพนม,เมืองนครพนม,หนองญาติ,480112
48000,นครพนม,เมืองนครพนม,ดงขวาง,480113
48000,นครพนม,เมืองนครพนม,วังตามัว,480114
48000,นครพนม,เมืองนครพนม,โพธิ์ตาก,480115
48160,นครพนม,ปลาปาก,ปลาปาก,480201
48160,นครพนม,ปลาปาก,หนองฮี,480202
48160,นครพนม,ปลาปาก,กุตาไก้,480203
48160,นครพนม,ปลาปาก,โคกสว่าง,480204
48160,นครพนม,ปลาปาก,โคกสูง,480205
48160,นครพนม,ปลาปาก,มหาชัย,480206
48160,นครพนม,ปลาปาก,นามะเขือ,480207
48160,นครพนม,ปลาปาก,หนองเทาใหญ่,480208
48120,นครพนม,ท่าอุเทน,ท่าอุเทน,480301
48120,นครพนม,ท่าอุเทน,โนนตาล,480302
48120,นครพนม,ท่าอุเทน,ท่าจำปา,480303
48120,นครพนม,ท่าอุเทน,ไชยบุรี,480304
48120,นครพนม,ท่าอุเทน,พนอม,480305
48120,นครพนม,ท่าอุเทน,พะทาย,480306
48120,นครพนม,ท่าอุเทน,เวินพระบาท,480311
48120,นครพนม,ท่าอุเทน,รามราช,480312
48120,นครพนม,ท่าอุเทน,หนองเทา,480314
48140,นครพนม,บ้านแพง,บ้านแพง,480401
48140,นครพนม,บ้านแพง,ไผ่ล้อม,480402
48140,นครพนม,บ้านแพง,โพนทอง,480403
48140,นครพนม,บ้านแพง,หนองแวง,480404
48140,นครพนม,บ้านแพง,นางัว,480408
48140,นครพนม,บ้านแพง,นาเข,480409
48110,นครพนม,ธาตุพนม,ธาตุพนม,480501
48110,นครพนม,ธาตุพนม,ฝั่งแดง,480502
48110,นครพนม,ธาตุพนม,โพนแพง,480503
48110,นครพนม,ธาตุพนม,พระกลางทุ่ง,480504
48110,นครพนม,ธาตุพนม,นาถ่อน,480505
48110,นครพนม,ธาตุพนม,แสนพัน,480506
48110,นครพนม,ธาตุพนม,ดอนนางหงส์,480507
48110,นครพนม,ธาตุพนม,น้ำก่ำ,480508
48110,นครพนม,ธาตุพนม,อุ่มเหม้า,480509
48110,นครพนม,ธาตุพนม,นาหนาด,480510
48110,นครพนม,ธาตุพนม,กุดฉิม,480511
48110,นครพนม,ธาตุพนม,ธาตุพนมเหนือ,480512
48170,นครพนม,เรณูนคร,เรณู,480601
48170,นครพนม,เรณูนคร,โพนทอง,480602
48170,นครพนม,เรณูนคร,ท่าลาด,480603
48170,นครพนม,เรณูนคร,นางาม,480604
48170,นครพนม,เรณูนคร,โคกหินแฮ่,480605
48170,นครพนม,เรณูนคร,หนองย่างชิ้น,480607
48170,นครพนม,เรณูนคร,เรณูใต้,480608
48170,นครพนม,เรณูนคร,นาขาม,480609
48130,นครพนม,นาแก,นาแก,480701
48130,นครพนม,นาแก,พระซอง,480702
48130,นครพนม,นาแก,หนองสังข์,480703
48130,นครพนม,นาแก,นาคู่,480704
48130,นครพนม,นาแก,พิมาน,480705
48130,นครพนม,นาแก,พุ่มแก,480706
48130,นครพนม,นาแก,ก้านเหลือง,480707
48130,นครพนม,นาแก,หนองบ่อ,480708
48130,นครพนม,นาแก,นาเลียง,480709
48130,นครพนม,นาแก,บ้านแก้ง,480712
48130,นครพนม,นาแก,คำพี้,480713
48130,นครพนม,นาแก,สีชมพู,480715
48150,นครพนม,ศรีสงคราม,ศรีสงคราม,480801
48150,นครพนม,ศรีสงคราม,นาเดื่อ,480802
48150,นครพนม,ศรีสงคราม,บ้านเอื้อง,480803
48150,นครพนม,ศรีสงคราม,สามผง,480804
48150,นครพนม,ศรีสงคราม,ท่าบ่อสงคราม,480805
48150,นครพนม,ศรีสงคราม,บ้านข่า,480806
48150,นครพนม,ศรีสงคราม,นาคำ,480807
48150,นครพนม,ศรีสงคราม,โพนสว่าง,480808
48150,นครพนม,ศรีสงคราม,หาดแพง,480809
48180,นครพนม,นาหว้า,นาหว้า,480901
48180,นครพนม,นาหว้า,นางัว,480902
48180,นครพนม,นาหว้า,บ้านเสียว,480903
48180,นครพนม,นาหว้า,นาคูณใหญ่,480904
48180,นครพนม,นาหว้า,เหล่าพัฒนา,480905
48180,นครพนม,นาหว้า,ท่าเรือ,480906
48190,นครพนม,โพนสวรรค์,โพนสวรรค์,481001
48190,นครพนม,โพนสวรรค์,นาหัวบ่อ,481002
48190,นครพนม,โพนสวรรค์,นาขมิ้น,481003
48190,นครพนม,โพนสวรรค์,โพนบก,481004
48190,นครพนม,โพนสวรรค์,บ้านค้อ,481005
48190,นครพนม,โพนสวรรค์,โพนจาน,481006
48190,นครพนม,โพนสวรรค์,นาใน,481007
48140,นครพนม,นาทม,นาทม,481101
48140,นครพนม,นาทม,หนองซน,481102
48140,นครพนม,นาทม,ดอนเตย,481103
48130,นครพนม,วังยาง,วังยาง,481201
48130,นครพนม,วังยาง,โคกสี,481202
48130,นครพนม,วังยาง,ยอดชาด,481203
48130,นครพนม,วังยาง,หนองโพธิ์,481204
49000,มุกดาหาร,เมืองมุกดาหาร,มุกดาหาร,490101
49000,มุกดาหาร,เมืองมุกดาหาร,ศรีบุญเรือง,490102
49000,มุกดาหาร,เมืองมุกดาหาร,บ้านโคก,490103
49000,มุกดาหาร,เมืองมุกดาหาร,บางทรายใหญ่,490104
49000,มุกดาหาร,เมืองมุกดาหาร,โพนทราย,490105
49000,มุกดาหาร,เมืองมุกดาหาร,ผึ่งแดด,490106
49000,มุกดาหาร,เมืองมุกดาหาร,นาโสก,490107
49000,มุกดาหาร,เมืองมุกดาหาร,นาสีนวน,490108
49000,มุกดาหาร,เมืองมุกดาหาร,คำป่าหลาย,490109
49000,มุกดาหาร,เมืองมุกดาหาร,คำอาฮวน,490110
49000,มุกดาหาร,เมืองมุกดาหาร,ดงเย็น,490111
49000,มุกดาหาร,เมืองมุกดาหาร,ดงมอน,490112
49000,มุกดาหาร,เมืองมุกดาหาร,กุดแข้,490113
49130,มุกดาหาร,นิคมคำสร้อย,นิคมคำสร้อย,490201
49130,มุกดาหาร,นิคมคำสร้อย,นากอก,490202
49130,มุกดาหาร,นิคมคำสร้อย,หนองแวง,490203
49130,มุกดาหาร,นิคมคำสร้อย,กกแดง,490204
49130,มุกดาหาร,นิคมคำสร้อย,นาอุดม,490205
49130,มุกดาหาร,นิคมคำสร้อย,โชคชัย,490206
49130,มุกดาหาร,นิคมคำสร้อย,ร่มเกล้า,490207
49120,มุกดาหาร,ดอนตาล,ดอนตาล,490301
49120,มุกดาหาร,ดอนตาล,โพธิ์ไทร,490302
49120,มุกดาหาร,ดอนตาล,ป่าไร่,490303
49120,มุกดาหาร,ดอนตาล,เหล่าหมี,490304
49120,มุกดาหาร,ดอนตาล,บ้านบาก,490305
49120,มุกดาหาร,ดอนตาล,นาสะเม็ง,490306
49120,มุกดาหาร,ดอนตาล,บ้านแก้ง,490307
49140,มุกดาหาร,ดงหลวง,ดงหลวง,490401
49140,มุกดาหาร,ดงหลวง,หนองบัว,490402
49140,มุกดาหาร,ดงหลวง,กกตูม,490403
49140,มุกดาหาร,ดงหลวง,หนองแคน,490404
49140,มุกดาหาร,ดงหลวง,ชะโนดน้อย,490405
49140,มุกดาหาร,ดงหลวง,พังแดง,490406
49110,มุกดาหาร,คำชะอี,บ้านซ่ง,490503
49110,มุกดาหาร,คำชะอี,คำชะอี,490504
49110,มุกดาหาร,คำชะอี,หนองเอี่ยน,490505
49110,มุกดาหาร,คำชะอี,บ้านค้อ,490506
49110,มุกดาหาร,คำชะอี,บ้านเหล่า,490507
49110,มุกดาหาร,คำชะอี,โพนงาม,490508
49110,มุกดาหาร,คำชะอี,เหล่าสร้างถ่อ,490511
49110,มุกดาหาร,คำชะอี,คำบก,490512
49110,มุกดาหาร,คำชะอี,น้ำเที่ยง,490514
49150,มุกดาหาร,หว้านใหญ่,หว้านใหญ่,490601
49150,มุกดาหาร,หว้านใหญ่,ป่งขาม,490602
49150,มุกดาหาร,หว้านใหญ่,บางทรายน้อย,490603
49150,มุกดาหาร,หว้านใหญ่,ชะโนด,490604
49150,มุกดาหาร,หว้านใหญ่,ดงหมู,490605
49160,มุกดาหาร,หนองสูง,หนองสูง,490701
49160,มุกดาหาร,หนองสูง,โนนยาง,490702
49160,มุกดาหาร,หนองสูง,ภูวง,490703
49160,มุกดาหาร,หนองสูง,บ้านเป้า,490704
49160,มุกดาหาร,หนองสูง,หนองสูงใต้,490705
49160,มุกดาหาร,หนองสูง,หนองสูงเหนือ,490706
50200,เชียงใหม่,เมืองเชียงใหม่,ศรีภูมิ,500101
50200,เชียงใหม่,เมืองเชียงใหม่,พระสิงห์,500102
50100,เชียงใหม่,เมืองเชียงใหม่,หายยา,500103
50300,เชียงใหม่,เมืองเชียงใหม่,ช้างม่อย,500104
50100,เชียงใหม่,เมืองเชียงใหม่,ช้างคลาน,500105
50000,เชียงใหม่,เมืองเชียงใหม่,วัดเกต,500106
50300,เชียงใหม่,เมืองเชียงใหม่,ช้างเผือก,500107
50200,เชียงใหม่,เมืองเชียงใหม่,สุเทพ,500108
50100,เชียงใหม่,เมืองเชียงใหม่,แม่เหียะ,500109
50100,เชียงใหม่,เมืองเชียงใหม่,ป่าแดด,500110
50000,เชียงใหม่,เมืองเชียงใหม่,หนองหอย,500111
50000,เชียงใหม่,เมืองเชียงใหม่,ท่าศาลา,500112
50000,เชียงใหม่,เมืองเชียงใหม่,หนองป่าครั่ง,500113
50000,เชียงใหม่,เมืองเชียงใหม่,ฟ้าฮ่าม,500114
50300,เชียงใหม่,เมืองเชียงใหม่,ป่าตัน,500115
50300,เชียงใหม่,เมืองเชียงใหม่,สันผีเสื้อ,500116
50160,เชียงใหม่,จอมทอง,บ้านหลวง,500203
50160,เชียงใหม่,จอมทอง,ข่วงเปา,500204
50160,เชียงใหม่,จอมทอง,สบเตี๊ยะ,500205
50240,เชียงใหม่,จอมทอง,บ้านแปะ,500206
50160,เชียงใหม่,จอมทอง,ดอยแก้ว,500207
50240,เชียงใหม่,จอมทอง,แม่สอย,500209
50270,เชียงใหม่,แม่แจ่ม,ช่างเคิ่ง,500301
50270,เชียงใหม่,แม่แจ่ม,ท่าผา,500302
50270,เชียงใหม่,แม่แจ่ม,บ้านทับ,500303
50270,เชียงใหม่,แม่แจ่ม,แม่ศึก,500304
50270,เชียงใหม่,แม่แจ่ม,แม่นาจร,500305
50270,เชียงใหม่,แม่แจ่ม,ปางหินฝน,500307
50270,เชียงใหม่,แม่แจ่ม,กองแขก,500308
50170,เชียงใหม่,เชียงดาว,เชียงดาว,500401
50170,เชียงใหม่,เชียงดาว,เมืองนะ,500402
50170,เชียงใหม่,เชียงดาว,เมืองงาย,500403
50170,เชียงใหม่,เชียงดาว,แม่นะ,500404
50170,เชียงใหม่,เชียงดาว,เมืองคอง,500405
50170,เชียงใหม่,เชียงดาว,ปิงโค้ง,500406
50170,เชียงใหม่,เชียงดาว,ทุ่งข้าวพวง,500407
50220,เชียงใหม่,ดอยสะเก็ด,เชิงดอย,500501
50220,เชียงใหม่,ดอยสะเก็ด,สันปูเลย,500502
50220,เชียงใหม่,ดอยสะเก็ด,ลวงเหนือ,500503
50220,เชียงใหม่,ดอยสะเก็ด,ป่าป้อง,500504
50220,เชียงใหม่,ดอยสะเก็ด,สง่าบ้าน,500505
50220,เชียงใหม่,ดอยสะเก็ด,ป่าลาน,500506
50220,เชียงใหม่,ดอยสะเก็ด,ตลาดขวัญ,500507
50220,เชียงใหม่,ดอยสะเก็ด,สำราญราษฎร์,500508
50220,เชียงใหม่,ดอยสะเก็ด,แม่คือ,500509
50220,เชียงใหม่,ดอยสะเก็ด,ตลาดใหญ่,500510
50220,เชียงใหม่,ดอยสะเก็ด,แม่ฮ้อยเงิน,500511
50220,เชียงใหม่,ดอยสะเก็ด,แม่โป่ง,500512
50220,เชียงใหม่,ดอยสะเก็ด,ป่าเมี่ยง,500513
50220,เชียงใหม่,ดอยสะเก็ด,เทพเสด็จ,500514
50150,เชียงใหม่,แม่แตง,สันมหาพน,500601
50150,เชียงใหม่,แม่แตง,แม่แตง,500602
50150,เชียงใหม่,แม่แตง,ขี้เหล็ก,500603
50150,เชียงใหม่,แม่แตง,ช่อแล,500604
50150,เชียงใหม่,แม่แตง,แม่หอพระ,500605
50150,เชียงใหม่,แม่แตง,สบเปิง,500606
50150,เชียงใหม่,แม่แตง,บ้านเป้า,500607
50330,เชียงใหม่,แม่แตง,สันป่ายาง,500608
50150,เชียงใหม่,แม่แตง,ป่าแป๋,500609
50150,เชียงใหม่,แม่แตง,เมืองก๋าย,500610
50150,เชียงใหม่,แม่แตง,บ้านช้าง,500611
50150,เชียงใหม่,แม่แตง,กื้ดช้าง,500612
50150,เชียงใหม่,แม่แตง,อินทขิล,500613
50180,เชียงใหม่,แม่ริม,ริมใต้,500701
50180,เชียงใหม่,แม่ริม,ริมเหนือ,500702
50180,เชียงใหม่,แม่ริม,สันโป่ง,500703
50180,เชียงใหม่,แม่ริม,ขี้เหล็ก,500704
50330,เชียงใหม่,แม่ริม,สะลวง,500705
50180,เชียงใหม่,แม่ริม,ห้วยทราย,500706
50180,เชียงใหม่,แม่ริม,แม่แรม,500707
50180,เชียงใหม่,แม่ริม,โป่งแยง,500708
50180,เชียงใหม่,แม่ริม,แม่สา,500709
50180,เชียงใหม่,แม่ริม,ดอนแก้ว,500710
50180,เชียงใหม่,แม่ริม,เหมืองแก้ว,500711
50250,เชียงใหม่,สะเมิง,สะเมิงใต้,500801
50250,เชียงใหม่,สะเมิง,สะเมิงเหนือ,500802
50250,เชียงใหม่,สะเมิง,แม่สาบ,500803
50250,เชียงใหม่,สะเมิง,บ่อแก้ว,500804
50250,เชียงใหม่,สะเมิง,ยั้งเมิน,500805
50110,เชียงใหม่,ฝาง,เวียง,500901
50110,เชียงใหม่,ฝาง,ม่อนปิ่น,500903
50320,เชียงใหม่,ฝาง,แม่งอน,500904
50110,เชียงใหม่,ฝาง,แม่สูน,500905
50110,เชียงใหม่,ฝาง,สันทราย,500906
50110,เชียงใหม่,ฝาง,แม่คะ,500910
50320,เชียงใหม่,ฝาง,แม่ข่า,500911
50110,เชียงใหม่,ฝาง,โป่งน้ำร้อน,500912
50280,เชียงใหม่,แม่อาย,แม่อาย,501001
50280,เชียงใหม่,แม่อาย,แม่สาว,501002
50280,เชียงใหม่,แม่อาย,สันต้นหมื้อ,501003
50280,เชียงใหม่,แม่อาย,แม่นาวาง,501004
50280,เชียงใหม่,แม่อาย,ท่าตอน,501005
50280,เชียงใหม่,แม่อาย,บ้านหลวง,501006
50280,เชียงใหม่,แม่อาย,มะลิกา,501007
50190,เชียงใหม่,พร้าว,เวียง,501101
50190,เชียงใหม่,พร้าว,ทุ่งหลวง,501102
50190,เชียงใหม่,พร้าว,ป่าตุ้ม,501103
50190,เชียงใหม่,พร้าว,ป่าไหน่,501104
50190,เชียงใหม่,พร้าว,สันทราย,501105
50190,เชียงใหม่,พร้าว,บ้านโป่ง,501106
50190,เชียงใหม่,พร้าว,น้ำแพร่,501107
50190,เชียงใหม่,พร้าว,เขื่อนผาก,501108
50190,เชียงใหม่,พร้าว,แม่แวน,501109
50190,เชียงใหม่,พร้าว,แม่ปั๋ง,501110
50190,เชียงใหม่,พร้าว,โหล่งขอด,501111
50120,เชียงใหม่,สันป่าตอง,ยุหว่า,501201
50120,เชียงใหม่,สันป่าตอง,สันกลาง,501202
50120,เชียงใหม่,สันป่าตอง,ท่าวังพร้าว,501203
50120,เชียงใหม่,สันป่าตอง,มะขามหลวง,501204
50120,เชียงใหม่,สันป่าตอง,แม่ก๊า,501205
50120,เชียงใหม่,สันป่าตอง,บ้านแม,501206
50120,เชียงใหม่,สันป่าตอง,บ้านกลาง,501207
50120,เชียงใหม่,สันป่าตอง,ทุ่งสะโตก,501208
50120,เชียงใหม่,สันป่าตอง,ทุ่งต้อม,501210
50120,เชียงใหม่,สันป่าตอง,น้ำบ่อหลวง,501214
50120,เชียงใหม่,สันป่าตอง,มะขุนหวาน,501215
50130,เชียงใหม่,สันกำแพง,สันกำแพง,501301
50130,เชียงใหม่,สันกำแพง,ทรายมูล,501302
50130,เชียงใหม่,สันกำแพง,ร้องวัวแดง,501303
50130,เชียงใหม่,สันกำแพง,บวกค้าง,501304
50130,เชียงใหม่,สันกำแพง,แช่ช้าง,501305
50130,เชียงใหม่,สันกำแพง,ออนใต้,501306
50130,เชียงใหม่,สันกำแพง,แม่ปูคา,501310
50130,เชียงใหม่,สันกำแพง,ห้วยทราย,501311
50130,เชียงใหม่,สันกำแพง,ต้นเปา,501312
50130,เชียงใหม่,สันกำแพง,สันกลาง,501313
50210,เชียงใหม่,สันทราย,สันทรายหลวง,501401
50210,เชียงใหม่,สันทราย,สันทรายน้อย,501402
50210,เชียงใหม่,สันทราย,สันพระเนตร,501403
50210,เชียงใหม่,สันทราย,สันนาเม็ง,501404
50210,เชียงใหม่,สันทราย,สันป่าเปา,501405
50210,เชียงใหม่,สันทราย,หนองแหย่ง,501406
50210,เชียงใหม่,สันทราย,หนองจ๊อม,501407
50290,เชียงใหม่,สันทราย,หนองหาร,501408
50290,เชียงใหม่,สันทราย,แม่แฝก,501409
50290,เชียงใหม่,สันทราย,แม่แฝกใหม่,501410
50210,เชียงใหม่,สันทราย,เมืองเล็น,501411
50210,เชียงใหม่,สันทราย,ป่าไผ่,501412
50230,เชียงใหม่,หางดง,หางดง,501501
50230,เชียงใหม่,หางดง,หนองแก๋ว,501502
50230,เชียงใหม่,หางดง,หารแก้ว,501503
50340,เชียงใหม่,หางดง,หนองตอง,501504
50230,เชียงใหม่,หางดง,ขุนคง,501505
50230,เชียงใหม่,หางดง,สบแม่ข่า,501506
50230,เชียงใหม่,หางดง,บ้านแหวน,501507
50230,เชียงใหม่,หางดง,สันผักหวาน,501508
50230,เชียงใหม่,หางดง,หนองควาย,501509
50230,เชียงใหม่,หางดง,บ้านปง,501510
50230,เชียงใหม่,หางดง,น้ำแพร่,501511
50240,เชียงใหม่,ฮอด,หางดง,501601
50240,เชียงใหม่,ฮอด,ฮอด,501602
50240,เชียงใหม่,ฮอด,บ้านตาล,501603
50240,เชียงใหม่,ฮอด,บ่อหลวง,501604
50240,เชียงใหม่,ฮอด,บ่อสลี,501605
50240,เชียงใหม่,ฮอด,นาคอเรือ,501606
50260,เชียงใหม่,ดอยเต่า,ดอยเต่า,501701
50260,เชียงใหม่,ดอยเต่า,ท่าเดื่อ,501702
50260,เชียงใหม่,ดอยเต่า,มืดกา,501703
50260,เชียงใหม่,ดอยเต่า,บ้านแอ่น,501704
50260,เชียงใหม่,ดอยเต่า,บงตัน,501705
50260,เชียงใหม่,ดอยเต่า,โปงทุ่ง,501706
50310,เชียงใหม่,อมก๋อย,อมก๋อย,501801
50310,เชียงใหม่,อมก๋อย,ยางเปียง,501802
50310,เชียงใหม่,อมก๋อย,แม่ตื่น,501803
50310,เชียงใหม่,อมก๋อย,ม่อนจอง,501804
50310,เชียงใหม่,อมก๋อย,แม่หลอง,501805
50310,เชียงใหม่,อมก๋อย,นาเกียน,501806
50140,เชียงใหม่,สารภี,ยางเนิ้ง,501901
50140,เชียงใหม่,สารภี,สารภี,501902
50140,เชียงใหม่,สารภี,ชมภู,501903
50140,เชียงใหม่,สารภี,ไชยสถาน,501904
50140,เชียงใหม่,สารภี,ขัวมุง,501905
50140,เชียงใหม่,สารภี,หนองแฝก,501906
50140,เชียงใหม่,สารภี,หนองผึ้ง,501907
50140,เชียงใหม่,สารภี,ท่ากว้าง,501908
50140,เชียงใหม่,สารภี,ดอนแก้ว,501909
50140,เชียงใหม่,สารภี,ท่าวังตาล,501910
50140,เชียงใหม่,สารภี,สันทราย,501911
50140,เชียงใหม่,สารภี,ป่าบง,501912
50350,เชียงใหม่,เวียงแหง,เมืองแหง,502001
50350,เชียงใหม่,เวียงแหง,เปียงหลวง,502002
50350,เชียงใหม่,เวียงแหง,แสนไห,502003
50320,เชียงใหม่,ไชยปราการ,ปงตำ,502101
50320,เชียงใหม่,ไชยปราการ,ศรีดงเย็น,502102
50320,เชียงใหม่,ไชยปราการ,แม่ทะลบ,502103
50320,เชียงใหม่,ไชยปราการ,หนองบัว,502104
50360,เชียงใหม่,แม่วาง,บ้านกาด,502201
50360,เชียงใหม่,แม่วาง,ทุ่งปี๊,502202
50360,เชียงใหม่,แม่วาง,ทุ่งรวงทอง,502203
50360,เชียงใหม่,แม่วาง,แม่วิน,502204
50360,เชียงใหม่,แม่วาง,ดอนเปา,502205
50130,เชียงใหม่,แม่ออน,ออนเหนือ,502301
50130,เชียงใหม่,แม่ออน,ออนกลาง,502302
50130,เชียงใหม่,แม่ออน,บ้านสหกรณ์,502303
50130,เชียงใหม่,แม่ออน,ห้วยแก้ว,502304
50130,เชียงใหม่,แม่ออน,แม่ทา,502305
50130,เชียงใหม่,แม่ออน,ทาเหนือ,502306
50160,เชียงใหม่,ดอยหล่อ,ดอยหล่อ,502401
50160,เชียงใหม่,ดอยหล่อ,สองแคว,502402
50160,เชียงใหม่,ดอยหล่อ,ยางคราม,502403
50160,เชียงใหม่,ดอยหล่อ,สันติสุข,502404
58130,เชียงใหม่,กัลยาณิวัฒนา,บ้านจันทร์,502501
58130,เชียงใหม่,กัลยาณิวัฒนา,แม่แดด,502502
58130,เชียงใหม่,กัลยาณิวัฒนา,แจ่มหลวง,502503
51000,ลำพูน,เมืองลำพูน,ในเมือง,510101
51000,ลำพูน,เมืองลำพูน,เหมืองง่า,510102
51150,ลำพูน,เมืองลำพูน,อุโมงค์,510103
51150,ลำพูน,เมืองลำพูน,หนองช้างคืน,510104
51000,ลำพูน,เมืองลำพูน,ประตูป่า,510105
51000,ลำพูน,เมืองลำพูน,ริมปิง,510106
51000,ลำพูน,เมืองลำพูน,ต้นธง,510107
51000,ลำพูน,เมืองลำพูน,บ้านแป้น,510108
51000,ลำพูน,เมืองลำพูน,เหมืองจี้,510109
51000,ลำพูน,เมืองลำพูน,ป่าสัก,510110
51000,ลำพูน,เมืองลำพูน,เวียงยอง,510111
51000,ลำพูน,เมืองลำพูน,บ้านกลาง,510112
51000,ลำพูน,เมืองลำพูน,มะเขือแจ้,510113
51000,ลำพูน,เมืองลำพูน,ศรีบัวบาน,510116
51000,ลำพูน,เมืองลำพูน,หนองหนาม,510117
51140,ลำพูน,แม่ทา,ทาปลาดุก,510201
51140,ลำพูน,แม่ทา,ทาสบเส้า,510202
51170,ลำพูน,แม่ทา,ทากาศ,510203
51170,ลำพูน,แม่ทา,ทาขุมเงิน,510204
51170,ลำพูน,แม่ทา,ทาทุ่งหลวง,510205
51170,ลำพูน,แม่ทา,ทาแม่ลอบ,510206
51130,ลำพูน,บ้านโฮ่ง,บ้านโฮ่ง,510301
51130,ลำพูน,บ้านโฮ่ง,ป่าพลู,510302
51130,ลำพูน,บ้านโฮ่ง,เหล่ายาว,510303
51130,ลำพูน,บ้านโฮ่ง,ศรีเตี้ย,510304
51130,ลำพูน,บ้านโฮ่ง,หนองปลาสะวาย,510305
51110,ลำพูน,ลี้,ลี้,510401
51110,ลำพูน,ลี้,แม่ตืน,510402
51110,ลำพูน,ลี้,นาทราย,510403
51110,ลำพูน,ลี้,ดงดำ,510404
51110,ลำพูน,ลี้,ก้อ,510405
51110,ลำพูน,ลี้,แม่ลาน,510406
51110,ลำพูน,ลี้,ป่าไผ่,510408
51110,ลำพูน,ลี้,ศรีวิชัย,510409
51160,ลำพูน,ทุ่งหัวช้าง,ทุ่งหัวช้าง,510501
51160,ลำพูน,ทุ่งหัวช้าง,บ้านปวง,510502
51160,ลำพูน,ทุ่งหัวช้าง,ตะเคียนปม,510503
51120,ลำพูน,ป่าซาง,ปากบ่อง,510601
51120,ลำพูน,ป่าซาง,ป่าซาง,510602
51120,ลำพูน,ป่าซาง,แม่แรง,510603
51120,ลำพูน,ป่าซาง,ม่วงน้อย,510604
51120,ลำพูน,ป่าซาง,บ้านเรือน,510605
51120,ลำพูน,ป่าซาง,มะกอก,510606
51120,ลำพูน,ป่าซาง,ท่าตุ้ม,510607
51120,ลำพูน,ป่าซาง,น้ำดิบ,510608
51120,ลำพูน,ป่าซาง,นครเจดีย์,510611
51180,ลำพูน,บ้านธิ,บ้านธิ,510701
51180,ลำพูน,บ้านธิ,ห้วยยาบ,510702
51120,ลำพูน,เวียงหนองล่อง,หนองล่อง,510801
51120,ลำพูน,เวียงหนองล่อง,หนองยวง,510802
51120,ลำพูน,เวียงหนองล่อง,วังผาง,510803
52000,ลำปาง,เมืองลำปาง,เวียงเหนือ,520101
52000,ลำปาง,เมืองลำปาง,หัวเวียง,520102
52100,ลำปาง,เมืองลำปาง,สวนดอก,520103
52100,ลำปาง,เมืองลำปาง,สบตุ๋ย,520104
52000,ลำปาง,เมืองลำปาง,พระบาท,520105
52100,ลำปาง,เมืองลำปาง,ชมพู,520106
52000,ลำปาง,เมืองลำปาง,กล้วยแพะ,520107
52100,ลำปาง,เมืองลำปาง,ปงแสนทอง,520108
52000,ลำปาง,เมืองลำปาง,บ้านแลง,520109
52000,ลำปาง,เมืองลำปาง,บ้านเสด็จ,520110
52000,ลำปาง,เมืองลำปาง,พิชัย,520111
52000,ลำปาง,เมืองลำปาง,ทุ่งฝาย,520112
52100,ลำปาง,เมืองลำปาง,บ้านเอื้อม,520113
52100,ลำปาง,เมืองลำปาง,บ้านเป้า,520114
52100,ลำปาง,เมืองลำปาง,บ้านค่า,520115
52100,ลำปาง,เมืองลำปาง,บ่อแฮ้ว,520116
52000,ลำปาง,เมืองลำปาง,ต้นธงชัย,520117
52000,ลำปาง,เมืองลำปาง,นิคมพัฒนา,520118
52000,ลำปาง,เมืองลำปาง,บุญนาคพัฒนา,520119
52220,ลำปาง,แม่เมาะ,บ้านดง,520201
52220,ลำปาง,แม่เมาะ,นาสัก,520202
52220,ลำปาง,แม่เมาะ,จางเหนือ,520203
52220,ลำปาง,แม่เมาะ,แม่เมาะ,520204
52220,ลำปาง,แม่เมาะ,สบป้าด,520205
52130,ลำปาง,เกาะคา,ลำปางหลวง,520301
52130,ลำปาง,เกาะคา,นาแก้ว,520302
52130,ลำปาง,เกาะคา,ไหล่หิน,520303
52130,ลำปาง,เกาะคา,วังพร้าว,520304
52130,ลำปาง,เกาะคา,ศาลา,520305
52130,ลำปาง,เกาะคา,เกาะคา,520306
52130,ลำปาง,เกาะคา,นาแส่ง,520307
52130,ลำปาง,เกาะคา,ท่าผา,520308
52130,ลำปาง,เกาะคา,ใหม่พัฒนา,520309
52210,ลำปาง,เสริมงาม,ทุ่งงาม,520401
52210,ลำปาง,เสริมงาม,เสริมขวา,520402
52210,ลำปาง,เสริมงาม,เสริมซ้าย,520403
52210,ลำปาง,เสริมงาม,เสริมกลาง,520404
52110,ลำปาง,งาว,หลวงเหนือ,520501
52110,ลำปาง,งาว,หลวงใต้,520502
52110,ลำปาง,งาว,บ้านโป่ง,520503
52110,ลำปาง,งาว,บ้านร้อง,520504
52110,ลำปาง,งาว,ปงเตา,520505
52110,ลำปาง,งาว,นาแก,520506
52110,ลำปาง,งาว,บ้านอ้อน,520507
52110,ลำปาง,งาว,บ้านแหง,520508
52110,ลำปาง,งาว,บ้านหวด,520509
52110,ลำปาง,งาว,แม่ตีบ,520510
52120,ลำปาง,แจ้ห่ม,แจ้ห่ม,520601
52120,ลำปาง,แจ้ห่ม,บ้านสา,520602
52120,ลำปาง,แจ้ห่ม,ปงดอน,520603
52120,ลำปาง,แจ้ห่ม,แม่สุก,520604
52120,ลำปาง,แจ้ห่ม,เมืองมาย,520605
52120,ลำปาง,แจ้ห่ม,ทุ่งผึ้ง,520606
52120,ลำปาง,แจ้ห่ม,วิเชตนคร,520607
52140,ลำปาง,วังเหนือ,ทุ่งฮั้ว,520701
52140,ลำปาง,วังเหนือ,วังเหนือ,520702
52140,ลำปาง,วังเหนือ,วังใต้,520703
52140,ลำปาง,วังเหนือ,ร่องเคาะ,520704
52140,ลำปาง,วังเหนือ,วังทอง,520705
52140,ลำปาง,วังเหนือ,วังซ้าย,520706
52140,ลำปาง,วังเหนือ,วังแก้ว,520707
52140,ลำปาง,วังเหนือ,วังทรายคำ,520708
52160,ลำปาง,เถิน,ล้อมแรด,520801
52230,ลำปาง,เถิน,แม่วะ,520802
52160,ลำปาง,เถิน,แม่ปะ,520803
52160,ลำปาง,เถิน,แม่มอก,520804
52160,ลำปาง,เถิน,เวียงมอก,520805
52160,ลำปาง,เถิน,นาโป่ง,520806
52160,ลำปาง,เถิน,แม่ถอด,520807
52160,ลำปาง,เถิน,เถินบุรี,520808
52180,ลำปาง,แม่พริก,แม่พริก,520901
52180,ลำปาง,แม่พริก,ผาปัง,520902
52180,ลำปาง,แม่พริก,แม่ปุ,520903
52180,ลำปาง,แม่พริก,พระบาทวังตวง,520904
52150,ลำปาง,แม่ทะ,แม่ทะ,521001
52150,ลำปาง,แม่ทะ,นาครัว,521002
52150,ลำปาง,แม่ทะ,ป่าตัน,521003
52150,ลำปาง,แม่ทะ,บ้านกิ่ว,521004
52150,ลำปาง,แม่ทะ,บ้านบอม,521005
52150,ลำปาง,แม่ทะ,น้ำโจ้,521006
52150,ลำปาง,แม่ทะ,ดอนไฟ,521007
52150,ลำปาง,แม่ทะ,หัวเสือ,521008
52150,ลำปาง,แม่ทะ,วังเงิน,521010
52150,ลำปาง,แม่ทะ,สันดอนแก้ว,521011
52170,ลำปาง,สบปราบ,สบปราบ,521101
52170,ลำปาง,สบปราบ,สมัย,521102
52170,ลำปาง,สบปราบ,แม่กัวะ,521103
52170,ลำปาง,สบปราบ,นายาง,521104
52190,ลำปาง,ห้างฉัตร,ห้างฉัตร,521201
52190,ลำปาง,ห้างฉัตร,หนองหล่ม,521202
52190,ลำปาง,ห้างฉัตร,เมืองยาว,521203
52190,ลำปาง,ห้างฉัตร,ปงยางคก,521204
52190,ลำปาง,ห้างฉัตร,เวียงตาล,521205
52190,ลำปาง,ห้างฉัตร,แม่สัน,521206
52190,ลำปาง,ห้างฉัตร,วอแก้ว,521207
52240,ลำปาง,เมืองปาน,เมืองปาน,521301
52240,ลำปาง,เมืองปาน,บ้านขอ,521302
52240,ลำปาง,เมืองปาน,ทุ่งกว๋าว,521303
52240,ลำปาง,เมืองปาน,แจ้ซ้อน,521304
52240,ลำปาง,เมืองปาน,หัวเมือง,521305
53000,อุตรดิตถ์,เมืองอุตรดิตถ์,ท่าอิฐ,530101
53000,อุตรดิตถ์,เมืองอุตรดิตถ์,ท่าเสา,530102
53000,อุตรดิตถ์,เมืองอุตรดิตถ์,บ้านเกาะ,530103
53000,อุตรดิตถ์,เมืองอุตรดิตถ์,ป่าเซ่า,530104
53000,อุตรดิตถ์,เมืองอุตรดิตถ์,คุ้งตะเภา,530105
53170,อุตรดิตถ์,เมืองอุตรดิตถ์,วังกะพี้,530106
53000,อุตรดิตถ์,เมืองอุตรดิตถ์,หาดกรวด,530107
53000,อุตรดิตถ์,เมืองอุตรดิตถ์,น้ำริด,530108
53000,อุตรดิตถ์,เมืองอุตรดิตถ์,งิ้วงาม,530109
53000,อุตรดิตถ์,เมืองอุตรดิตถ์,บ้านด่านนาขาม,530110
53000,อุตรดิตถ์,เมืองอุตรดิตถ์,บ้านด่าน,530111
53000,อุตรดิตถ์,เมืองอุตรดิตถ์,ผาจุก,530112
53000,อุตรดิตถ์,เมืองอุตรดิตถ์,วังดิน,530113
53000,อุตรดิตถ์,เมืองอุตรดิตถ์,แสนตอ,530114
53000,อุตรดิตถ์,เมืองอุตรดิตถ์,หาดงิ้ว,530115
53000,อุตรดิตถ์,เมืองอุตรดิตถ์,ขุนฝาง,530116
53000,อุตรดิตถ์,เมืองอุตรดิตถ์,ถ้ำฉลอง,530117
53140,อุตรดิตถ์,ตรอน,วังแดง,530201
53140,อุตรดิตถ์,ตรอน,บ้านแก่ง,530202
53140,อุตรดิตถ์,ตรอน,หาดสองแคว,530203
53140,อุตรดิตถ์,ตรอน,น้ำอ่าง,530204
53140,อุตรดิตถ์,ตรอน,ข่อยสูง,530205
53150,อุตรดิตถ์,ท่าปลา,ท่าปลา,530301
53150,อุตรดิตถ์,ท่าปลา,หาดล้า,530302
53190,อุตรดิตถ์,ท่าปลา,ผาเลือด,530303
53150,อุตรดิตถ์,ท่าปลา,จริม,530304
53150,อุตรดิตถ์,ท่าปลา,น้ำหมัน,530305
53150,อุตรดิตถ์,ท่าปลา,นางพญา,530307
53190,อุตรดิตถ์,ท่าปลา,ร่วมจิต,530308
53110,อุตรดิตถ์,น้ำปาด,แสนตอ,530401
53110,อุตรดิตถ์,น้ำปาด,บ้านฝาย,530402
53110,อุตรดิตถ์,น้ำปาด,เด่นเหล็ก,530403
53110,อุตรดิตถ์,น้ำปาด,น้ำไคร้,530404
53110,อุตรดิตถ์,น้ำปาด,น้ำไผ่,530405
53110,อุตรดิตถ์,น้ำปาด,ห้วยมุ่น,530406
53110,อุตรดิตถ์,น้ำปาด,ท่าแฝก,530407
53160,อุตรดิตถ์,ฟากท่า,ฟากท่า,530501
53160,อุตรดิตถ์,ฟากท่า,สองคอน,530502
53160,อุตรดิตถ์,ฟากท่า,บ้านเสี้ยว,530503
53160,อุตรดิตถ์,ฟากท่า,สองห้อง,530504
53180,อุตรดิตถ์,บ้านโคก,ม่วงเจ็ดต้น,530601
53180,อุตรดิตถ์,บ้านโคก,บ้านโคก,530602
53180,อุตรดิตถ์,บ้านโคก,นาขุม,530603
53180,อุตรดิตถ์,บ้านโคก,บ่อเบี้ย,530604
53120,อุตรดิตถ์,พิชัย,ในเมือง,530701
53220,อุตรดิตถ์,พิชัย,บ้านดารา,530702
53120,อุตรดิตถ์,พิชัย,ไร่อ้อย,530703
53220,อุตรดิตถ์,พิชัย,ท่าสัก,530704
53120,อุตรดิตถ์,พิชัย,คอรุม,530705
53120,อุตรดิตถ์,พิชัย,บ้านหม้อ,530706
53120,อุตรดิตถ์,พิชัย,ท่ามะเฟือง,530707
53120,อุตรดิตถ์,พิชัย,บ้านโคน,530708
53120,อุตรดิตถ์,พิชัย,พญาแมน,530709
53120,อุตรดิตถ์,พิชัย,นาอิน,530710
53120,อุตรดิตถ์,พิชัย,นายาง,530711
53130,อุตรดิตถ์,ลับแล,ศรีพนมมาศ,530801
53130,อุตรดิตถ์,ลับแล,แม่พูล,530802
53130,อุตรดิตถ์,ลับแล,นานกกก,530803
53130,อุตรดิตถ์,ลับแล,ฝายหลวง,530804
53130,อุตรดิตถ์,ลับแล,ชัยจุมพล,530805
53210,อุตรดิตถ์,ลับแล,ไผ่ล้อม,530806
53210,อุตรดิตถ์,ลับแล,ทุ่งยั้ง,530807
53210,อุตรดิตถ์,ลับแล,ด่านแม่คำมัน,530808
53230,อุตรดิตถ์,ทองแสนขัน,ผักขวง,530901
53230,อุตรดิตถ์,ทองแสนขัน,บ่อทอง,530902
53230,อุตรดิตถ์,ทองแสนขัน,ป่าคาย,530903
53230,อุตรดิตถ์,ทองแสนขัน,น้ำพี้,530904
54000,แพร่,เมืองแพร่,ในเวียง,540101
54000,แพร่,เมืองแพร่,นาจักร,540102
54000,แพร่,เมืองแพร่,น้ำชำ,540103
54000,แพร่,เมืองแพร่,ป่าแดง,540104
54000,แพร่,เมืองแพร่,ทุ่งโฮ้ง,540105
54000,แพร่,เมืองแพร่,เหมืองหม้อ,540106
54000,แพร่,เมืองแพร่,วังธง,540107
54000,แพร่,เมืองแพร่,แม่หล่าย,540108
54000,แพร่,เมืองแพร่,ห้วยม้า,540109
54000,แพร่,เมืองแพร่,ป่าแมต,540110
54000,แพร่,เมืองแพร่,บ้านถิ่น,540111
54000,แพร่,เมืองแพร่,สวนเขื่อน,540112
54000,แพร่,เมืองแพร่,วังหงส์,540113
54000,แพร่,เมืองแพร่,แม่คำมี,540114
54000,แพร่,เมืองแพร่,ทุ่งกวาว,540115
54000,แพร่,เมืองแพร่,ท่าข้าม,540116
54000,แพร่,เมืองแพร่,แม่ยม,540117
54000,แพร่,เมืองแพร่,ช่อแฮ,540118
54000,แพร่,เมืองแพร่,ร่องฟอง,540119
54000,แพร่,เมืองแพร่,กาญจนา,540120
54140,แพร่,ร้องกวาง,ร้องกวาง,540201
54140,แพร่,ร้องกวาง,ร้องเข็ม,540204
54140,แพร่,ร้องกวาง,น้ำเลา,540205
54140,แพร่,ร้องกวาง,บ้านเวียง,540206
54140,แพร่,ร้องกวาง,ทุ่งศรี,540207
54140,แพร่,ร้องกวาง,แม่ยางตาล,540208
54140,แพร่,ร้องกวาง,แม่ยางฮ่อ,540209
54140,แพร่,ร้องกวาง,ไผ่โทน,540210
54140,แพร่,ร้องกวาง,ห้วยโรง,540213
54140,แพร่,ร้องกวาง,แม่ทราย,540214
54140,แพร่,ร้องกวาง,แม่ยางร้อง,540215
54150,แพร่,ลอง,ห้วยอ้อ,540301
54150,แพร่,ลอง,บ้านปิน,540302
54150,แพร่,ลอง,ต้าผามอก,540303
54150,แพร่,ลอง,เวียงต้า,540304
54150,แพร่,ลอง,ปากกาง,540305
54150,แพร่,ลอง,หัวทุ่ง,540306
54150,แพร่,ลอง,ทุ่งแล้ง,540307
54150,แพร่,ลอง,บ่อเหล็กลอง,540308
54150,แพร่,ลอง,แม่ปาน,540309
54130,แพร่,สูงเม่น,สูงเม่น,540401
54130,แพร่,สูงเม่น,น้ำชำ,540402
54130,แพร่,สูงเม่น,หัวฝาย,540403
54130,แพร่,สูงเม่น,ดอนมูล,540404
54130,แพร่,สูงเม่น,บ้านเหล่า,540405
54130,แพร่,สูงเม่น,บ้านกวาง,540406
54130,แพร่,สูงเม่น,บ้านปง,540407
54130,แพร่,สูงเม่น,บ้านกาศ,540408
54130,แพร่,สูงเม่น,ร่องกาศ,540409
54130,แพร่,สูงเม่น,สบสาย,540410
54000,แพร่,สูงเม่น,เวียงทอง,540411
54130,แพร่,สูงเม่น,พระหลวง,540412
54110,แพร่,เด่นชัย,เด่นชัย,540501
54110,แพร่,เด่นชัย,แม่จั๊วะ,540502
54110,แพร่,เด่นชัย,ไทรย้อย,540503
54110,แพร่,เด่นชัย,ห้วยไร่,540504
54110,แพร่,เด่นชัย,ปงป่าหวาย,540505
54120,แพร่,สอง,บ้านหนุน,540601
54120,แพร่,สอง,บ้านกลาง,540602
54120,แพร่,สอง,ห้วยหม้าย,540603
54120,แพร่,สอง,เตาปูน,540604
54120,แพร่,สอง,หัวเมือง,540605
54120,แพร่,สอง,สะเอียบ,540606
54120,แพร่,สอง,แดนชุมพล,540607
54120,แพร่,สอง,ทุ่งน้าว,540608
54160,แพร่,วังชิ้น,วังชิ้น,540701
54160,แพร่,วังชิ้น,สรอย,540702
54160,แพร่,วังชิ้น,แม่ป้าก,540703
54160,แพร่,วังชิ้น,นาพูน,540704
54160,แพร่,วังชิ้น,แม่พุง,540705
54160,แพร่,วังชิ้น,ป่าสัก,540706
54160,แพร่,วังชิ้น,แม่เกิ๋ง,540707
54170,แพร่,หนองม่วงไข่,แม่คำมี,540801
54170,แพร่,หนองม่วงไข่,หนองม่วงไข่,540802
54170,แพร่,หนองม่วงไข่,น้ำรัด,540803
54170,แพร่,หนองม่วงไข่,วังหลวง,540804
54170,แพร่,หนองม่วงไข่,ตำหนักธรรม,540805
54170,แพร่,หนองม่วงไข่,ทุ่งแค้ว,540806
55000,น่าน,เมืองน่าน,ในเวียง,550101
55000,น่าน,เมืองน่าน,บ่อ,550102
55000,น่าน,เมืองน่าน,ผาสิงห์,550103
55000,น่าน,เมืองน่าน,ไชยสถาน,550104
55000,น่าน,เมืองน่าน,ถืมตอง,550105
55000,น่าน,เมืองน่าน,เรือง,550106
55000,น่าน,เมืองน่าน,นาซาว,550107
55000,น่าน,เมืองน่าน,ดู่ใต้,550108
55000,น่าน,เมืองน่าน,กองควาย,550109
55000,น่าน,เมืองน่าน,บ่อสวก,550116
55000,น่าน,เมืองน่าน,สะเนียน,550117
55170,น่าน,แม่จริม,หนองแดง,550202
55170,น่าน,แม่จริม,หมอเมือง,550203
55170,น่าน,แม่จริม,น้ำพาง,550204
55170,น่าน,แม่จริม,น้ำปาย,550205
55170,น่าน,แม่จริม,แม่จริม,550206
55190,น่าน,บ้านหลวง,บ้านฟ้า,550301
55190,น่าน,บ้านหลวง,ป่าคาหลวง,550302
55190,น่าน,บ้านหลวง,สวด,550303
55190,น่าน,บ้านหลวง,บ้านพี้,550304
55150,น่าน,นาน้อย,นาน้อย,550401
55150,น่าน,นาน้อย,เชียงของ,550402
55150,น่าน,นาน้อย,ศรีษะเกษ,550403
55150,น่าน,นาน้อย,สถาน,550404
55150,น่าน,นาน้อย,สันทะ,550405
55150,น่าน,นาน้อย,บัวใหญ่,550406
55150,น่าน,นาน้อย,น้ำตก,550407
55120,น่าน,ปัว,ปัว,550501
55120,น่าน,ปัว,แงง,550502
55120,น่าน,ปัว,สถาน,550503
55120,น่าน,ปัว,ศิลาแลง,550504
55120,น่าน,ปัว,ศิลาเพชร,550505
55120,น่าน,ปัว,อวน,550506
55120,น่าน,ปัว,ไชยวัฒนา,550509
55120,น่าน,ปัว,เจดีย์ชัย,550510
55120,น่าน,ปัว,ภูคา,550511
55120,น่าน,ปัว,สกาด,550512
55120,น่าน,ปัว,ป่ากลาง,550513
55120,น่าน,ปัว,วรนคร,550514
55140,น่าน,ท่าวังผา,ริม,550601
55140,น่าน,ท่าวังผา,ป่าคา,550602
55140,น่าน,ท่าวังผา,ผาตอ,550603
55140,น่าน,ท่าวังผา,ยม,550604
55140,น่าน,ท่าวังผา,ตาลชุม,550605
55140,น่าน,ท่าวังผา,ศรีภูมิ,550606
55140,น่าน,ท่าวังผา,จอมพระ,550607
55140,น่าน,ท่าวังผา,แสนทอง,550608
55140,น่าน,ท่าวังผา,ท่าวังผา,550609
55140,น่าน,ท่าวังผา,ผาทอง,550610
55110,น่าน,เวียงสา,กลางเวียง,550701
55110,น่าน,เวียงสา,ขึ่ง,550702
55110,น่าน,เวียงสา,ไหล่น่าน,550703
55110,น่าน,เวียงสา,ตาลชุม,550704
55110,น่าน,เวียงสา,นาเหลือง,550705
55110,น่าน,เวียงสา,ส้าน,550706
55110,น่าน,เวียงสา,น้ำมวบ,550707
55110,น่าน,เวียงสา,น้ำปั้ว,550708
55110,น่าน,เวียงสา,ยาบหัวนา,550709
55110,น่าน,เวียงสา,ปงสนุก,550710
55110,น่าน,เวียงสา,อ่ายนาไลย,550711
55110,น่าน,เวียงสา,ส้านนาหนองใหม่,550712
55110,น่าน,เวียงสา,แม่ขะนิง,550713
55110,น่าน,เวียงสา,แม่สาคร,550714
55110,น่าน,เวียงสา,จอมจันทร์,550715
55110,น่าน,เวียงสา,แม่สา,550716
55110,น่าน,เวียงสา,ทุ่งศรีทอง,550717
55130,น่าน,ทุ่งช้าง,ปอน,550801
55130,น่าน,ทุ่งช้าง,งอบ,550802
55130,น่าน,ทุ่งช้าง,และ,550803
55130,น่าน,ทุ่งช้าง,ทุ่งช้าง,550804
55160,น่าน,เชียงกลาง,เชียงกลาง,550901
55160,น่าน,เชียงกลาง,เปือ,550902
55160,น่าน,เชียงกลาง,เชียงคาน,550903
55160,น่าน,เชียงกลาง,พระธาตุ,550904
55160,น่าน,เชียงกลาง,พญาแก้ว,550908
55160,น่าน,เชียงกลาง,พระพุทธบาท,550909
55180,น่าน,นาหมื่น,นาทะนุง,551001
55180,น่าน,นาหมื่น,บ่อแก้ว,551002
55180,น่าน,นาหมื่น,เมืองลี,551003
55180,น่าน,นาหมื่น,ปิงหลวง,551004
55210,น่าน,สันติสุข,ดู่พงษ์,551101
55210,น่าน,สันติสุข,ป่าแลวหลวง,551102
55210,น่าน,สันติสุข,พงษ์,551103
55220,น่าน,บ่อเกลือ,บ่อเกลือเหนือ,551201
55220,น่าน,บ่อเกลือ,บ่อเกลือใต้,551202
55220,น่าน,บ่อเกลือ,ภูฟ้า,551204
55220,น่าน,บ่อเกลือ,ดงพญา,551205
55160,น่าน,สองแคว,นาไร่หลวง,551301
55160,น่าน,สองแคว,ชนแดน,551302
55160,น่าน,สองแคว,ยอด,551303
55000,น่าน,ภูเพียง,ม่วงตึ๊ด,551401
55000,น่าน,ภูเพียง,นาปัง,551402
55000,น่าน,ภูเพียง,น้ำแก่น,551403
55000,น่าน,ภูเพียง,น้ำเกี๋ยน,551404
55000,น่าน,ภูเพียง,เมืองจัง,551405
55000,น่าน,ภูเพียง,ท่าน้าว,551406
55000,น่าน,ภูเพียง,ฝายแก้ว,551407
55130,น่าน,เฉลิมพระเกียรติ,ห้วยโก๋น,551501
55130,น่าน,เฉลิมพระเกียรติ,ขุนน่าน,551502
56000,พะเยา,เมืองพะเยา,เวียง,560101
56000,พะเยา,เมืองพะเยา,แม่ต๋ำ,560102
56000,พะเยา,เมืองพะเยา,แม่นาเรือ,560104
56000,พะเยา,เมืองพะเยา,บ้านตุ่น,560105
56000,พะเยา,เมืองพะเยา,บ้านต๊ำ,560106
56000,พะเยา,เมืองพะเยา,บ้านต๋อม,560107
56000,พะเยา,เมืองพะเยา,แม่ปืม,560108
56000,พะเยา,เมืองพะเยา,แม่กา,560110
56000,พะเยา,เมืองพะเยา,บ้านใหม่,560111
56000,พะเยา,เมืองพะเยา,จำป่าหวาย,560112
56000,พะเยา,เมืองพะเยา,ท่าวังทอง,560113
56000,พะเยา,เมืองพะเยา,แม่ใส,560114
56000,พะเยา,เมืองพะเยา,บ้านสาง,560115
56000,พะเยา,เมืองพะเยา,ท่าจำปี,560116
56000,พะเยา,เมืองพะเยา,สันป่าม่วง,560118
56150,พะเยา,จุน,ห้วยข้าวก่ำ,560201
56150,พะเยา,จุน,จุน,560202
56150,พะเยา,จุน,ลอ,560203
56150,พะเยา,จุน,หงส์หิน,560204
56150,พะเยา,จุน,ทุ่งรวงทอง,560205
56150,พะเยา,จุน,ห้วยยางขาม,560206
56150,พะเยา,จุน,พระธาตุขิงแกง,560207
56110,พะเยา,เชียงคำ,หย่วน,560301
56110,พะเยา,เชียงคำ,น้ำแวน,560306
56110,พะเยา,เชียงคำ,เวียง,560307
56110,พะเยา,เชียงคำ,ฝายกวาง,560308
56110,พะเยา,เชียงคำ,เจดีย์คำ,560309
56110,พะเยา,เชียงคำ,ร่มเย็น,560310
56110,พะเยา,เชียงคำ,เชียงบาน,560311
56110,พะเยา,เชียงคำ,แม่ลาว,560312
56110,พะเยา,เชียงคำ,อ่างทอง,560313
56110,พะเยา,เชียงคำ,ทุ่งผาสุข,560314
56160,พะเยา,เชียงม่วน,เชียงม่วน,560401
56160,พะเยา,เชียงม่วน,บ้านมาง,560402
56160,พะเยา,เชียงม่วน,สระ,560403
56120,พะเยา,ดอกคำใต้,ดอกคำใต้,560501
56120,พะเยา,ดอกคำใต้,ดอนศรีชุม,560502
56120,พะเยา,ดอกคำใต้,บ้านถ้ำ,560503
56120,พะเยา,ดอกคำใต้,บ้านปิน,560504
56120,พะเยา,ดอกคำใต้,ห้วยลาน,560505
56120,พะเยา,ดอกคำใต้,สันโค้ง,560506
56120,พะเยา,ดอกคำใต้,ป่าซาง,560507
56120,พะเยา,ดอกคำใต้,หนองหล่ม,560508
56120,พะเยา,ดอกคำใต้,ดงสุวรรณ,560509
56120,พะเยา,ดอกคำใต้,บุญเกิด,560510
56120,พะเยา,ดอกคำใต้,สว่างอารมณ์,560511
56120,พะเยา,ดอกคำใต้,คือเวียง,560512
56140,พะเยา,ปง,ปง,560601
56140,พะเยา,ปง,ควร,560602
56140,พะเยา,ปง,ออย,560603
56140,พะเยา,ปง,งิม,560604
56140,พะเยา,ปง,ผาช้างน้อย,560605
56140,พะเยา,ปง,นาปรัง,560606
56140,พะเยา,ปง,ขุนควร,560607
56130,พะเยา,แม่ใจ,แม่ใจ,560701
56130,พะเยา,แม่ใจ,ศรีถ้อย,560702
56130,พะเยา,แม่ใจ,แม่สุก,560703
56130,พะเยา,แม่ใจ,ป่าแฝก,560704
56130,พะเยา,แม่ใจ,บ้านเหล่า,560705
56130,พะเยา,แม่ใจ,เจริญราษฎร์,560706
56110,พะเยา,ภูซาง,ภูซาง,560801
56110,พะเยา,ภูซาง,ป่าสัก,560802
56110,พะเยา,ภูซาง,ทุ่งกล้วย,560803
56110,พะเยา,ภูซาง,เชียงแรง,560804
56110,พะเยา,ภูซาง,สบบง,560805
56000,พะเยา,ภูกามยาว,ห้วยแก้ว,560901
56000,พะเยา,ภูกามยาว,ดงเจน,560902
56000,พะเยา,ภูกามยาว,แม่อิง,560903
57000,เชียงราย,เมืองเชียงราย,เวียง,570101
57000,เชียงราย,เมืองเชียงราย,รอบเวียง,570102
57100,เชียงราย,เมืองเชียงราย,บ้านดู่,570103
57100,เชียงราย,เมืองเชียงราย,นางแล,570104
57100,เชียงราย,เมืองเชียงราย,แม่ข้าวต้ม,570105
57100,เชียงราย,เมืองเชียงราย,แม่ยาว,570106
57000,เชียงราย,เมืองเชียงราย,สันทราย,570107
57000,เชียงราย,เมืองเชียงราย,แม่กรณ์,570111
57000,เชียงราย,เมืองเชียงราย,ห้วยชมภู,570112
57000,เชียงราย,เมืองเชียงราย,ห้วยสัก,570113
57100,เชียงราย,เมืองเชียงราย,ริมกก,570114
57000,เชียงราย,เมืองเชียงราย,ดอยลาน,570115
57000,เชียงราย,เมืองเชียงราย,ป่าอ้อดอนชัย,570116
57000,เชียงราย,เมืองเชียงราย,ท่าสาย,570118
57000,เชียงราย,เมืองเชียงราย,ดอยฮาง,570120
57100,เชียงราย,เมืองเชียงราย,ท่าสุด,570121
57210,เชียงราย,เวียงชัย,เวียงชัย,570202
57210,เชียงราย,เวียงชัย,ผางาม,570203
57210,เชียงราย,เวียงชัย,เวียงเหนือ,570204
57210,เชียงราย,เวียงชัย,ดอนศิลา,570206
57210,เชียงราย,เวียงชัย,เมืองชุม,570208
57140,เชียงราย,เชียงของ,เวียง,570301
57140,เชียงราย,เชียงของ,สถาน,570302
57140,เชียงราย,เชียงของ,ครึ่ง,570303
57140,เชียงราย,เชียงของ,บุญเรือง,570304
57140,เชียงราย,เชียงของ,ห้วยซ้อ,570305
57230,เชียงราย,เชียงของ,ศรีดอนชัย,570308
57140,เชียงราย,เชียงของ,ริมโขง,570310
57160,เชียงราย,เทิง,เวียง,570401
57160,เชียงราย,เทิง,งิ้ว,570402
57230,เชียงราย,เทิง,ปล้อง,570403
57230,เชียงราย,เทิง,แม่ลอย,570404
57230,เชียงราย,เทิง,เชียงเคี่ยน,570405
57160,เชียงราย,เทิง,ตับเต่า,570409
57160,เชียงราย,เทิง,หงาว,570410
57160,เชียงราย,เทิง,สันทรายงาม,570411
57160,เชียงราย,เทิง,ศรีดอนไชย,570412
57160,เชียงราย,เทิง,หนองแรด,570413
57120,เชียงราย,พาน,สันมะเค็ด,570501
57120,เชียงราย,พาน,แม่อ้อ,570502
57250,เชียงราย,พาน,ธารทอง,570503
57120,เชียงราย,พาน,สันติสุข,570504
57120,เชียงราย,พาน,ดอยงาม,570505
57120,เชียงราย,พาน,หัวง้ม,570506
57120,เชียงราย,พาน,เจริญเมือง,570507
57120,เชียงราย,พาน,ป่าหุ่ง,570508
57120,เชียงราย,พาน,ม่วงคำ,570509
57120,เชียงราย,พาน,ทรายขาว,570510
57120,เชียงราย,พาน,สันกลาง,570511
57280,เชียงราย,พาน,แม่เย็น,570512
57120,เชียงราย,พาน,เมืองพาน,570513
57280,เชียงราย,พาน,ทานตะวัน,570514
57120,เชียงราย,พาน,เวียงห้าว,570515
57190,เชียงราย,ป่าแดด,ป่าแดด,570601
57190,เชียงราย,ป่าแดด,ป่าแงะ,570602
57190,เชียงราย,ป่าแดด,สันมะค่า,570603
57190,เชียงราย,ป่าแดด,โรงช้าง,570605
57190,เชียงราย,ป่าแดด,ศรีโพธิ์เงิน,570606
57110,เชียงราย,แม่จัน,แม่จัน,570701
57270,เชียงราย,แม่จัน,จันจว้า,570702
57240,เชียงราย,แม่จัน,แม่คำ,570703
57110,เชียงราย,แม่จัน,ป่าซาง,570704
57110,เชียงราย,แม่จัน,สันทราย,570705
57110,เชียงราย,แม่จัน,ท่าข้าวเปลือก,570706
57110,เชียงราย,แม่จัน,ป่าตึง,570708
57240,เชียงราย,แม่จัน,แม่ไร่,570710
57110,เชียงราย,แม่จัน,ศรีค้ำ,570711
57270,เชียงราย,แม่จัน,จันจว้าใต้,570712
57110,เชียงราย,แม่จัน,จอมสวรรค์,570713
57150,เชียงราย,เชียงแสน,เวียง,570801
57150,เชียงราย,เชียงแสน,ป่าสัก,570802
57150,เชียงราย,เชียงแสน,บ้านแซว,570803
57150,เชียงราย,เชียงแสน,ศรีดอนมูล,570804
57150,เชียงราย,เชียงแสน,แม่เงิน,570805
57150,เชียงราย,เชียงแสน,โยนก,570806
57130,เชียงราย,แม่สาย,แม่สาย,570901
57220,เชียงราย,แม่สาย,ห้วยไคร้,570902
57130,เชียงราย,แม่สาย,เกาะช้าง,570903
57130,เชียงราย,แม่สาย,โป่งผา,570904
57130,เชียงราย,แม่สาย,ศรีเมืองชุม,570905
57130,เชียงราย,แม่สาย,เวียงพางคำ,570906
57220,เชียงราย,แม่สาย,บ้านด้าย,570908
57130,เชียงราย,แม่สาย,โป่งงาม,570909
57180,เชียงราย,แม่สรวย,แม่สรวย,571001
57180,เชียงราย,แม่สรวย,ป่าแดด,571002
57180,เชียงราย,แม่สรวย,แม่พริก,571003
57180,เชียงราย,แม่สรวย,ศรีถ้อย,571004
57180,เชียงราย,แม่สรวย,ท่าก๊อ,571005
57180,เชียงราย,แม่สรวย,วาวี,571006
57180,เชียงราย,แม่สรวย,เจดีย์หลวง,571007
57170,เชียงราย,เวียงป่าเป้า,สันสลี,571101
57170,เชียงราย,เวียงป่าเป้า,เวียง,571102
57170,เชียงราย,เวียงป่าเป้า,บ้านโป่ง,571103
57170,เชียงราย,เวียงป่าเป้า,ป่างิ้ว,571104
57260,เชียงราย,เวียงป่าเป้า,เวียงกาหลง,571105
57260,เชียงราย,เวียงป่าเป้า,แม่เจดีย์,571106
57260,เชียงราย,เวียงป่าเป้า,แม่เจดีย์ใหม่,571107
57290,เชียงราย,พญาเม็งราย,แม่เปา,571201
57290,เชียงราย,พญาเม็งราย,แม่ต๋ำ,571202
57290,เชียงราย,พญาเม็งราย,ไม้ยา,571203
57290,เชียงราย,พญาเม็งราย,เม็งราย,571204
57290,เชียงราย,พญาเม็งราย,ตาดควัน,571205
57310,เชียงราย,เวียงแก่น,ม่วงยาย,571301
57310,เชียงราย,เวียงแก่น,ปอ,571302
57310,เชียงราย,เวียงแก่น,หล่ายงาว,571303
57310,เชียงราย,เวียงแก่น,ท่าข้าม,571304
57340,เชียงราย,ขุนตาล,ต้า,571401
57340,เชียงราย,ขุนตาล,ป่าตาล,571402
57340,เชียงราย,ขุนตาล,ยางฮอม,571403
57240,เชียงราย,แม่ฟ้าหลวง,เทอดไทย,571501
57110,เชียงราย,แม่ฟ้าหลวง,แม่สลองใน,571502
57110,เชียงราย,แม่ฟ้าหลวง,แม่สลองนอก,571503
57240,เชียงราย,แม่ฟ้าหลวง,แม่ฟ้าหลวง,571504
57250,เชียงราย,แม่ลาว,ดงมะดะ,571601
57250,เชียงราย,แม่ลาว,จอมหมอกแก้ว,571602
57250,เชียงราย,แม่ลาว,บัวสลี,571603
57250,เชียงราย,แม่ลาว,ป่าก่อดำ,571604
57000,เชียงราย,แม่ลาว,โป่งแพร่,571605
57210,เชียงราย,เวียงเชียงรุ้ง,ทุ่งก่อ,571701
57210,เชียงราย,เวียงเชียงรุ้ง,ดงมหาวัน,571702
57210,เชียงราย,เวียงเชียงรุ้ง,ป่าซาง,571703
57110,เชียงราย,ดอยหลวง,ปงน้อย,571801
57110,เชียงราย,ดอยหลวง,โชคชัย,571802
57110,เชียงราย,ดอยหลวง,หนองป่าก่อ,571803
58000,แม่ฮ่องสอน,เมืองแม่ฮ่องสอน,จองคำ,580101
58000,แม่ฮ่องสอน,เมืองแม่ฮ่องสอน,ห้วยโป่ง,580102
58000,แม่ฮ่องสอน,เมืองแม่ฮ่องสอน,ผาบ่อง,580103
58000,แม่ฮ่องสอน,เมืองแม่ฮ่องสอน,ปางหมู,580104
58000,แม่ฮ่องสอน,เมืองแม่ฮ่องสอน,หมอกจำแป่,580105
58000,แม่ฮ่องสอน,เมืองแม่ฮ่องสอน,ห้วยผา,580106
58000,แม่ฮ่องสอน,เมืองแม่ฮ่องสอน,ห้วยปูลิง,580109
58140,แม่ฮ่องสอน,ขุนยวม,ขุนยวม,580201
58140,แม่ฮ่องสอน,ขุนยวม,แม่เงา,580202
58140,แม่ฮ่องสอน,ขุนยวม,เมืองปอน,580203
58140,แม่ฮ่องสอน,ขุนยวม,แม่ยวมน้อย,580204
58140,แม่ฮ่องสอน,ขุนยวม,แม่กิ๊,580205
58140,แม่ฮ่องสอน,ขุนยวม,แม่อูคอ,580206
58130,แม่ฮ่องสอน,ปาย,เวียงใต้,580301
58130,แม่ฮ่องสอน,ปาย,เวียงเหนือ,580302
58130,แม่ฮ่องสอน,ปาย,แม่นาเติง,580303
58130,แม่ฮ่องสอน,ปาย,แม่ฮี้,580304
58130,แม่ฮ่องสอน,ปาย,ทุ่งยาว,580305
58130,แม่ฮ่องสอน,ปาย,เมืองแปง,580306
58130,แม่ฮ่องสอน,ปาย,โป่งสา,580307
58110,แม่ฮ่องสอน,แม่สะเรียง,บ้านกาศ,580401
58110,แม่ฮ่องสอน,แม่สะเรียง,แม่สะเรียง,580402
58110,แม่ฮ่องสอน,แม่สะเรียง,แม่คง,580403
58110,แม่ฮ่องสอน,แม่สะเรียง,แม่เหาะ,580404
58110,แม่ฮ่องสอน,แม่สะเรียง,แม่ยวม,580405
58110,แม่ฮ่องสอน,แม่สะเรียง,เสาหิน,580406
58110,แม่ฮ่องสอน,แม่สะเรียง,ป่าแป๋,580408
58120,แม่ฮ่องสอน,แม่ลาน้อย,แม่ลาน้อย,580501
58120,แม่ฮ่องสอน,แม่ลาน้อย,แม่ลาหลวง,580502
58120,แม่ฮ่องสอน,แม่ลาน้อย,ท่าผาปุ้ม,580503
58120,แม่ฮ่องสอน,แม่ลาน้อย,แม่โถ,580504
58120,แม่ฮ่องสอน,แม่ลาน้อย,ห้วยห้อม,580505
58120,แม่ฮ่องสอน,แม่ลาน้อย,แม่นาจาง,580506
58120,แม่ฮ่องสอน,แม่ลาน้อย,สันติคีรี,580507
58120,แม่ฮ่องสอน,แม่ลาน้อย,ขุนแม่ลาน้อย,580508
58110,แม่ฮ่องสอน,สบเมย,สบเมย,580601
58110,แม่ฮ่องสอน,สบเมย,แม่คะตวน,580602
58110,แม่ฮ่องสอน,สบเมย,กองก๋อย,580603
58110,แม่ฮ่องสอน,สบเมย,แม่สวด,580604
58110,แม่ฮ่องสอน,สบเมย,ป่าโปง,580605
58110,แม่ฮ่องสอน,สบเมย,แม่สามแลบ,580606
58150,แม่ฮ่องสอน,ปางมะผ้า,สบป่อง,580701
58150,แม่ฮ่องสอน,ปางมะผ้า,ปางมะผ้า,580702
58150,แม่ฮ่องสอน,ปางมะผ้า,ถ้ำลอด,580703
58150,แม่ฮ่องสอน,ปางมะผ้า,นาปู่ป้อม,580704
60000,นครสวรรค์,เมืองนครสวรรค์,ปากน้ำโพ,600101
60000,นครสวรรค์,เมืองนครสวรรค์,กลางแดด,600102
60000,นครสวรรค์,เมืองนครสวรรค์,เกรียงไกร,600103
60000,นครสวรรค์,เมืองนครสวรรค์,แควใหญ่,600104
60000,นครสวรรค์,เมืองนครสวรรค์,ตะเคียนเลื่อน,600105
60000,นครสวรรค์,เมืองนครสวรรค์,นครสวรรค์ตก,600106
60000,นครสวรรค์,เมืองนครสวรรค์,นครสวรรค์ออก,600107
60000,นครสวรรค์,เมืองนครสวรรค์,บางพระหลวง,600108
60000,นครสวรรค์,เมืองนครสวรรค์,บางม่วง,600109
60000,นครสวรรค์,เมืองนครสวรรค์,บ้านมะเกลือ,600110
60000,นครสวรรค์,เมืองนครสวรรค์,บ้านแก่ง,600111
60000,นครสวรรค์,เมืองนครสวรรค์,พระนอน,600112
60000,นครสวรรค์,เมืองนครสวรรค์,วัดไทรย์,600113
60240,นครสวรรค์,เมืองนครสวรรค์,หนองกรด,600114
60240,นครสวรรค์,เมืองนครสวรรค์,หนองกระโดน,600115
60000,นครสวรรค์,เมืองนครสวรรค์,หนองปลิง,600116
60000,นครสวรรค์,เมืองนครสวรรค์,บึงเสนาท,600117
60170,นครสวรรค์,โกรกพระ,โกรกพระ,600201
60170,นครสวรรค์,โกรกพระ,ยางตาล,600202
60170,นครสวรรค์,โกรกพระ,บางมะฝ่อ,600203
60170,นครสวรรค์,โกรกพระ,บางประมุง,600204
60170,นครสวรรค์,โกรกพระ,นากลาง,600205
60170,นครสวรรค์,โกรกพระ,ศาลาแดง,600206
60170,นครสวรรค์,โกรกพระ,เนินกว้าว,600207
60170,นครสวรรค์,โกรกพระ,เนินศาลา,600208
60170,นครสวรรค์,โกรกพระ,หาดสูง,600209
60120,นครสวรรค์,ชุมแสง,ชุมแสง,600301
60250,นครสวรรค์,ชุมแสง,ทับกฤช,600302
60120,นครสวรรค์,ชุมแสง,พิกุล,600303
60120,นครสวรรค์,ชุมแสง,เกยไชย,600304
60120,นครสวรรค์,ชุมแสง,ท่าไม้,600305
60120,นครสวรรค์,ชุมแสง,บางเคียน,600306
60120,นครสวรรค์,ชุมแสง,หนองกระเจา,600307
60250,นครสวรรค์,ชุมแสง,พันลาน,600308
60120,นครสวรรค์,ชุมแสง,โคกหม้อ,600309
60120,นครสวรรค์,ชุมแสง,ไผ่สิงห์,600310
60120,นครสวรรค์,ชุมแสง,ฆะมัง,600311
60250,นครสวรรค์,ชุมแสง,ทับกฤชใต้,600312
60110,นครสวรรค์,หนองบัว,หนองบัว,600401
60110,นครสวรรค์,หนองบัว,หนองกลับ,600402
60110,นครสวรรค์,หนองบัว,ธารทหาร,600403
60110,นครสวรรค์,หนองบัว,ห้วยร่วม,600404
60110,นครสวรรค์,หนองบัว,ห้วยถั่วใต้,600405
60110,นครสวรรค์,หนองบัว,ห้วยถั่วเหนือ,600406
60110,นครสวรรค์,หนองบัว,ห้วยใหญ่,600407
60110,นครสวรรค์,หนองบัว,ทุ่งทอง,600408
60110,นครสวรรค์,หนองบัว,วังบ่อ,600409
60180,นครสวรรค์,บรรพตพิสัย,ท่างิ้ว,600501
60180,นครสวรรค์,บรรพตพิสัย,บางตาหงาย,600502
60180,นครสวรรค์,บรรพตพิสัย,หูกวาง,600503
60180,นครสวรรค์,บรรพตพิสัย,อ่างทอง,600504
60180,นครสวรรค์,บรรพตพิสัย,บ้านแดน,600505
60180,นครสวรรค์,บรรพตพิสัย,บางแก้ว,600506
60180,นครสวรรค์,บรรพตพิสัย,ตาขีด,600507
60180,นครสวรรค์,บรรพตพิสัย,ตาสัง,600508
60180,นครสวรรค์,บรรพตพิสัย,ด่านช้าง,600509
60180,นครสวรรค์,บรรพตพิสัย,หนองกรด,600510
60180,นครสวรรค์,บรรพตพิสัย,หนองตางู,600511
60180,นครสวรรค์,บรรพตพิสัย,บึงปลาทู,600512
60180,นครสวรรค์,บรรพตพิสัย,เจริญผล,600513
60230,นครสวรรค์,เก้าเลี้ยว,มหาโพธิ,600601
60230,นครสวรรค์,เก้าเลี้ยว,เก้าเลี้ยว,600602
60230,นครสวรรค์,เก้าเลี้ยว,หนองเต่า,600603
60230,นครสวรรค์,เก้าเลี้ยว,เขาดิน,600604
60230,นครสวรรค์,เก้าเลี้ยว,หัวดง,600605
60140,นครสวรรค์,ตาคลี,ตาคลี,600701
60210,นครสวรรค์,ตาคลี,ช่องแค,600702
60260,นครสวรรค์,ตาคลี,จันเสน,600703
60210,นครสวรรค์,ตาคลี,ห้วยหอม,600704
60140,นครสวรรค์,ตาคลี,หัวหวาย,600705
60140,นครสวรรค์,ตาคลี,หนองโพ,600706
60140,นครสวรรค์,ตาคลี,หนองหม้อ,600707
60210,นครสวรรค์,ตาคลี,สร้อยทอง,600708
60260,นครสวรรค์,ตาคลี,ลาดทิพรส,600709
60210,นครสวรรค์,ตาคลี,พรหมนิมิต,600710
60160,นครสวรรค์,ท่าตะโก,ท่าตะโก,600801
60160,นครสวรรค์,ท่าตะโก,พนมรอก,600802
60160,นครสวรรค์,ท่าตะโก,หัวถนน,600803
60160,นครสวรรค์,ท่าตะโก,สายลำโพง,600804
60160,นครสวรรค์,ท่าตะโก,วังมหากร,600805
60160,นครสวรรค์,ท่าตะโก,ดอนคา,600806
60160,นครสวรรค์,ท่าตะโก,ทำนบ,600807
60160,นครสวรรค์,ท่าตะโก,วังใหญ่,600808
60160,นครสวรรค์,ท่าตะโก,พนมเศษ,600809
60160,นครสวรรค์,ท่าตะโก,หนองหลวง,600810
60220,นครสวรรค์,ไพศาลี,โคกเดื่อ,600901
60220,นครสวรรค์,ไพศาลี,สำโรงชัย,600902
60220,นครสวรรค์,ไพศาลี,วังน้ำลัด,600903
60220,นครสวรรค์,ไพศาลี,ตะคร้อ,600904
60220,นครสวรรค์,ไพศาลี,โพธิ์ประสาท,600905
60220,นครสวรรค์,ไพศาลี,วังข่อย,600906
60220,นครสวรรค์,ไพศาลี,นาขอม,600907
60220,นครสวรรค์,ไพศาลี,ไพศาลี,600908
60130,นครสวรรค์,พยุหะคีรี,พยุหะ,601001
60130,นครสวรรค์,พยุหะคีรี,เนินมะกอก,601002
60130,นครสวรรค์,พยุหะคีรี,นิคมเขาบ่อแก้ว,601003
60130,นครสวรรค์,พยุหะคีรี,ม่วงหัก,601004
60130,นครสวรรค์,พยุหะคีรี,ยางขาว,601005
60130,นครสวรรค์,พยุหะคีรี,ย่านมัทรี,601006
60130,นครสวรรค์,พยุหะคีรี,เขาทอง,601007
60130,นครสวรรค์,พยุหะคีรี,ท่าน้ำอ้อย,601008
60130,นครสวรรค์,พยุหะคีรี,น้ำทรง,601009
60130,นครสวรรค์,พยุหะคีรี,เขากะลา,601010
60130,นครสวรรค์,พยุหะคีรี,สระทะเล,601011
60150,นครสวรรค์,ลาดยาว,ลาดยาว,601101
60150,นครสวรรค์,ลาดยาว,ห้วยน้ำหอม,601102
60150,นครสวรรค์,ลาดยาว,วังม้า,601103
60150,นครสวรรค์,ลาดยาว,วังเมือง,601104
60150,นครสวรรค์,ลาดยาว,สร้อยละคร,601105
60150,นครสวรรค์,ลาดยาว,มาบแก,601106
60150,นครสวรรค์,ลาดยาว,หนองยาว,601107
60150,นครสวรรค์,ลาดยาว,หนองนมวัว,601108
60150,นครสวรรค์,ลาดยาว,บ้านไร่,601109
60150,นครสวรรค์,ลาดยาว,เนินขี้เหล็ก,601110
60150,นครสวรรค์,ลาดยาว,ศาลเจ้าไก่ต่อ,601116
60150,นครสวรรค์,ลาดยาว,สระแก้ว,601117
60190,นครสวรรค์,ตากฟ้า,ตากฟ้า,601201
60190,นครสวรรค์,ตากฟ้า,ลำพยนต์,601202
60190,นครสวรรค์,ตากฟ้า,สุขสำราญ,601203
60190,นครสวรรค์,ตากฟ้า,หนองพิกุล,601204
60190,นครสวรรค์,ตากฟ้า,พุนกยูง,601205
60190,นครสวรรค์,ตากฟ้า,อุดมธัญญา,601206
60190,นครสวรรค์,ตากฟ้า,เขาชายธง,601207
60150,นครสวรรค์,แม่วงก์,แม่วงก์,601301
60150,นครสวรรค์,แม่วงก์,แม่เล่ย์,601303
60150,นครสวรรค์,แม่วงก์,วังซ่าน,601304
60150,นครสวรรค์,แม่วงก์,เขาชนกัน,601305
60150,นครสวรรค์,แม่เปิน,แม่เปิน,601401
60150,นครสวรรค์,ชุมตาบง,ชุมตาบง,601501
60150,นครสวรรค์,ชุมตาบง,ปางสวรรค์,601502
61000,อุทัยธานี,เมืองอุทัยธานี,อุทัยใหม่,610101
61000,อุทัยธานี,เมืองอุทัยธานี,น้ำซึม,610102
61000,อุทัยธานี,เมืองอุทัยธานี,สะแกกรัง,610103
61000,อุทัยธานี,เมืองอุทัยธานี,ดอนขวาง,610104
61000,อุทัยธานี,เมืองอุทัยธานี,หาดทนง,610105
61000,อุทัยธานี,เมืองอุทัยธานี,เกาะเทโพ,610106
61000,อุทัยธานี,เมืองอุทัยธานี,ท่าซุง,610107
61000,อุทัยธานี,เมืองอุทัยธานี,หนองแก,610108
61000,อุทัยธานี,เมืองอุทัยธานี,โนนเหล็ก,610109
61000,อุทัยธานี,เมืองอุทัยธานี,หนองเต่า,610110
61000,อุทัยธานี,เมืองอุทัยธานี,หนองไผ่แบน,610111
61000,อุทัยธานี,เมืองอุทัยธานี,หนองพังค่า,610112
61000,อุทัยธานี,เมืองอุทัยธานี,ทุ่งใหญ่,610113
61000,อุทัยธานี,เมืองอุทัยธานี,เนินแจง,610114
61120,อุทัยธานี,ทัพทัน,ทัพทัน,610201
61120,อุทัยธานี,ทัพทัน,ทุ่งนาไทย,610202
61120,อุทัยธานี,ทัพทัน,เขาขี้ฝอย,610203
61120,อุทัยธานี,ทัพทัน,หนองหญ้าปล้อง,610204
61120,อุทัยธานี,ทัพทัน,โคกหม้อ,610205
61120,อุทัยธานี,ทัพทัน,หนองยายดา,610206
61120,อุทัยธานี,ทัพทัน,หนองกลางดง,610207
61120,อุทัยธานี,ทัพทัน,หนองกระทุ่ม,610208
61120,อุทัยธานี,ทัพทัน,หนองสระ,610209
61120,อุทัยธานี,ทัพทัน,ตลุกดู่,610210
61150,อุทัยธานี,สว่างอารมณ์,สว่างอารมณ์,610301
61150,อุทัยธานี,สว่างอารมณ์,หนองหลวง,610302
61150,อุทัยธานี,สว่างอารมณ์,พลวงสองนาง,610303
61150,อุทัยธานี,สว่างอารมณ์,ไผ่เขียว,610304
61150,อุทัยธานี,สว่างอารมณ์,บ่อยาง,610305
61110,อุทัยธานี,หนองฉาง,หนองฉาง,610401
61110,อุทัยธานี,หนองฉาง,หนองยาง,610402
61110,อุทัยธานี,หนองฉาง,หนองนางนวล,610403
61110,อุทัยธานี,หนองฉาง,หนองสรวง,610404
61110,อุทัยธานี,หนองฉาง,บ้านเก่า,610405
61110,อุทัยธานี,หนองฉาง,อุทัยเก่า,610406
61110,อุทัยธานี,หนองฉาง,ทุ่งโพ,610407
61110,อุทัยธานี,หนองฉาง,ทุ่งพง,610408
61170,อุทัยธานี,หนองฉาง,เขาบางแกรก,610409
61110,อุทัยธานี,หนองฉาง,เขากวางทอง,610410
61130,อุทัยธานี,หนองขาหย่าง,หนองขาหย่าง,610501
61130,อุทัยธานี,หนองขาหย่าง,หนองไผ่,610502
61130,อุทัยธานี,หนองขาหย่าง,ดอนกลอย,610503
61130,อุทัยธานี,หนองขาหย่าง,ห้วยรอบ,610504
61130,อุทัยธานี,หนองขาหย่าง,ทุ่งพึ่ง,610505
61130,อุทัยธานี,หนองขาหย่าง,ท่าโพ,610506
61130,อุทัยธานี,หนองขาหย่าง,หมกแถว,610507
61130,อุทัยธานี,หนองขาหย่าง,หลุมเข้า,610508
61130,อุทัยธานี,หนองขาหย่าง,ดงขวาง,610509
61140,อุทัยธานี,บ้านไร่,บ้านไร่,610601
61140,อุทัยธานี,บ้านไร่,ทัพหลวง,610602
61140,อุทัยธานี,บ้านไร่,ห้วยแห้ง,610603
61140,อุทัยธานี,บ้านไร่,คอกควาย,610604
61180,อุทัยธานี,บ้านไร่,วังหิน,610605
61180,อุทัยธานี,บ้านไร่,เมืองการุ้ง,610606
61140,อุทัยธานี,บ้านไร่,แก่นมะกรูด,610607
61180,อุทัยธานี,บ้านไร่,หนองจอก,610609
61180,อุทัยธานี,บ้านไร่,หูช้าง,610610
61140,อุทัยธานี,บ้านไร่,บ้านบึง,610611
61180,อุทัยธานี,บ้านไร่,บ้านใหม่คลองเคียน,610612
61180,อุทัยธานี,บ้านไร่,หนองบ่มกล้วย,610613
61140,อุทัยธานี,บ้านไร่,เจ้าวัด,610614
61160,อุทัยธานี,ลานสัก,ลานสัก,610701
61160,อุทัยธานี,ลานสัก,ประดู่ยืน,610702
61160,อุทัยธานี,ลานสัก,ป่าอ้อ,610703
61160,อุทัยธานี,ลานสัก,ระบำ,610704
61160,อุทัยธานี,ลานสัก,น้ำรอบ,610705
61160,อุทัยธานี,ลานสัก,ทุ่งนางาม,610706
61170,อุทัยธานี,ห้วยคต,สุขฤทัย,610801
61170,อุทัยธานี,ห้วยคต,ทองหลาง,610802
61170,อุทัยธานี,ห้วยคต,ห้วยคต,610803
62000,กำแพงเพชร,เมืองกำแพงเพชร,ในเมือง,620101
62160,กำแพงเพชร,เมืองกำแพงเพชร,ไตรตรึงษ์,620102
62000,กำแพงเพชร,เมืองกำแพงเพชร,อ่างทอง,620103
62000,กำแพงเพชร,เมืองกำแพงเพชร,นาบ่อคำ,620104
62000,กำแพงเพชร,เมืองกำแพงเพชร,นครชุม,620105
62000,กำแพงเพชร,เมืองกำแพงเพชร,ทรงธรรม,620106
62000,กำแพงเพชร,เมืองกำแพงเพชร,ลานดอกไม้,620107
62000,กำแพงเพชร,เมืองกำแพงเพชร,หนองปลิง,620110
62000,กำแพงเพชร,เมืองกำแพงเพชร,คณฑี,620111
62000,กำแพงเพชร,เมืองกำแพงเพชร,นิคมทุ่งโพธิ์ทะเล,620112
62000,กำแพงเพชร,เมืองกำแพงเพชร,เทพนคร,620113
62000,กำแพงเพชร,เมืองกำแพงเพชร,วังทอง,620114
62000,กำแพงเพชร,เมืองกำแพงเพชร,ท่าขุนราม,620115
62000,กำแพงเพชร,เมืองกำแพงเพชร,คลองแม่ลาย,620117
62160,กำแพงเพชร,เมืองกำแพงเพชร,ธำมรงค์,620118
62000,กำแพงเพชร,เมืองกำแพงเพชร,สระแก้ว,620119
62150,กำแพงเพชร,ไทรงาม,ไทรงาม,620201
62150,กำแพงเพชร,ไทรงาม,หนองคล้า,620202
62150,กำแพงเพชร,ไทรงาม,หนองทอง,620203
62150,กำแพงเพชร,ไทรงาม,หนองไม้กอง,620204
62150,กำแพงเพชร,ไทรงาม,มหาชัย,620205
62150,กำแพงเพชร,ไทรงาม,พานทอง,620206
62150,กำแพงเพชร,ไทรงาม,หนองแม่แตง,620207
62180,กำแพงเพชร,คลองลาน,คลองน้ำไหล,620301
62180,กำแพงเพชร,คลองลาน,โป่งน้ำร้อน,620302
62180,กำแพงเพชร,คลองลาน,คลองลานพัฒนา,620303
62180,กำแพงเพชร,คลองลาน,สักงาม,620304
62130,กำแพงเพชร,ขาณุวรลักษบุรี,ยางสูง,620403
62130,กำแพงเพชร,ขาณุวรลักษบุรี,ป่าพุทรา,620404
62130,กำแพงเพชร,ขาณุวรลักษบุรี,แสนตอ,620405
62140,กำแพงเพชร,ขาณุวรลักษบุรี,สลกบาตร,620406
62140,กำแพงเพชร,ขาณุวรลักษบุรี,บ่อถ้ำ,620407
62140,กำแพงเพชร,ขาณุวรลักษบุรี,ดอนแตง,620408
62140,กำแพงเพชร,ขาณุวรลักษบุรี,วังชะพลู,620409
62140,กำแพงเพชร,ขาณุวรลักษบุรี,โค้งไผ่,620410
62140,กำแพงเพชร,ขาณุวรลักษบุรี,ปางมะค่า,620411
62140,กำแพงเพชร,ขาณุวรลักษบุรี,วังหามแห,620412
62130,กำแพงเพชร,ขาณุวรลักษบุรี,เกาะตาล,620413
62120,กำแพงเพชร,คลองขลุง,คลองขลุง,620501
62120,กำแพงเพชร,คลองขลุง,ท่ามะเขือ,620502
62120,กำแพงเพชร,คลองขลุง,ท่าพุทรา,620504
62120,กำแพงเพชร,คลองขลุง,แม่ลาด,620505
62120,กำแพงเพชร,คลองขลุง,วังยาง,620506
62120,กำแพงเพชร,คลองขลุง,วังแขม,620507
62120,กำแพงเพชร,คลองขลุง,หัวถนน,620508
62120,กำแพงเพชร,คลองขลุง,วังไทร,620509
62120,กำแพงเพชร,คลองขลุง,วังบัว,620513
62120,กำแพงเพชร,คลองขลุง,คลองสมบูรณ์,620516
62110,กำแพงเพชร,พรานกระต่าย,พรานกระต่าย,620601
62110,กำแพงเพชร,พรานกระต่าย,หนองหัววัว,620602
62110,กำแพงเพชร,พรานกระต่าย,ท่าไม้,620603
62110,กำแพงเพชร,พรานกระต่าย,วังควง,620604
62110,กำแพงเพชร,พรานกระต่าย,วังตะแบก,620605
62110,กำแพงเพชร,พรานกระต่าย,เขาคีริส,620606
62110,กำแพงเพชร,พรานกระต่าย,คุยบ้านโอง,620607
62110,กำแพงเพชร,พรานกระต่าย,คลองพิไกร,620608
62110,กำแพงเพชร,พรานกระต่าย,ถ้ำกระต่ายทอง,620609
62110,กำแพงเพชร,พรานกระต่าย,ห้วยยั้ง,620610
62170,กำแพงเพชร,ลานกระบือ,ลานกระบือ,620701
62170,กำแพงเพชร,ลานกระบือ,ช่องลม,620702
62170,กำแพงเพชร,ลานกระบือ,หนองหลวง,620703
62170,กำแพงเพชร,ลานกระบือ,โนนพลวง,620704
62170,กำแพงเพชร,ลานกระบือ,ประชาสุขสันต์,620705
62170,กำแพงเพชร,ลานกระบือ,บึงทับแรต,620706
62170,กำแพงเพชร,ลานกระบือ,จันทิมา,620707
62190,กำแพงเพชร,ทรายทองวัฒนา,ทุ่งทราย,620801
62190,กำแพงเพชร,ทรายทองวัฒนา,ทุ่งทอง,620802
62190,กำแพงเพชร,ทรายทองวัฒนา,ถาวรวัฒนา,620803
62120,กำแพงเพชร,ปางศิลาทอง,โพธิ์ทอง,620901
62120,กำแพงเพชร,ปางศิลาทอง,หินดาต,620902
62120,กำแพงเพชร,ปางศิลาทอง,ปางตาไว,620903
62210,กำแพงเพชร,บึงสามัคคี,บึงสามัคคี,621001
62210,กำแพงเพชร,บึงสามัคคี,วังชะโอน,621002
62210,กำแพงเพชร,บึงสามัคคี,ระหาน,621003
62210,กำแพงเพชร,บึงสามัคคี,เทพนิมิต,621004
62000,กำแพงเพชร,โกสัมพีนคร,โกสัมพี,621101
62000,กำแพงเพชร,โกสัมพีนคร,เพชรชมภู,621102
62000,กำแพงเพชร,โกสัมพีนคร,ลานดอกไม้ตก,621103
63000,ตาก,เมืองตาก,ระแหง,630101
63000,ตาก,เมืองตาก,หนองหลวง,630102
63000,ตาก,เมืองตาก,เชียงเงิน,630103
63000,ตาก,เมืองตาก,หัวเดียด,630104
63000,ตาก,เมืองตาก,หนองบัวเหนือ,630105
63000,ตาก,เมืองตาก,ไม้งาม,630106
63000,ตาก,เมืองตาก,โป่งแดง,630107
63000,ตาก,เมืองตาก,น้ำรึม,630108
63000,ตาก,เมืองตาก,วังหิน,630109
63000,ตาก,เมืองตาก,แม่ท้อ,630111
63000,ตาก,เมืองตาก,ป่ามะม่วง,630112
63000,ตาก,เมืองตาก,หนองบัวใต้,630113
63000,ตาก,เมืองตาก,วังประจบ,630114
63000,ตาก,เมืองตาก,ตลุกกลางทุ่ง,630115
63120,ตาก,บ้านตาก,ตากออก,630201
63120,ตาก,บ้านตาก,สมอโคน,630202
63120,ตาก,บ้านตาก,แม่สลิด,630203
63120,ตาก,บ้านตาก,ตากตก,630204
63120,ตาก,บ้านตาก,เกาะตะเภา,630205
63120,ตาก,บ้านตาก,ทุ่งกระเชาะ,630206
63120,ตาก,บ้านตาก,ท้องฟ้า,630207
63130,ตาก,สามเงา,สามเงา,630301
63130,ตาก,สามเงา,วังหมัน,630302
63130,ตาก,สามเงา,ยกกระบัตร,630303
63130,ตาก,สามเงา,ย่านรี,630304
63130,ตาก,สามเงา,บ้านนา,630305
63130,ตาก,สามเงา,วังจันทร์,630306
63140,ตาก,แม่ระมาด,แม่ระมาด,630401
63140,ตาก,แม่ระมาด,แม่จะเรา,630402
63140,ตาก,แม่ระมาด,ขะเนจื้อ,630403
63140,ตาก,แม่ระมาด,แม่ตื่น,630404
63140,ตาก,แม่ระมาด,สามหมื่น,630405
63140,ตาก,แม่ระมาด,พระธาตุ,630406
63150,ตาก,ท่าสองยาง,ท่าสองยาง,630501
63150,ตาก,ท่าสองยาง,แม่ต้าน,630502
63150,ตาก,ท่าสองยาง,แม่สอง,630503
63150,ตาก,ท่าสองยาง,แม่หละ,630504
63150,ตาก,ท่าสองยาง,แม่วะหลวง,630505
63150,ตาก,ท่าสองยาง,แม่อุสุ,630506
63110,ตาก,แม่สอด,แม่สอด,630601
63110,ตาก,แม่สอด,แม่กุ,630602
63110,ตาก,แม่สอด,พะวอ,630603
63110,ตาก,แม่สอด,แม่ตาว,630604
63110,ตาก,แม่สอด,แม่กาษา,630605
63110,ตาก,แม่สอด,ท่าสายลวด,630606
63110,ตาก,แม่สอด,แม่ปะ,630607
63110,ตาก,แม่สอด,มหาวัน,630608
63110,ตาก,แม่สอด,ด่านแม่ละเมา,630609
63110,ตาก,แม่สอด,พระธาตุผาแดง,630610
63160,ตาก,พบพระ,พบพระ,630701
63160,ตาก,พบพระ,ช่องแคบ,630702
63160,ตาก,พบพระ,คีรีราษฎร์,630703
63160,ตาก,พบพระ,วาเล่ย์,630704
63160,ตาก,พบพระ,รวมไทยพัฒนา,630705
63170,ตาก,อุ้มผาง,อุ้มผาง,630801
63170,ตาก,อุ้มผาง,หนองหลวง,630802
63170,ตาก,อุ้มผาง,โมโกร,630803
63170,ตาก,อุ้มผาง,แม่จัน,630804
63170,ตาก,อุ้มผาง,แม่ละมุ้ง,630805
63170,ตาก,อุ้มผาง,แม่กลอง,630806
63000,ตาก,วังเจ้า,เชียงทอง,630901
63000,ตาก,วังเจ้า,นาโบสถ์,630902
63000,ตาก,วังเจ้า,ประดาง,630903
64000,สุโขทัย,เมืองสุโขทัย,ธานี,640101
64220,สุโขทัย,เมืองสุโขทัย,บ้านสวน,640102
64210,สุโขทัย,เมืองสุโขทัย,เมืองเก่า,640103
64000,สุโขทัย,เมืองสุโขทัย,ปากแคว,640104
64000,สุโขทัย,เมืองสุโขทัย,ยางซ้าย,640105
64000,สุโขทัย,เมืองสุโขทัย,บ้านกล้วย,640106
64000,สุโขทัย,เมืองสุโขทัย,บ้านหลุม,640107
64220,สุโขทัย,เมืองสุโขทัย,ตาลเตี้ย,640108
64000,สุโขทัย,เมืองสุโขทัย,ปากพระ,640109
64210,สุโขทัย,เมืองสุโขทัย,วังทองแดง,640110
64140,สุโขทัย,บ้านด่านลานหอย,ลานหอย,640201
64140,สุโขทัย,บ้านด่านลานหอย,บ้านด่าน,640202
64140,สุโขทัย,บ้านด่านลานหอย,วังตะคร้อ,640203
64140,สุโขทัย,บ้านด่านลานหอย,วังน้ำขาว,640204
64140,สุโขทัย,บ้านด่านลานหอย,ตลิ่งชัน,640205
64140,สุโขทัย,บ้านด่านลานหอย,หนองหญ้าปล้อง,640206
64140,สุโขทัย,บ้านด่านลานหอย,วังลึก,640207
64160,สุโขทัย,คีรีมาศ,โตนด,640301
64160,สุโขทัย,คีรีมาศ,ทุ่งหลวง,640302
64160,สุโขทัย,คีรีมาศ,บ้านป้อม,640303
64160,สุโขทัย,คีรีมาศ,สามพวง,640304
64160,สุโขทัย,คีรีมาศ,ศรีคีรีมาศ,640305
64160,สุโขทัย,คีรีมาศ,หนองจิก,640306
64160,สุโขทัย,คีรีมาศ,นาเชิงคีรี,640307
64160,สุโขทัย,คีรีมาศ,หนองกระดิ่ง,640308
64160,สุโขทัย,คีรีมาศ,บ้านน้ำพุ,640309
64160,สุโขทัย,คีรีมาศ,ทุ่งยางเมือง,640310
64170,สุโขทัย,กงไกรลาศ,กง,640401
64170,สุโขทัย,กงไกรลาศ,บ้านกร่าง,640402
64170,สุโขทัย,กงไกรลาศ,ไกรนอก,640403
64170,สุโขทัย,กงไกรลาศ,ไกรกลาง,640404
64170,สุโขทัย,กงไกรลาศ,ไกรใน,640405
64170,สุโขทัย,กงไกรลาศ,ดงเดือย,640406
64170,สุโขทัย,กงไกรลาศ,ป่าแฝก,640407
64170,สุโขทัย,กงไกรลาศ,กกแรต,640408
64170,สุโขทัย,กงไกรลาศ,ท่าฉนวน,640409
64170,สุโขทัย,กงไกรลาศ,หนองตูม,640410
64170,สุโขทัย,กงไกรลาศ,บ้านใหม่สุขเกษม,640411
64130,สุโขทัย,ศรีสัชนาลัย,หาดเสี้ยว,640501
64130,สุโขทัย,ศรีสัชนาลัย,ป่างิ้ว,640502
64130,สุโขทัย,ศรีสัชนาลัย,แม่สำ,640503
64130,สุโขทัย,ศรีสัชนาลัย,แม่สิน,640504
64130,สุโขทัย,ศรีสัชนาลัย,บ้านตึก,640505
64130,สุโขทัย,ศรีสัชนาลัย,หนองอ้อ,640506
64190,สุโขทัย,ศรีสัชนาลัย,ท่าชัย,640507
64190,สุโขทัย,ศรีสัชนาลัย,ศรีสัชนาลัย,640508
64130,สุโขทัย,ศรีสัชนาลัย,ดงคู่,640509
64130,สุโขทัย,ศรีสัชนาลัย,บ้านแก่ง,640510
64130,สุโขทัย,ศรีสัชนาลัย,สารจิตร,640511
64120,สุโขทัย,ศรีสำโรง,คลองตาล,640601
64120,สุโขทัย,ศรีสำโรง,วังลึก,640602
64120,สุโขทัย,ศรีสำโรง,สามเรือน,640603
64120,สุโขทัย,ศรีสำโรง,บ้านนา,640604
64120,สุโขทัย,ศรีสำโรง,วังทอง,640605
64120,สุโขทัย,ศรีสำโรง,นาขุนไกร,640606
64120,สุโขทัย,ศรีสำโรง,เกาะตาเลี้ยง,640607
64120,สุโขทัย,ศรีสำโรง,วัดเกาะ,640608
64120,สุโขทัย,ศรีสำโรง,บ้านไร่,640609
64120,สุโขทัย,ศรีสำโรง,ทับผึ้ง,640610
64120,สุโขทัย,ศรีสำโรง,บ้านซ่าน,640611
64120,สุโขทัย,ศรีสำโรง,วังใหญ่,640612
64120,สุโขทัย,ศรีสำโรง,ราวต้นจันทร์,640613
64110,สุโขทัย,สวรรคโลก,เมืองสวรรคโลก,640701
64110,สุโขทัย,สวรรคโลก,ในเมือง,640702
64110,สุโขทัย,สวรรคโลก,คลองกระจง,640703
64110,สุโขทัย,สวรรคโลก,วังพิณพาทย์,640704
64110,สุโขทัย,สวรรคโลก,วังไม้ขอน,640705
64110,สุโขทัย,สวรรคโลก,ย่านยาว,640706
64110,สุโขทัย,สวรรคโลก,นาทุ่ง,640707
64110,สุโขทัย,สวรรคโลก,คลองยาง,640708
64110,สุโขทัย,สวรรคโลก,เมืองบางยม,640709
64110,สุโขทัย,สวรรคโลก,ท่าทอง,640710
64110,สุโขทัย,สวรรคโลก,ปากน้ำ,640711
64110,สุโขทัย,สวรรคโลก,ป่ากุมเกาะ,640712
64110,สุโขทัย,สวรรคโลก,เมืองบางขลัง,640713
64110,สุโขทัย,สวรรคโลก,หนองกลับ,640714
64180,สุโขทัย,ศรีนคร,ศรีนคร,640801
64180,สุโขทัย,ศรีนคร,นครเดิฐ,640802
64180,สุโขทัย,ศรีนคร,น้ำขุม,640803
64180,สุโขทัย,ศรีนคร,คลองมะพลับ,640804
64180,สุโขทัย,ศรีนคร,หนองบัว,640805
64230,สุโขทัย,ทุ่งเสลี่ยม,บ้านใหม่ไชยมงคล,640901
64150,สุโขทัย,ทุ่งเสลี่ยม,ไทยชนะศึก,640902
64150,สุโขทัย,ทุ่งเสลี่ยม,ทุ่งเสลี่ยม,640903
64150,สุโขทัย,ทุ่งเสลี่ยม,กลางดง,640904
64230,สุโขทัย,ทุ่งเสลี่ยม,เขาแก้วศรีสมบูรณ์,640905
65000,พิษณุโลก,เมืองพิษณุโลก,ในเมือง,650101
65230,พิษณุโลก,เมืองพิษณุโลก,วังน้ำคู้,650102
65000,พิษณุโลก,เมืองพิษณุโลก,วัดจันทร์,650103
65230,พิษณุโลก,เมืองพิษณุโลก,วัดพริก,650104
65000,พิษณุโลก,เมืองพิษณุโลก,ท่าทอง,650105
65000,พิษณุโลก,เมืองพิษณุโลก,ท่าโพธิ์,650106
65000,พิษณุโลก,เมืองพิษณุโลก,สมอแข,650107
65000,พิษณุโลก,เมืองพิษณุโลก,ดอนทอง,650108
65000,พิษณุโลก,เมืองพิษณุโลก,บ้านป่า,650109
65000,พิษณุโลก,เมืองพิษณุโลก,ปากโทก,650110
65000,พิษณุโลก,เมืองพิษณุโลก,หัวรอ,650111
65000,พิษณุโลก,เมืองพิษณุโลก,จอมทอง,650112
65000,พิษณุโลก,เมืองพิษณุโลก,บ้านกร่าง,650113
65000,พิษณุโลก,เมืองพิษณุโลก,บ้านคลอง,650114
65000,พิษณุโลก,เมืองพิษณุโลก,พลายชุมพล,650115
65000,พิษณุโลก,เมืองพิษณุโลก,มะขามสูง,650116
65000,พิษณุโลก,เมืองพิษณุโลก,อรัญญิก,650117
65000,พิษณุโลก,เมืองพิษณุโลก,บึงพระ,650118
65000,พิษณุโลก,เมืองพิษณุโลก,ไผ่ขอดอน,650119
65230,พิษณุโลก,เมืองพิษณุโลก,งิ้วงาม,650120
65120,พิษณุโลก,นครไทย,นครไทย,650201
65120,พิษณุโลก,นครไทย,หนองกะท้าว,650202
65120,พิษณุโลก,นครไทย,บ้านแยง,650203
65120,พิษณุโลก,นครไทย,เนินเพิ่ม,650204
65120,พิษณุโลก,นครไทย,นาบัว,650205
65120,พิษณุโลก,นครไทย,นครชุม,650206
65120,พิษณุโลก,นครไทย,น้ำกุ่ม,650207
65120,พิษณุโลก,นครไทย,ยางโกลน,650208
65120,พิษณุโลก,นครไทย,บ่อโพธิ์,650209
65120,พิษณุโลก,นครไทย,บ้านพร้าว,650210
65120,พิษณุโลก,นครไทย,ห้วยเฮี้ย,650211
65170,พิษณุโลก,ชาติตระการ,ป่าแดง,650301
65170,พิษณุโลก,ชาติตระการ,ชาติตระการ,650302
65170,พิษณุโลก,ชาติตระการ,สวนเมี่ยง,650303
65170,พิษณุโลก,ชาติตระการ,บ้านดง,650304
65170,พิษณุโลก,ชาติตระการ,บ่อภาค,650305
65170,พิษณุโลก,ชาติตระการ,ท่าสะแก,650306
65140,พิษณุโลก,บางระกำ,บางระกำ,650401
65140,พิษณุโลก,บางระกำ,ปลักแรด,650402
65140,พิษณุโลก,บางระกำ,พันเสา,650403
65140,พิษณุโลก,บางระกำ,วังอิทก,650404
65140,พิษณุโลก,บางระกำ,บึงกอก,650405
65140,พิษณุโลก,บางระกำ,หนองกุลา,650406
65240,พิษณุโลก,บางระกำ,ชุมแสงสงคราม,650407
65140,พิษณุโลก,บางระกำ,นิคมพัฒนา,650408
65140,พิษณุโลก,บางระกำ,บ่อทอง,650409
65140,พิษณุโลก,บางระกำ,ท่านางงาม,650410
65240,พิษณุโลก,บางระกำ,คุยม่วง,650411
65110,พิษณุโลก,บางกระทุ่ม,บางกระทุ่ม,650501
65110,พิษณุโลก,บางกระทุ่ม,บ้านไร่,650502
65110,พิษณุโลก,บางกระทุ่ม,โคกสลุด,650503
65110,พิษณุโลก,บางกระทุ่ม,สนามคลี,650504
65110,พิษณุโลก,บางกระทุ่ม,ท่าตาล,650505
65110,พิษณุโลก,บางกระทุ่ม,ไผ่ล้อม,650506
65110,พิษณุโลก,บางกระทุ่ม,นครป่าหมาก,650507
65210,พิษณุโลก,บางกระทุ่ม,เนินกุ่ม,650508
65210,พิษณุโลก,บางกระทุ่ม,วัดตายม,650509
65150,พิษณุโลก,พรหมพิราม,พรหมพิราม,650601
65150,พิษณุโลก,พรหมพิราม,ท่าช้าง,650602
65180,พิษณุโลก,พรหมพิราม,วงฆ้อง,650603
65150,พิษณุโลก,พรหมพิราม,มะตูม,650604
65150,พิษณุโลก,พรหมพิราม,หอกลอง,650605
65180,พิษณุโลก,พรหมพิราม,ศรีภิรมย์,650606
65180,พิษณุโลก,พรหมพิราม,ตลุกเทียม,650607
65150,พิษณุโลก,พรหมพิราม,วังวน,650608
65150,พิษณุโลก,พรหมพิราม,หนองแขม,650609
65180,พิษณุโลก,พรหมพิราม,มะต้อง,650610
65150,พิษณุโลก,พรหมพิราม,ทับยายเชียง,650611
65180,พิษณุโลก,พรหมพิราม,ดงประคำ,650612
65160,พิษณุโลก,วัดโบสถ์,วัดโบสถ์,650701
65160,พิษณุโลก,วัดโบสถ์,ท่างาม,650702
65160,พิษณุโลก,วัดโบสถ์,ท้อแท้,650703
65160,พิษณุโลก,วัดโบสถ์,บ้านยาง,650704
65160,พิษณุโลก,วัดโบสถ์,หินลาด,650705
65160,พิษณุโลก,วัดโบสถ์,คันโช้ง,650706
65130,พิษณุโลก,วังทอง,วังทอง,650801
65130,พิษณุโลก,วังทอง,พันชาลี,650802
65130,พิษณุโลก,วังทอง,แม่ระกา,650803
65220,พิษณุโลก,วังทอง,บ้านกลาง,650804
65130,พิษณุโลก,วังทอง,วังพิกุล,650805
65220,พิษณุโลก,วังทอง,แก่งโสภา,650806
65130,พิษณุโลก,วังทอง,ท่าหมื่นราม,650807
65130,พิษณุโลก,วังทอง,วังนกแอ่น,650808
65130,พิษณุโลก,วังทอง,หนองพระ,650809
65130,พิษณุโลก,วังทอง,ชัยนาม,650810
65130,พิษณุโลก,วังทอง,ดินทอง,650811
65190,พิษณุโลก,เนินมะปราง,ชมพู,650901
65190,พิษณุโลก,เนินมะปราง,บ้านมุง,650902
65190,พิษณุโลก,เนินมะปราง,ไทรย้อย,650903
65190,พิษณุโลก,เนินมะปราง,วังโพรง,650904
65190,พิษณุโลก,เนินมะปราง,บ้านน้อยซุ้มขี้เหล็ก,650905
65190,พิษณุโลก,เนินมะปราง,เนินมะปราง,650906
65190,พิษณุโลก,เนินมะปราง,วังยาง,650907
66000,พิจิตร,เมืองพิจิตร,ในเมือง,660101
66000,พิจิตร,เมืองพิจิตร,ไผ่ขวาง,660102
66000,พิจิตร,เมืองพิจิตร,ย่านยาว,660103
66000,พิจิตร,เมืองพิจิตร,ท่าฬ่อ,660104
66000,พิจิตร,เมืองพิจิตร,ปากทาง,660105
66000,พิจิตร,เมืองพิจิตร,คลองคะเชนทร์,660106
66000,พิจิตร,เมืองพิจิตร,โรงช้าง,660107
66000,พิจิตร,เมืองพิจิตร,เมืองเก่า,660108
66000,พิจิตร,เมืองพิจิตร,ท่าหลวง,660109
66000,พิจิตร,เมืองพิจิตร,บ้านบุ่ง,660110
66000,พิจิตร,เมืองพิจิตร,ฆะมัง,660111
66170,พิจิตร,เมืองพิจิตร,ดงป่าคำ,660112
66170,พิจิตร,เมืองพิจิตร,หัวดง,660113
66000,พิจิตร,เมืองพิจิตร,ป่ามะคาบ,660115
66000,พิจิตร,เมืองพิจิตร,สายคำโห้,660119
66170,พิจิตร,เมืองพิจิตร,ดงกลาง,660120
66180,พิจิตร,วังทรายพูน,วังทรายพูน,660201
66180,พิจิตร,วังทรายพูน,หนองปลาไหล,660202
66180,พิจิตร,วังทรายพูน,หนองพระ,660203
66180,พิจิตร,วังทรายพูน,หนองปล้อง,660204
66190,พิจิตร,โพธิ์ประทับช้าง,โพธิ์ประทับช้าง,660301
66190,พิจิตร,โพธิ์ประทับช้าง,ไผ่ท่าโพ,660302
66190,พิจิตร,โพธิ์ประทับช้าง,วังจิก,660303
66190,พิจิตร,โพธิ์ประทับช้าง,ไผ่รอบ,660304
66190,พิจิตร,โพธิ์ประทับช้าง,ดงเสือเหลือง,660305
66190,พิจิตร,โพธิ์ประทับช้าง,เนินสว่าง,660306
66190,พิจิตร,โพธิ์ประทับช้าง,ทุ่งใหญ่,660307
66110,พิจิตร,ตะพานหิน,ตะพานหิน,660401
66110,พิจิตร,ตะพานหิน,งิ้วราย,660402
66110,พิจิตร,ตะพานหิน,ห้วยเกตุ,660403
66110,พิจิตร,ตะพานหิน,ไทรโรงโขน,660404
66110,พิจิตร,ตะพานหิน,หนองพยอม,660405
66150,พิจิตร,ตะพานหิน,ทุ่งโพธิ์,660406
66110,พิจิตร,ตะพานหิน,ดงตะขบ,660407
66110,พิจิตร,ตะพานหิน,คลองคูณ,660408
66110,พิจิตร,ตะพานหิน,วังสำโรง,660409
66110,พิจิตร,ตะพานหิน,วังหว้า,660410
66150,พิจิตร,ตะพานหิน,วังหลุม,660411
66110,พิจิตร,ตะพานหิน,ทับหมัน,660412
66110,พิจิตร,ตะพานหิน,ไผ่หลวง,660413
66120,พิจิตร,บางมูลนาก,บางมูลนาก,660501
66120,พิจิตร,บางมูลนาก,บางไผ่,660502
66120,พิจิตร,บางมูลนาก,หอไกร,660503
66120,พิจิตร,บางมูลนาก,เนินมะกอก,660504
66120,พิจิตร,บางมูลนาก,วังสำโรง,660505
66120,พิจิตร,บางมูลนาก,ภูมิ,660506
66120,พิจิตร,บางมูลนาก,วังกรด,660507
66120,พิจิตร,บางมูลนาก,ห้วยเขน,660508
66210,พิจิตร,บางมูลนาก,วังตะกู,660509
66120,พิจิตร,บางมูลนาก,ลำประดา,660514
66130,พิจิตร,โพทะเล,โพทะเล,660601
66130,พิจิตร,โพทะเล,ท้ายน้ำ,660602
66130,พิจิตร,โพทะเล,ทะนง,660603
66130,พิจิตร,โพทะเล,ท่าบัว,660604
66130,พิจิตร,โพทะเล,ทุ่งน้อย,660605
66130,พิจิตร,โพทะเล,ท่าขมิ้น,660606
66130,พิจิตร,โพทะเล,ท่าเสา,660607
66130,พิจิตร,โพทะเล,บางคลาน,660608
66130,พิจิตร,โพทะเล,ท่านั่ง,660611
66130,พิจิตร,โพทะเล,บ้านน้อย,660612
66130,พิจิตร,โพทะเล,วัดขวาง,660613
66140,พิจิตร,สามง่าม,สามง่าม,660701
66140,พิจิตร,สามง่าม,กำแพงดิน,660702
66140,พิจิตร,สามง่าม,รังนก,660703
66140,พิจิตร,สามง่าม,เนินปอ,660706
66140,พิจิตร,สามง่าม,หนองโสน,660707
66150,พิจิตร,ทับคล้อ,ทับคล้อ,660801
66230,พิจิตร,ทับคล้อ,เขาทราย,660802
66230,พิจิตร,ทับคล้อ,เขาเจ็ดลูก,660803
66150,พิจิตร,ทับคล้อ,ท้ายทุ่ง,660804
66160,พิจิตร,สากเหล็ก,สากเหล็ก,660901
66160,พิจิตร,สากเหล็ก,ท่าเยี่ยม,660902
66160,พิจิตร,สากเหล็ก,คลองทราย,660903
66160,พิจิตร,สากเหล็ก,หนองหญ้าไทร,660904
66160,พิจิตร,สากเหล็ก,วังทับไทร,660905
66130,พิจิตร,บึงนาราง,ห้วยแก้ว,661001
66130,พิจิตร,บึงนาราง,โพธิ์ไทรงาม,661002
66130,พิจิตร,บึงนาราง,แหลมรัง,661003
66130,พิจิตร,บึงนาราง,บางลาย,661004
66130,พิจิตร,บึงนาราง,บึงนาราง,661005
66210,พิจิตร,ดงเจริญ,วังงิ้วใต้,661101
66210,พิจิตร,ดงเจริญ,วังงิ้ว,661102
66210,พิจิตร,ดงเจริญ,ห้วยร่วม,661103
66210,พิจิตร,ดงเจริญ,ห้วยพุก,661104
66210,พิจิตร,ดงเจริญ,สำนักขุนเณร,661105
66140,พิจิตร,วชิรบารมี,บ้านนา,661201
66140,พิจิตร,วชิรบารมี,บึงบัว,661202
66140,พิจิตร,วชิรบารมี,วังโมกข์,661203
66220,พิจิตร,วชิรบารมี,หนองหลุม,661204
67000,เพชรบูรณ์,เมืองเพชรบูรณ์,ในเมือง,670101
67000,เพชรบูรณ์,เมืองเพชรบูรณ์,ตะเบาะ,670102
67000,เพชรบูรณ์,เมืองเพชรบูรณ์,บ้านโตก,670103
67000,เพชรบูรณ์,เมืองเพชรบูรณ์,สะเดียง,670104
67000,เพชรบูรณ์,เมืองเพชรบูรณ์,ป่าเลา,670105
67000,เพชรบูรณ์,เมืองเพชรบูรณ์,นางั่ว,670106
67250,เพชรบูรณ์,เมืองเพชรบูรณ์,ท่าพล,670107
67000,เพชรบูรณ์,เมืองเพชรบูรณ์,ดงมูลเหล็ก,670108
67000,เพชรบูรณ์,เมืองเพชรบูรณ์,บ้านโคก,670109
67000,เพชรบูรณ์,เมืองเพชรบูรณ์,ชอนไพร,670110
67000,เพชรบูรณ์,เมืองเพชรบูรณ์,นาป่า,670111
67210,เพชรบูรณ์,เมืองเพชรบูรณ์,นายม,670112
67210,เพชรบูรณ์,เมืองเพชรบูรณ์,วังชมภู,670113
67000,เพชรบูรณ์,เมืองเพชรบูรณ์,น้ำร้อน,670114
67210,เพชรบูรณ์,เมืองเพชรบูรณ์,ห้วยสะแก,670115
67000,เพชรบูรณ์,เมืองเพชรบูรณ์,ห้วยใหญ่,670116
67210,เพชรบูรณ์,เมืองเพชรบูรณ์,ระวิง,670117
67150,เพชรบูรณ์,ชนแดน,ชนแดน,670201
67190,เพชรบูรณ์,ชนแดน,ดงขุย,670202
67150,เพชรบูรณ์,ชนแดน,ท่าข้าม,670203
67150,เพชรบูรณ์,ชนแดน,พุทธบาท,670204
67150,เพชรบูรณ์,ชนแดน,ลาดแค,670205
67190,เพชรบูรณ์,ชนแดน,บ้านกล้วย,670206
67150,เพชรบูรณ์,ชนแดน,ซับพุทรา,670208
67190,เพชรบูรณ์,ชนแดน,ตะกุดไร,670209
67150,เพชรบูรณ์,ชนแดน,ศาลาลาย,670210
67110,เพชรบูรณ์,หล่มสัก,หล่มสัก,670301
67110,เพชรบูรณ์,หล่มสัก,วัดป่า,670302
67110,เพชรบูรณ์,หล่มสัก,ตาลเดี่ยว,670303
67110,เพชรบูรณ์,หล่มสัก,ฝายนาแซง,670304
67110,เพชรบูรณ์,หล่มสัก,หนองสว่าง,670305
67110,เพชรบูรณ์,หล่มสัก,น้ำเฮี้ย,670306
67110,เพชรบูรณ์,หล่มสัก,สักหลง,670307
67110,เพชรบูรณ์,หล่มสัก,ท่าอิบุญ,670308
67110,เพชรบูรณ์,หล่มสัก,บ้านโสก,670309
67110,เพชรบูรณ์,หล่มสัก,บ้านติ้ว,670310
67110,เพชรบูรณ์,หล่มสัก,ห้วยไร่,670311
67110,เพชรบูรณ์,หล่มสัก,น้ำก้อ,670312
67110,เพชรบูรณ์,หล่มสัก,ปากช่อง,670313
67110,เพชรบูรณ์,หล่มสัก,น้ำชุน,670314
67110,เพชรบูรณ์,หล่มสัก,หนองไขว่,670315
67110,เพชรบูรณ์,หล่มสัก,ลานบ่า,670316
67110,เพชรบูรณ์,หล่มสัก,บุ่งคล้า,670317
67110,เพชรบูรณ์,หล่มสัก,บุ่งน้ำเต้า,670318
67110,เพชรบูรณ์,หล่มสัก,บ้านกลาง,670319
67110,เพชรบูรณ์,หล่มสัก,ช้างตะลูด,670320
67110,เพชรบูรณ์,หล่มสัก,บ้านไร่,670321
67110,เพชรบูรณ์,หล่มสัก,ปากดุก,670322
67110,เพชรบูรณ์,หล่มสัก,บ้านหวาย,670323
67120,เพชรบูรณ์,หล่มเก่า,หล่มเก่า,670401
67120,เพชรบูรณ์,หล่มเก่า,นาซำ,670402
67120,เพชรบูรณ์,หล่มเก่า,หินฮาว,670403
67120,เพชรบูรณ์,หล่มเก่า,บ้านเนิน,670404
67120,เพชรบูรณ์,หล่มเก่า,ศิลา,670405
67120,เพชรบูรณ์,หล่มเก่า,นาแซง,670406
67120,เพชรบูรณ์,หล่มเก่า,วังบาล,670407
67120,เพชรบูรณ์,หล่มเก่า,นาเกาะ,670408
67120,เพชรบูรณ์,หล่มเก่า,ตาดกลอย,670409
67130,เพชรบูรณ์,วิเชียรบุรี,ท่าโรง,670501
67130,เพชรบูรณ์,วิเชียรบุรี,สระประดู่,670502
67130,เพชรบูรณ์,วิเชียรบุรี,สามแยก,670503
67130,เพชรบูรณ์,วิเชียรบุรี,โคกปรง,670504
67130,เพชรบูรณ์,วิเชียรบุรี,น้ำร้อน,670505
67130,เพชรบูรณ์,วิเชียรบุรี,บ่อรัง,670506
67180,เพชรบูรณ์,วิเชียรบุรี,พุเตย,670507
67180,เพชรบูรณ์,วิเชียรบุรี,พุขาม,670508
67180,เพชรบูรณ์,วิเชียรบุรี,ภูน้ำหยด,670509
67180,เพชรบูรณ์,วิเชียรบุรี,ซับสมบูรณ์,670510
67130,เพชรบูรณ์,วิเชียรบุรี,บึงกระจับ,670511
67180,เพชรบูรณ์,วิเชียรบุรี,วังใหญ่,670512
67130,เพชรบูรณ์,วิเชียรบุรี,ยางสาว,670513
67180,เพชรบูรณ์,วิเชียรบุรี,ซับน้อย,670514
67170,เพชรบูรณ์,ศรีเทพ,ศรีเทพ,670601
67170,เพชรบูรณ์,ศรีเทพ,สระกรวด,670602
67170,เพชรบูรณ์,ศรีเทพ,คลองกระจัง,670603
67170,เพชรบูรณ์,ศรีเทพ,นาสนุ่น,670604
67170,เพชรบูรณ์,ศรีเทพ,โคกสะอาด,670605
67170,เพชรบูรณ์,ศรีเทพ,หนองย่างทอย,670606
67170,เพชรบูรณ์,ศรีเทพ,ประดู่งาม,670607
67140,เพชรบูรณ์,หนองไผ่,กองทูล,670701
67220,เพชรบูรณ์,หนองไผ่,นาเฉลียง,670702
67140,เพชรบูรณ์,หนองไผ่,บ้านโภชน์,670703
67140,เพชรบูรณ์,หนองไผ่,ท่าแดง,670704
67140,เพชรบูรณ์,หนองไผ่,เพชรละคร,670705
67140,เพชรบูรณ์,หนองไผ่,บ่อไทย,670706
67220,เพชรบูรณ์,หนองไผ่,ห้วยโป่ง,670707
67140,เพชรบูรณ์,หนองไผ่,วังท่าดี,670708
67140,เพชรบูรณ์,หนองไผ่,บัววัฒนา,670709
67140,เพชรบูรณ์,หนองไผ่,หนองไผ่,670710
67140,เพชรบูรณ์,หนองไผ่,วังโบสถ์,670711
67220,เพชรบูรณ์,หนองไผ่,ยางงาม,670712
67140,เพชรบูรณ์,หนองไผ่,ท่าด้วง,670713
67160,เพชรบูรณ์,บึงสามพัน,ซับสมอทอด,670801
67160,เพชรบูรณ์,บึงสามพัน,ซับไม้แดง,670802
67160,เพชรบูรณ์,บึงสามพัน,หนองแจง,670803
67160,เพชรบูรณ์,บึงสามพัน,กันจุ,670804
67230,เพชรบูรณ์,บึงสามพัน,วังพิกุล,670805
67160,เพชรบูรณ์,บึงสามพัน,พญาวัง,670806
67160,เพชรบูรณ์,บึงสามพัน,ศรีมงคล,670807
67160,เพชรบูรณ์,บึงสามพัน,สระแก้ว,670808
67160,เพชรบูรณ์,บึงสามพัน,บึงสามพัน,670809
67260,เพชรบูรณ์,น้ำหนาว,น้ำหนาว,670901
67260,เพชรบูรณ์,น้ำหนาว,หลักด่าน,670902
67260,เพชรบูรณ์,น้ำหนาว,วังกวาง,670903
67260,เพชรบูรณ์,น้ำหนาว,โคกมน,670904
67240,เพชรบูรณ์,วังโป่ง,วังโป่ง,671001
67240,เพชรบูรณ์,วังโป่ง,ท้ายดง,671002
67240,เพชรบูรณ์,วังโป่ง,ซับเปิบ,671003
67240,เพชรบูรณ์,วังโป่ง,วังหิน,671004
67240,เพชรบูรณ์,วังโป่ง,วังศาล,671005
67270,เพชรบูรณ์,เขาค้อ,ทุ่งสมอ,671101
67280,เพชรบูรณ์,เขาค้อ,แคมป์สน,671102
67270,เพชรบูรณ์,เขาค้อ,เขาค้อ,671103
67270,เพชรบูรณ์,เขาค้อ,ริมสีม่วง,671104
67270,เพชรบูรณ์,เขาค้อ,สะเดาะพง,671105
67270,เพชรบูรณ์,เขาค้อ,หนองแม่นา,671106
67280,เพชรบูรณ์,เขาค้อ,เข็กน้อย,671107
70000,ราชบุรี,เมืองราชบุรี,หน้าเมือง,700101
70000,ราชบุรี,เมืองราชบุรี,เจดีย์หัก,700102
70000,ราชบุรี,เมืองราชบุรี,ดอนตะโก,700103
70000,ราชบุรี,เมืองราชบุรี,หนองกลางนา,700104
70000,ราชบุรี,เมืองราชบุรี,ห้วยไผ่,700105
70000,ราชบุรี,เมืองราชบุรี,คุ้งน้ำวน,700106
70000,ราชบุรี,เมืองราชบุรี,คุ้งกระถิน,700107
70000,ราชบุรี,เมืองราชบุรี,อ่างทอง,700108
70000,ราชบุรี,เมืองราชบุรี,โคกหม้อ,700109
70000,ราชบุรี,เมืองราชบุรี,สามเรือน,700110
70000,ราชบุรี,เมืองราชบุรี,พิกุลทอง,700111
70000,ราชบุรี,เมืองราชบุรี,น้ำพุ,700112
70000,ราชบุรี,เมืองราชบุรี,ดอนแร่,700113
70000,ราชบุรี,เมืองราชบุรี,หินกอง,700114
70000,ราชบุรี,เมืองราชบุรี,เขาแร้ง,700115
70000,ราชบุรี,เมืองราชบุรี,เกาะพลับพลา,700116
70000,ราชบุรี,เมืองราชบุรี,หลุมดิน,700117
70000,ราชบุรี,เมืองราชบุรี,บางป่า,700118
70000,ราชบุรี,เมืองราชบุรี,พงสวาย,700119
70000,ราชบุรี,เมืองราชบุรี,คูบัว,700120
70000,ราชบุรี,เมืองราชบุรี,ท่าราบ,700121
70000,ราชบุรี,เมืองราชบุรี,บ้านไร่,700122
70150,ราชบุรี,จอมบึง,จอมบึง,700201
70150,ราชบุรี,จอมบึง,ปากช่อง,700202
70150,ราชบุรี,จอมบึง,เบิกไพร,700203
70150,ราชบุรี,จอมบึง,ด่านทับตะโก,700204
70150,ราชบุรี,จอมบึง,แก้มอ้น,700205
70150,ราชบุรี,จอมบึง,รางบัว,700206
70180,ราชบุรี,สวนผึ้ง,สวนผึ้ง,700301
70180,ราชบุรี,สวนผึ้ง,ป่าหวาย,700302
70180,ราชบุรี,สวนผึ้ง,ท่าเคย,700304
70180,ราชบุรี,สวนผึ้ง,ตะนาวศรี,700307
70130,ราชบุรี,ดำเนินสะดวก,ดำเนินสะดวก,700401
70210,ราชบุรี,ดำเนินสะดวก,ประสาทสิทธิ์,700402
70130,ราชบุรี,ดำเนินสะดวก,ศรีสุราษฎร์,700403
70130,ราชบุรี,ดำเนินสะดวก,ตาหลวง,700404
70130,ราชบุรี,ดำเนินสะดวก,ดอนกรวย,700405
70130,ราชบุรี,ดำเนินสะดวก,ดอนคลัง,700406
70210,ราชบุรี,ดำเนินสะดวก,บัวงาม,700407
70130,ราชบุรี,ดำเนินสะดวก,บ้านไร่,700408
70130,ราชบุรี,ดำเนินสะดวก,แพงพวย,700409
70130,ราชบุรี,ดำเนินสะดวก,สี่หมื่น,700410
70130,ราชบุรี,ดำเนินสะดวก,ท่านัด,700411
70130,ราชบุรี,ดำเนินสะดวก,ขุนพิทักษ์,700412
70130,ราชบุรี,ดำเนินสะดวก,ดอนไผ่,700413
70110,ราชบุรี,บ้านโป่ง,บ้านโป่ง,700501
70110,ราชบุรี,บ้านโป่ง,ท่าผา,700502
70190,ราชบุรี,บ้านโป่ง,กรับใหญ่,700503
70110,ราชบุรี,บ้านโป่ง,ปากแรต,700504
70110,ราชบุรี,บ้านโป่ง,หนองกบ,700505
70110,ราชบุรี,บ้านโป่ง,หนองอ้อ,700506
70110,ราชบุรี,บ้านโป่ง,ดอนกระเบื้อง,700507
70110,ราชบุรี,บ้านโป่ง,สวนกล้วย,700508
70110,ราชบุรี,บ้านโป่ง,นครชุมน์,700509
70110,ราชบุรี,บ้านโป่ง,บ้านม่วง,700510
70110,ราชบุรี,บ้านโป่ง,คุ้งพยอม,700511
70110,ราชบุรี,บ้านโป่ง,หนองปลาหมอ,700512
70110,ราชบุรี,บ้านโป่ง,เขาขลุง,700513
70110,ราชบุรี,บ้านโป่ง,เบิกไพร,700514
70110,ราชบุรี,บ้านโป่ง,ลาดบัวขาว,700515
70160,ราชบุรี,บางแพ,บางแพ,700601
70160,ราชบุรี,บางแพ,วังเย็น,700602
70160,ราชบุรี,บางแพ,หัวโพ,700603
70160,ราชบุรี,บางแพ,วัดแก้ว,700604
70160,ราชบุรี,บางแพ,ดอนใหญ่,700605
70160,ราชบุรี,บางแพ,ดอนคา,700606
70160,ราชบุรี,บางแพ,โพหัก,700607
70120,ราชบุรี,โพธาราม,โพธาราม,700701
70120,ราชบุรี,โพธาราม,ดอนกระเบื้อง,700702
70120,ราชบุรี,โพธาราม,หนองโพ,700703
70120,ราชบุรี,โพธาราม,บ้านเลือก,700704
70120,ราชบุรี,โพธาราม,คลองตาคต,700705
70120,ราชบุรี,โพธาราม,บ้านฆ้อง,700706
70120,ราชบุรี,โพธาราม,บ้านสิงห์,700707
70120,ราชบุรี,โพธาราม,ดอนทราย,700708
70120,ราชบุรี,โพธาราม,เจ็ดเสมียน,700709
70120,ราชบุรี,โพธาราม,คลองข่อย,700710
70120,ราชบุรี,โพธาราม,ชำแระ,700711
70120,ราชบุรี,โพธาราม,สร้อยฟ้า,700712
70120,ราชบุรี,โพธาราม,ท่าชุมพล,700713
70120,ราชบุรี,โพธาราม,บางโตนด,700714
70120,ราชบุรี,โพธาราม,เตาปูน,700715
70120,ราชบุรี,โพธาราม,นางแก้ว,700716
70120,ราชบุรี,โพธาราม,ธรรมเสน,700717
70120,ราชบุรี,โพธาราม,เขาชะงุ้ม,700718
70120,ราชบุรี,โพธาราม,หนองกวาง,700719
70140,ราชบุรี,ปากท่อ,ทุ่งหลวง,700801
70140,ราชบุรี,ปากท่อ,วังมะนาว,700802
70140,ราชบุรี,ปากท่อ,ดอนทราย,700803
70140,ราชบุรี,ปากท่อ,หนองกระทุ่ม,700804
70140,ราชบุรี,ปากท่อ,ปากท่อ,700805
70140,ราชบุรี,ปากท่อ,ป่าไก่,700806
70140,ราชบุรี,ปากท่อ,วัดยางงาม,700807
70140,ราชบุรี,ปากท่อ,อ่างหิน,700808
70140,ราชบุรี,ปากท่อ,บ่อกระดาน,700809
70140,ราชบุรี,ปากท่อ,ยางหัก,700810
70140,ราชบุรี,ปากท่อ,วันดาว,700811
70140,ราชบุรี,ปากท่อ,ห้วยยางโทน,700812
70170,ราชบุรี,วัดเพลง,เกาะศาลพระ,700901
70170,ราชบุรี,วัดเพลง,จอมประทัด,700902
70170,ราชบุรี,วัดเพลง,วัดเพลง,700903
70180,ราชบุรี,บ้านคา,บ้านคา,701001
70180,ราชบุรี,บ้านคา,บ้านบึง,701002
70180,ราชบุรี,บ้านคา,หนองพันจันทร์,701003
71000,กาญจนบุรี,เมืองกาญจนบุรี,บ้านเหนือ,710101
71000,กาญจนบุรี,เมืองกาญจนบุรี,บ้านใต้,710102
71000,กาญจนบุรี,เมืองกาญจนบุรี,ปากแพรก,710103
71000,กาญจนบุรี,เมืองกาญจนบุรี,ท่ามะขาม,710104
71000,กาญจนบุรี,เมืองกาญจนบุรี,แก่งเสี้ยน,710105
71190,กาญจนบุรี,เมืองกาญจนบุรี,หนองบัว,710106
71190,กาญจนบุรี,เมืองกาญจนบุรี,ลาดหญ้า,710107
71190,กาญจนบุรี,เมืองกาญจนบุรี,วังด้ง,710108
71190,กาญจนบุรี,เมืองกาญจนบุรี,ช่องสะเดา,710109
71000,กาญจนบุรี,เมืองกาญจนบุรี,หนองหญ้า,710110
71000,กาญจนบุรี,เมืองกาญจนบุรี,เกาะสำโรง,710111
71000,กาญจนบุรี,เมืองกาญจนบุรี,บ้านเก่า,710113
71000,กาญจนบุรี,เมืองกาญจนบุรี,วังเย็น,710116
71150,กาญจนบุรี,ไทรโยค,ลุ่มสุ่ม,710201
71150,กาญจนบุรี,ไทรโยค,ท่าเสา,710202
71150,กาญจนบุรี,ไทรโยค,สิงห์,710203
71150,กาญจนบุรี,ไทรโยค,ไทรโยค,710204
71150,กาญจนบุรี,ไทรโยค,วังกระแจะ,710205
71150,กาญจนบุรี,ไทรโยค,ศรีมงคล,710206
71150,กาญจนบุรี,ไทรโยค,บ้องตี้,710207
71160,กาญจนบุรี,บ่อพลอย,บ่อพลอย,710301
71160,กาญจนบุรี,บ่อพลอย,หนองกุ่ม,710302
71220,กาญจนบุรี,บ่อพลอย,หนองรี,710303
71160,กาญจนบุรี,บ่อพลอย,หลุมรัง,710305
71160,กาญจนบุรี,บ่อพลอย,ช่องด่าน,710308
71220,กาญจนบุรี,บ่อพลอย,หนองกร่าง,710309
71250,กาญจนบุรี,ศรีสวัสดิ์,นาสวน,710401
71250,กาญจนบุรี,ศรีสวัสดิ์,ด่านแม่แฉลบ,710402
71250,กาญจนบุรี,ศรีสวัสดิ์,หนองเป็ด,710403
71250,กาญจนบุรี,ศรีสวัสดิ์,ท่ากระดาน,710404
71220,กาญจนบุรี,ศรีสวัสดิ์,เขาโจด,710405
71250,กาญจนบุรี,ศรีสวัสดิ์,แม่กระบุง,710406
71120,กาญจนบุรี,ท่ามะกา,พงตึก,710501
71120,กาญจนบุรี,ท่ามะกา,ยางม่วง,710502
71130,กาญจนบุรี,ท่ามะกา,ดอนชะเอม,710503
71120,กาญจนบุรี,ท่ามะกา,ท่าไม้,710504
71130,กาญจนบุรี,ท่ามะกา,ตะคร้ำเอน,710505
71120,กาญจนบุรี,ท่ามะกา,ท่ามะกา,710506
71130,กาญจนบุรี,ท่ามะกา,ท่าเรือ,710507
71120,กาญจนบุรี,ท่ามะกา,โคกตะบอง,710508
71120,กาญจนบุรี,ท่ามะกา,ดอนขมิ้น,710509
71130,กาญจนบุรี,ท่ามะกา,อุโลกสี่หมื่น,710510
71120,กาญจนบุรี,ท่ามะกา,เขาสามสิบหาบ,710511
71130,กาญจนบุรี,ท่ามะกา,พระแท่น,710512
71120,กาญจนบุรี,ท่ามะกา,หวายเหนียว,710513
71130,กาญจนบุรี,ท่ามะกา,แสนตอ,710514
70190,กาญจนบุรี,ท่ามะกา,สนามแย้,710515
71120,กาญจนบุรี,ท่ามะกา,ท่าเสา,710516
71130,กาญจนบุรี,ท่ามะกา,หนองลาน,710517
71110,กาญจนบุรี,ท่าม่วง,ท่าม่วง,710601
71110,กาญจนบุรี,ท่าม่วง,วังขนาย,710602
71110,กาญจนบุรี,ท่าม่วง,วังศาลา,710603
71110,กาญจนบุรี,ท่าม่วง,ท่าล้อ,710604
71110,กาญจนบุรี,ท่าม่วง,หนองขาว,710605
71110,กาญจนบุรี,ท่าม่วง,ทุ่งทอง,710606
71110,กาญจนบุรี,ท่าม่วง,เขาน้อย,710607
71110,กาญจนบุรี,ท่าม่วง,ม่วงชุม,710608
71110,กาญจนบุรี,ท่าม่วง,บ้านใหม่,710609
71110,กาญจนบุรี,ท่าม่วง,พังตรุ,710610
71130,กาญจนบุรี,ท่าม่วง,ท่าตะคร้อ,710611
71110,กาญจนบุรี,ท่าม่วง,รางสาลี่,710612
71110,กาญจนบุรี,ท่าม่วง,หนองตากยา,710613
71180,กาญจนบุรี,ทองผาภูมิ,ท่าขนุน,710701
71180,กาญจนบุรี,ทองผาภูมิ,ปิล๊อก,710702
71180,กาญจนบุรี,ทองผาภูมิ,หินดาด,710703
71180,กาญจนบุรี,ทองผาภูมิ,ลิ่นถิ่น,710704
71180,กาญจนบุรี,ทองผาภูมิ,ชะแล,710705
71180,กาญจนบุรี,ทองผาภูมิ,ห้วยเขย่ง,710706
71180,กาญจนบุรี,ทองผาภูมิ,สหกรณ์นิคม,710707
71240,กาญจนบุรี,สังขละบุรี,หนองลู,710801
71240,กาญจนบุรี,สังขละบุรี,ปรังเผล,710802
71240,กาญจนบุรี,สังขละบุรี,ไล่โว่,710803
71140,กาญจนบุรี,พนมทวน,พนมทวน,710901
71140,กาญจนบุรี,พนมทวน,หนองโรง,710902
71140,กาญจนบุรี,พนมทวน,ทุ่งสมอ,710903
71140,กาญจนบุรี,พนมทวน,ดอนเจดีย์,710904
71140,กาญจนบุรี,พนมทวน,พังตรุ,710905
71170,กาญจนบุรี,พนมทวน,รางหวาย,710906
71140,กาญจนบุรี,พนมทวน,หนองสาหร่าย,710911
71140,กาญจนบุรี,พนมทวน,ดอนตาเพชร,710912
71210,กาญจนบุรี,เลาขวัญ,เลาขวัญ,711001
71210,กาญจนบุรี,เลาขวัญ,หนองโสน,711002
71210,กาญจนบุรี,เลาขวัญ,หนองประดู่,711003
71210,กาญจนบุรี,เลาขวัญ,หนองปลิง,711004
71210,กาญจนบุรี,เลาขวัญ,หนองนกแก้ว,711005
71210,กาญจนบุรี,เลาขวัญ,ทุ่งกระบ่ำ,711006
71210,กาญจนบุรี,เลาขวัญ,หนองฝ้าย,711007
71260,กาญจนบุรี,ด่านมะขามเตี้ย,ด่านมะขามเตี้ย,711101
71260,กาญจนบุรี,ด่านมะขามเตี้ย,กลอนโด,711102
71260,กาญจนบุรี,ด่านมะขามเตี้ย,จรเข้เผือก,711103
71260,กาญจนบุรี,ด่านมะขามเตี้ย,หนองไผ่,711104
71220,กาญจนบุรี,หนองปรือ,หนองปรือ,711201
71220,กาญจนบุรี,หนองปรือ,หนองปลาไหล,711202
71220,กาญจนบุรี,หนองปรือ,สมเด็จเจริญ,711203
71170,กาญจนบุรี,ห้วยกระเจา,ห้วยกระเจา,711301
71170,กาญจนบุรี,ห้วยกระเจา,วังไผ่,711302
71170,กาญจนบุรี,ห้วยกระเจา,ดอนแสลบ,711303
71170,กาญจนบุรี,ห้วยกระเจา,สระลงเรือ,711304
72000,สุพรรณบุรี,เมืองสุพรรณบุรี,ท่าพี่เลี้ยง,720101
72000,สุพรรณบุรี,เมืองสุพรรณบุรี,รั้วใหญ่,720102
72000,สุพรรณบุรี,เมืองสุพรรณบุรี,ทับตีเหล็ก,720103
72000,สุพรรณบุรี,เมืองสุพรรณบุรี,ท่าระหัด,720104
72000,สุพรรณบุรี,เมืองสุพรรณบุรี,ไผ่ขวาง,720105
72000,สุพรรณบุรี,เมืองสุพรรณบุรี,โคกโคเฒ่า,720106
72000,สุพรรณบุรี,เมืองสุพรรณบุรี,ดอนตาล,720107
72000,สุพรรณบุรี,เมืองสุพรรณบุรี,ดอนมะสังข์,720108
72000,สุพรรณบุรี,เมืองสุพรรณบุรี,พิหารแดง,720109
72000,สุพรรณบุรี,เมืองสุพรรณบุรี,ดอนกำยาน,720110
72000,สุพรรณบุรี,เมืองสุพรรณบุรี,ดอนโพธิ์ทอง,720111
72000,สุพรรณบุรี,เมืองสุพรรณบุรี,บ้านโพธิ์,720112
72230,สุพรรณบุรี,เมืองสุพรรณบุรี,สระแก้ว,720113
72230,สุพรรณบุรี,เมืองสุพรรณบุรี,ตลิ่งชัน,720114
72210,สุพรรณบุรี,เมืองสุพรรณบุรี,บางกุ้ง,720115
72210,สุพรรณบุรี,เมืองสุพรรณบุรี,ศาลาขาว,720116
72210,สุพรรณบุรี,เมืองสุพรรณบุรี,สวนแตง,720117
72000,สุพรรณบุรี,เมืองสุพรรณบุรี,สนามชัย,720118
72000,สุพรรณบุรี,เมืองสุพรรณบุรี,โพธิ์พระยา,720119
72230,สุพรรณบุรี,เมืองสุพรรณบุรี,สนามคลี,720120
72120,สุพรรณบุรี,เดิมบางนางบวช,เขาพระ,720201
72120,สุพรรณบุรี,เดิมบางนางบวช,เดิมบาง,720202
72120,สุพรรณบุรี,เดิมบางนางบวช,นางบวช,720203
72120,สุพรรณบุรี,เดิมบางนางบวช,เขาดิน,720204
72120,สุพรรณบุรี,เดิมบางนางบวช,ปากน้ำ,720205
72120,สุพรรณบุรี,เดิมบางนางบวช,ทุ่งคลี,720206
72120,สุพรรณบุรี,เดิมบางนางบวช,โคกช้าง,720207
72120,สุพรรณบุรี,เดิมบางนางบวช,หัวเขา,720208
72120,สุพรรณบุรี,เดิมบางนางบวช,หัวนา,720209
72120,สุพรรณบุรี,เดิมบางนางบวช,บ่อกรุ,720210
72120,สุพรรณบุรี,เดิมบางนางบวช,วังศรีราช,720211
72120,สุพรรณบุรี,เดิมบางนางบวช,ป่าสะแก,720212
72120,สุพรรณบุรี,เดิมบางนางบวช,ยางนอน,720213
72120,สุพรรณบุรี,เดิมบางนางบวช,หนองกระทุ่ม,720214
72180,สุพรรณบุรี,ด่านช้าง,หนองมะค่าโมง,720301
72180,สุพรรณบุรี,ด่านช้าง,ด่านช้าง,720302
72180,สุพรรณบุรี,ด่านช้าง,ห้วยขมิ้น,720303
72180,สุพรรณบุรี,ด่านช้าง,องค์พระ,720304
72180,สุพรรณบุรี,ด่านช้าง,วังคัน,720305
72180,สุพรรณบุรี,ด่านช้าง,นิคมกระเสียว,720306
72180,สุพรรณบุรี,ด่านช้าง,วังยาว,720307
72150,สุพรรณบุรี,บางปลาม้า,โคกคราม,720401
72150,สุพรรณบุรี,บางปลาม้า,บางปลาม้า,720402
72150,สุพรรณบุรี,บางปลาม้า,ตะค่า,720403
72150,สุพรรณบุรี,บางปลาม้า,บางใหญ่,720404
72150,สุพรรณบุรี,บางปลาม้า,กฤษณา,720405
72150,สุพรรณบุรี,บางปลาม้า,สาลี,720406
72150,สุพรรณบุรี,บางปลาม้า,ไผ่กองดิน,720407
72150,สุพรรณบุรี,บางปลาม้า,องครักษ์,720408
72150,สุพรรณบุรี,บางปลาม้า,จรเข้ใหญ่,720409
72150,สุพรรณบุรี,บางปลาม้า,บ้านแหลม,720410
72150,สุพรรณบุรี,บางปลาม้า,มะขามล้ม,720411
72150,สุพรรณบุรี,บางปลาม้า,วังน้ำเย็น,720412
72150,สุพรรณบุรี,บางปลาม้า,วัดโบสถ์,720413
72150,สุพรรณบุรี,บางปลาม้า,วัดดาว,720414
72140,สุพรรณบุรี,ศรีประจันต์,ศรีประจันต์,720501
72140,สุพรรณบุรี,ศรีประจันต์,บ้านกร่าง,720502
72140,สุพรรณบุรี,ศรีประจันต์,มดแดง,720503
72140,สุพรรณบุรี,ศรีประจันต์,บางงาม,720504
72140,สุพรรณบุรี,ศรีประจันต์,ดอนปรู,720505
72140,สุพรรณบุรี,ศรีประจันต์,ปลายนา,720506
72140,สุพรรณบุรี,ศรีประจันต์,วังหว้า,720507
72140,สุพรรณบุรี,ศรีประจันต์,วังน้ำซับ,720508
72140,สุพรรณบุรี,ศรีประจันต์,วังยาง,720509
72170,สุพรรณบุรี,ดอนเจดีย์,ดอนเจดีย์,720601
72170,สุพรรณบุรี,ดอนเจดีย์,หนองสาหร่าย,720602
72170,สุพรรณบุรี,ดอนเจดีย์,ไร่รถ,720603
72250,สุพรรณบุรี,ดอนเจดีย์,สระกระโจม,720604
72250,สุพรรณบุรี,ดอนเจดีย์,ทะเลบก,720605
72110,สุพรรณบุรี,สองพี่น้อง,สองพี่น้อง,720701
72110,สุพรรณบุรี,สองพี่น้อง,บางเลน,720702
72110,สุพรรณบุรี,สองพี่น้อง,บางตาเถร,720703
72110,สุพรรณบุรี,สองพี่น้อง,บางตะเคียน,720704
72110,สุพรรณบุรี,สองพี่น้อง,บ้านกุ่ม,720705
72110,สุพรรณบุรี,สองพี่น้อง,หัวโพธิ์,720706
72110,สุพรรณบุรี,สองพี่น้อง,บางพลับ,720707
72110,สุพรรณบุรี,สองพี่น้อง,เนินพระปรางค์,720708
72110,สุพรรณบุรี,สองพี่น้อง,บ้านช้าง,720709
72110,สุพรรณบุรี,สองพี่น้อง,ต้นตาล,720710
72110,สุพรรณบุรี,สองพี่น้อง,ศรีสำราญ,720711
72190,สุพรรณบุรี,สองพี่น้อง,ทุ่งคอก,720712
72110,สุพรรณบุรี,สองพี่น้อง,หนองบ่อ,720713
72190,สุพรรณบุรี,สองพี่น้อง,บ่อสุพรรณ,720714
72110,สุพรรณบุรี,สองพี่น้อง,ดอนมะนาว,720715
72130,สุพรรณบุรี,สามชุก,ย่านยาว,720801
72130,สุพรรณบุรี,สามชุก,วังลึก,720802
72130,สุพรรณบุรี,สามชุก,สามชุก,720803
72130,สุพรรณบุรี,สามชุก,หนองผักนาก,720804
72130,สุพรรณบุรี,สามชุก,บ้านสระ,720805
72130,สุพรรณบุรี,สามชุก,หนองสะเดา,720806
72130,สุพรรณบุรี,สามชุก,กระเสียว,720807
72160,สุพรรณบุรี,อู่ทอง,อู่ทอง,720901
72220,สุพรรณบุรี,อู่ทอง,สระยายโสม,720902
72160,สุพรรณบุรี,อู่ทอง,จรเข้สามพัน,720903
72160,สุพรรณบุรี,อู่ทอง,บ้านดอน,720904
72160,สุพรรณบุรี,อู่ทอง,ยุ้งทะลาย,720905
72220,สุพรรณบุรี,อู่ทอง,ดอนมะเกลือ,720906
72160,สุพรรณบุรี,อู่ทอง,หนองโอ่ง,720907
72160,สุพรรณบุรี,อู่ทอง,ดอนคา,720908
72160,สุพรรณบุรี,อู่ทอง,พลับพลาไชย,720909
72160,สุพรรณบุรี,อู่ทอง,บ้านโข้ง,720910
72160,สุพรรณบุรี,อู่ทอง,เจดีย์,720911
72220,สุพรรณบุรี,อู่ทอง,สระพังลาน,720912
72160,สุพรรณบุรี,อู่ทอง,กระจัน,720913
72240,สุพรรณบุรี,หนองหญ้าไซ,หนองหญ้าไซ,721001
72240,สุพรรณบุรี,หนองหญ้าไซ,หนองราชวัตร,721002
72240,สุพรรณบุรี,หนองหญ้าไซ,หนองโพธิ์,721003
72240,สุพรรณบุรี,หนองหญ้าไซ,แจงงาม,721004
72240,สุพรรณบุรี,หนองหญ้าไซ,หนองขาม,721005
72240,สุพรรณบุรี,หนองหญ้าไซ,ทัพหลวง,721006
73000,นครปฐม,เมืองนครปฐม,พระปฐมเจดีย์,730101
73000,นครปฐม,เมืองนครปฐม,บางแขม,730102
73000,นครปฐม,เมืองนครปฐม,พระประโทน,730103
73000,นครปฐม,เมืองนครปฐม,ธรรมศาลา,730104
73000,นครปฐม,เมืองนครปฐม,ตาก้อง,730105
73000,นครปฐม,เมืองนครปฐม,มาบแค,730106
73000,นครปฐม,เมืองนครปฐม,สนามจันทร์,730107
73000,นครปฐม,เมืองนครปฐม,ดอนยายหอม,730108
73000,นครปฐม,เมืองนครปฐม,ถนนขาด,730109
73000,นครปฐม,เมืองนครปฐม,บ่อพลับ,730110
73000,นครปฐม,เมืองนครปฐม,นครปฐม,730111
73000,นครปฐม,เมืองนครปฐม,วังตะกู,730112
73000,นครปฐม,เมืองนครปฐม,หนองปากโลง,730113
73000,นครปฐม,เมืองนครปฐม,สามควายเผือก,730114
73000,นครปฐม,เมืองนครปฐม,ทุ่งน้อย,730115
73000,นครปฐม,เมืองนครปฐม,หนองดินแดง,730116
73000,นครปฐม,เมืองนครปฐม,วังเย็น,730117
73000,นครปฐม,เมืองนครปฐม,โพรงมะเดื่อ,730118
73000,นครปฐม,เมืองนครปฐม,ลำพยา,730119
73000,นครปฐม,เมืองนครปฐม,สระกะเทียม,730120
73000,นครปฐม,เมืองนครปฐม,สวนป่าน,730121
73000,นครปฐม,เมืองนครปฐม,ห้วยจรเข้,730122
73000,นครปฐม,เมืองนครปฐม,ทัพหลวง,730123
73000,นครปฐม,เมืองนครปฐม,หนองงูเหลือม,730124
73000,นครปฐม,เมืองนครปฐม,บ้านยาง,730125
73140,นครปฐม,กำแพงแสน,ทุ่งกระพังโหม,730201
73180,นครปฐม,กำแพงแสน,กระตีบ,730202
73140,นครปฐม,กำแพงแสน,ทุ่งลูกนก,730203
73140,นครปฐม,กำแพงแสน,ห้วยขวาง,730204
73140,นครปฐม,กำแพงแสน,ทุ่งขวาง,730205
73140,นครปฐม,กำแพงแสน,สระสี่มุม,730206
73140,นครปฐม,กำแพงแสน,ทุ่งบัว,730207
73140,นครปฐม,กำแพงแสน,ดอนข่อย,730208
73180,นครปฐม,กำแพงแสน,สระพัฒนา,730209
73140,นครปฐม,กำแพงแสน,ห้วยหมอนทอง,730210
73180,นครปฐม,กำแพงแสน,ห้วยม่วง,730211
73140,นครปฐม,กำแพงแสน,กำแพงแสน,730212
73140,นครปฐม,กำแพงแสน,รางพิกุล,730213
73140,นครปฐม,กำแพงแสน,หนองกระทุ่ม,730214
73140,นครปฐม,กำแพงแสน,วังน้ำเขียว,730215
73120,นครปฐม,นครชัยศรี,นครชัยศรี,730301
73120,นครปฐม,นครชัยศรี,บางกระเบา,730302
73120,นครปฐม,นครชัยศรี,วัดแค,730303
73120,นครปฐม,นครชัยศรี,ท่าตำหนัก,730304
73120,นครปฐม,นครชัยศรี,บางแก้ว,730305
73120,นครปฐม,นครชัยศรี,ท่ากระชับ,730306
73120,นครปฐม,นครชัยศรี,ขุนแก้ว,730307
73120,นครปฐม,นครชัยศรี,ท่าพระยา,730308
73120,นครปฐม,นครชัยศรี,พะเนียด,730309
73120,นครปฐม,นครชัยศรี,บางระกำ,730310
73120,นครปฐม,นครชัยศรี,โคกพระเจดีย์,730311
73120,นครปฐม,นครชัยศรี,ศรีษะทอง,730312
73120,นครปฐม,นครชัยศรี,แหลมบัว,730313
73120,นครปฐม,นครชัยศรี,ศรีมหาโพธิ์,730314
73120,นครปฐม,นครชัยศรี,สัมปทวน,730315
73120,นครปฐม,นครชัยศรี,วัดสำโรง,730316
73120,นครปฐม,นครชัยศรี,ดอนแฝก,730317
73120,นครปฐม,นครชัยศรี,ห้วยพลู,730318
73120,นครปฐม,นครชัยศรี,วัดละมุด,730319
73120,นครปฐม,นครชัยศรี,บางพระ,730320
73120,นครปฐม,นครชัยศรี,บางแก้วฟ้า,730321
73120,นครปฐม,นครชัยศรี,ลานตากฟ้า,730322
73120,นครปฐม,นครชัยศรี,งิ้วราย,730323
73120,นครปฐม,นครชัยศรี,ไทยาวาส,730324
73150,นครปฐม,ดอนตูม,สามง่าม,730401
73150,นครปฐม,ดอนตูม,ห้วยพระ,730402
73150,นครปฐม,ดอนตูม,ลำเหย,730403
73150,นครปฐม,ดอนตูม,ดอนพุทรา,730404
73150,นครปฐม,ดอนตูม,บ้านหลวง,730405
73150,นครปฐม,ดอนตูม,ดอนรวก,730406
73150,นครปฐม,ดอนตูม,ห้วยด้วน,730407
73150,นครปฐม,ดอนตูม,ลำลูกบัว,730408
73130,นครปฐม,บางเลน,บางเลน,730501
73130,นครปฐม,บางเลน,บางปลา,730502
73190,นครปฐม,บางเลน,บางหลวง,730503
73130,นครปฐม,บางเลน,บางภาษี,730504
73130,นครปฐม,บางเลน,บางระกำ,730505
73130,นครปฐม,บางเลน,บางไทรป่า,730506
73190,นครปฐม,บางเลน,หินมูล,730507
73130,นครปฐม,บางเลน,ไทรงาม,730508
73130,นครปฐม,บางเลน,ดอนตูม,730509
73130,นครปฐม,บางเลน,นิลเพชร,730510
73130,นครปฐม,บางเลน,บัวปากท่า,730511
73130,นครปฐม,บางเลน,คลองนกกระทุง,730512
73130,นครปฐม,บางเลน,นราภิรมย์,730513
73130,นครปฐม,บางเลน,ลำพญา,730514
73130,นครปฐม,บางเลน,ไผ่หูช้าง,730515
73110,นครปฐม,สามพราน,ท่าข้าม,730601
73210,นครปฐม,สามพราน,ทรงคนอง,730602
73110,นครปฐม,สามพราน,หอมเกร็ด,730603
73210,นครปฐม,สามพราน,บางกระทึก,730604
73210,นครปฐม,สามพราน,บางเตย,730605
73110,นครปฐม,สามพราน,สามพราน,730606
73110,นครปฐม,สามพราน,บางช้าง,730607
73210,นครปฐม,สามพราน,ไร่ขิง,730608
73110,นครปฐม,สามพราน,ท่าตลาด,730609
73220,นครปฐม,สามพราน,กระทุ่มล้ม,730610
73110,นครปฐม,สามพราน,คลองใหม่,730611
73110,นครปฐม,สามพราน,ตลาดจินดา,730612
73110,นครปฐม,สามพราน,คลองจินดา,730613
73110,นครปฐม,สามพราน,ยายชา,730614
73110,นครปฐม,สามพราน,บ้านใหม่,730615
73160,นครปฐม,สามพราน,อ้อมใหญ่,730616
73170,นครปฐม,พุทธมณฑล,ศาลายา,730701
73170,นครปฐม,พุทธมณฑล,คลองโยง,730702
73170,นครปฐม,พุทธมณฑล,มหาสวัสดิ์,730703
74000,สมุทรสาคร,เมืองสมุทรสาคร,มหาชัย,740101
74000,สมุทรสาคร,เมืองสมุทรสาคร,ท่าฉลอม,740102
74000,สมุทรสาคร,เมืองสมุทรสาคร,โกรกกราก,740103
74000,สมุทรสาคร,เมืองสมุทรสาคร,บ้านบ่อ,740104
74000,สมุทรสาคร,เมืองสมุทรสาคร,บางโทรัด,740105
74000,สมุทรสาคร,เมืองสมุทรสาคร,กาหลง,740106
74000,สมุทรสาคร,เมืองสมุทรสาคร,นาโคก,740107
74000,สมุทรสาคร,เมืองสมุทรสาคร,ท่าจีน,740108
74000,สมุทรสาคร,เมืองสมุทรสาคร,นาดี,740109
74000,สมุทรสาคร,เมืองสมุทรสาคร,ท่าทราย,740110
74000,สมุทรสาคร,เมืองสมุทรสาคร,คอกกระบือ,740111
74000,สมุทรสาคร,เมืองสมุทรสาคร,บางน้ำจืด,740112
74000,สมุทรสาคร,เมืองสมุทรสาคร,พันท้ายนรสิงห์,740113
74000,สมุทรสาคร,เมืองสมุทรสาคร,โคกขาม,740114
74000,สมุทรสาคร,เมืองสมุทรสาคร,บ้านเกาะ,740115
74000,สมุทรสาคร,เมืองสมุทรสาคร,บางกระเจ้า,740116
74000,สมุทรสาคร,เมืองสมุทรสาคร,บางหญ้าแพรก,740117
74000,สมุทรสาคร,เมืองสมุทรสาคร,ชัยมงคล,740118
74110,สมุทรสาคร,กระทุ่มแบน,ตลาดกระทุ่มแบน,740201
74130,สมุทรสาคร,กระทุ่มแบน,อ้อมน้อย,740202
74110,สมุทรสาคร,กระทุ่มแบน,ท่าไม้,740203
74110,สมุทรสาคร,กระทุ่มแบน,สวนหลวง,740204
74110,สมุทรสาคร,กระทุ่มแบน,บางยาง,740205
74110,สมุทรสาคร,กระทุ่มแบน,คลองมะเดื่อ,740206
74110,สมุทรสาคร,กระทุ่มแบน,หนองนกไข่,740207
74110,สมุทรสาคร,กระทุ่มแบน,ดอนไก่ดี,740208
74110,สมุทรสาคร,กระทุ่มแบน,แคราย,740209
74110,สมุทรสาคร,กระทุ่มแบน,ท่าเสา,740210
74120,สมุทรสาคร,บ้านแพ้ว,บ้านแพ้ว,740301
74120,สมุทรสาคร,บ้านแพ้ว,หลักสาม,740302
74120,สมุทรสาคร,บ้านแพ้ว,ยกกระบัตร,740303
74120,สมุทรสาคร,บ้านแพ้ว,โรงเข้,740304
74120,สมุทรสาคร,บ้านแพ้ว,หนองสองห้อง,740305
74120,สมุทรสาคร,บ้านแพ้ว,หนองบัว,740306
74120,สมุทรสาคร,บ้านแพ้ว,หลักสอง,740307
74120,สมุทรสาคร,บ้านแพ้ว,เจ็ดริ้ว,740308
74120,สมุทรสาคร,บ้านแพ้ว,คลองตัน,740309
74120,สมุทรสาคร,บ้านแพ้ว,อำแพง,740310
74120,สมุทรสาคร,บ้านแพ้ว,สวนส้ม,740311
74120,สมุทรสาคร,บ้านแพ้ว,เกษตรพัฒนา,740312
75000,สมุทรสงคราม,เมืองสมุทรสงคราม,แม่กลอง,750101
75000,สมุทรสงคราม,เมืองสมุทรสงคราม,บางขันแตก,750102
75000,สมุทรสงคราม,เมืองสมุทรสงคราม,ลาดใหญ่,750103
75000,สมุทรสงคราม,เมืองสมุทรสงคราม,บ้านปรก,750104
75000,สมุทรสงคราม,เมืองสมุทรสงคราม,บางแก้ว,750105
75000,สมุทรสงคราม,เมืองสมุทรสงคราม,ท้ายหาด,750106
75000,สมุทรสงคราม,เมืองสมุทรสงคราม,แหลมใหญ่,750107
75000,สมุทรสงคราม,เมืองสมุทรสงคราม,คลองเขิน,750108
75000,สมุทรสงคราม,เมืองสมุทรสงคราม,คลองโคน,750109
75000,สมุทรสงคราม,เมืองสมุทรสงคราม,นางตะเคียน,750110
75000,สมุทรสงคราม,เมืองสมุทรสงคราม,บางจะเกร็ง,750111
75120,สมุทรสงคราม,บางคนที,กระดังงา,750201
75120,สมุทรสงคราม,บางคนที,บางสะแก,750202
75120,สมุทรสงคราม,บางคนที,บางยี่รงค์,750203
75120,สมุทรสงคราม,บางคนที,โรงหีบ,750204
75120,สมุทรสงคราม,บางคนที,บางคนที,750205
75120,สมุทรสงคราม,บางคนที,ดอนมะโนรา,750206
75120,สมุทรสงคราม,บางคนที,บางพรม,750207
75120,สมุทรสงคราม,บางคนที,บางกุ้ง,750208
75120,สมุทรสงคราม,บางคนที,จอมปลวก,750209
75120,สมุทรสงคราม,บางคนที,บางนกแขวก,750210
75120,สมุทรสงคราม,บางคนที,ยายแพง,750211
75120,สมุทรสงคราม,บางคนที,บางกระบือ,750212
75120,สมุทรสงคราม,บางคนที,บ้านปราโมทย์,750213
75110,สมุทรสงคราม,อัมพวา,อัมพวา,750301
75110,สมุทรสงคราม,อัมพวา,สวนหลวง,750302
75110,สมุทรสงคราม,อัมพวา,ท่าคา,750303
75110,สมุทรสงคราม,อัมพวา,วัดประดู่,750304
75110,สมุทรสงคราม,อัมพวา,เหมืองใหม่,750305
75110,สมุทรสงคราม,อัมพวา,บางช้าง,750306
75110,สมุทรสงคราม,อัมพวา,แควอ้อม,750307
75110,สมุทรสงคราม,อัมพวา,ปลายโพงพาง,750308
75110,สมุทรสงคราม,อัมพวา,บางแค,750309
75110,สมุทรสงคราม,อัมพวา,แพรกหนามแดง,750310
75110,สมุทรสงคราม,อัมพวา,ยี่สาร,750311
75110,สมุทรสงคราม,อัมพวา,บางนางลี่,750312
76000,เพชรบุรี,เมืองเพชรบุรี,ท่าราบ,760101
76000,เพชรบุรี,เมืองเพชรบุรี,คลองกระแชง,760102
76000,เพชรบุรี,เมืองเพชรบุรี,บางจาน,760103
76000,เพชรบุรี,เมืองเพชรบุรี,นาพันสาม,760104
76000,เพชรบุรี,เมืองเพชรบุรี,ธงชัย,760105
76000,เพชรบุรี,เมืองเพชรบุรี,บ้านกุ่ม,760106
76000,เพชรบุรี,เมืองเพชรบุรี,หนองโสน,760107
76000,เพชรบุรี,เมืองเพชรบุรี,ไร่ส้ม,760108
76000,เพชรบุรี,เมืองเพชรบุรี,เวียงคอย,760109
76000,เพชรบุรี,เมืองเพชรบุรี,บางจาก,760110
76000,เพชรบุรี,เมืองเพชรบุรี,บ้านหม้อ,760111
76000,เพชรบุรี,เมืองเพชรบุรี,ต้นมะม่วง,760112
76000,เพชรบุรี,เมืองเพชรบุรี,ช่องสะแก,760113
76000,เพชรบุรี,เมืองเพชรบุรี,นาวุ้ง,760114
76000,เพชรบุรี,เมืองเพชรบุรี,สำมะโรง,760115
76000,เพชรบุรี,เมืองเพชรบุรี,โพพระ,760116
76100,เพชรบุรี,เมืองเพชรบุรี,หาดเจ้าสำราญ,760117
76000,เพชรบุรี,เมืองเพชรบุรี,หัวสะพาน,760118
76000,เพชรบุรี,เมืองเพชรบุรี,ต้นมะพร้าว,760119
76000,เพชรบุรี,เมืองเพชรบุรี,วังตะโก,760120
76000,เพชรบุรี,เมืองเพชรบุรี,โพไร่หวาน,760121
76000,เพชรบุรี,เมืองเพชรบุรี,ดอนยาง,760122
76000,เพชรบุรี,เมืองเพชรบุรี,หนองขนาน,760123
76000,เพชรบุรี,เมืองเพชรบุรี,หนองพลับ,760124
76140,เพชรบุรี,เขาย้อย,เขาย้อย,760201
76140,เพชรบุรี,เขาย้อย,สระพัง,760202
76140,เพชรบุรี,เขาย้อย,บางเค็ม,760203
76140,เพชรบุรี,เขาย้อย,ทับคาง,760204
76140,เพชรบุรี,เขาย้อย,หนองปลาไหล,760205
76140,เพชรบุรี,เขาย้อย,หนองปรง,760206
76140,เพชรบุรี,เขาย้อย,หนองชุมพล,760207
76140,เพชรบุรี,เขาย้อย,ห้วยโรง,760208
76140,เพชรบุรี,เขาย้อย,ห้วยท่าช้าง,760209
76140,เพชรบุรี,เขาย้อย,หนองชุมพลเหนือ,760210
76160,เพชรบุรี,หนองหญ้าปล้อง,หนองหญ้าปล้อง,760301
76160,เพชรบุรี,หนองหญ้าปล้อง,ยางน้ำกลัดเหนือ,760302
76160,เพชรบุรี,หนองหญ้าปล้อง,ยางน้ำกลัดใต้,760303
76160,เพชรบุรี,หนองหญ้าปล้อง,ท่าตะคร้อ,760304
76120,เพชรบุรี,ชะอำ,ชะอำ,760401
76120,เพชรบุรี,ชะอำ,บางเก่า,760402
76120,เพชรบุรี,ชะอำ,นายาง,760403
76120,เพชรบุรี,ชะอำ,เขาใหญ่,760404
76120,เพชรบุรี,ชะอำ,หนองศาลา,760405
76120,เพชรบุรี,ชะอำ,ห้วยทรายเหนือ,760406
76120,เพชรบุรี,ชะอำ,ไร่ใหม่พัฒนา,760407
76120,เพชรบุรี,ชะอำ,สามพระยา,760408
76120,เพชรบุรี,ชะอำ,ดอนขุนห้วย,760409
76130,เพชรบุรี,ท่ายาง,ท่ายาง,760501
76130,เพชรบุรี,ท่ายาง,ท่าคอย,760502
76130,เพชรบุรี,ท่ายาง,ยางหย่อง,760503
76130,เพชรบุรี,ท่ายาง,หนองจอก,760504
76130,เพชรบุรี,ท่ายาง,มาบปลาเค้า,760505
76130,เพชรบุรี,ท่ายาง,ท่าไม้รวก,760506
76130,เพชรบุรี,ท่ายาง,วังไคร้,760507
76130,เพชรบุรี,ท่ายาง,กลัดหลวง,760511
76130,เพชรบุรี,ท่ายาง,ปึกเตียน,760512
76130,เพชรบุรี,ท่ายาง,เขากระปุก,760513
76130,เพชรบุรี,ท่ายาง,ท่าแลง,760514
76130,เพชรบุรี,ท่ายาง,บ้านในดง,760515
76150,เพชรบุรี,บ้านลาด,บ้านลาด,760601
76150,เพชรบุรี,บ้านลาด,บ้านหาด,760602
76150,เพชรบุรี,บ้านลาด,บ้านทาน,760603
76150,เพชรบุรี,บ้านลาด,ตำหรุ,760604
76150,เพชรบุรี,บ้านลาด,สมอพลือ,760605
76150,เพชรบุรี,บ้านลาด,ไร่มะขาม,760606
76150,เพชรบุรี,บ้านลาด,ท่าเสน,760607
76150,เพชรบุรี,บ้านลาด,หนองกระเจ็ด,760608
76150,เพชรบุรี,บ้านลาด,หนองกะปุ,760609
76150,เพชรบุรี,บ้านลาด,ลาดโพธิ์,760610
76150,เพชรบุรี,บ้านลาด,สะพานไกร,760611
76150,เพชรบุรี,บ้านลาด,ไร่โคก,760612
76150,เพชรบุรี,บ้านลาด,โรงเข้,760613
76150,เพชรบุรี,บ้านลาด,ไร่สะท้อน,760614
76150,เพชรบุรี,บ้านลาด,ห้วยข้อง,760615
76150,เพชรบุรี,บ้านลาด,ท่าช้าง,760616
76150,เพชรบุรี,บ้านลาด,ถ้ำรงค์,760617
76150,เพชรบุรี,บ้านลาด,ห้วยลึก,760618
76110,เพชรบุรี,บ้านแหลม,บ้านแหลม,760701
76110,เพชรบุรี,บ้านแหลม,บางขุนไทร,760702
76110,เพชรบุรี,บ้านแหลม,ปากทะเล,760703
76110,เพชรบุรี,บ้านแหลม,บางแก้ว,760704
76100,เพชรบุรี,บ้านแหลม,แหลมผักเบี้ย,760705
76110,เพชรบุรี,บ้านแหลม,บางตะบูน,760706
76110,เพชรบุรี,บ้านแหลม,บางตะบูนออก,760707
76110,เพชรบุรี,บ้านแหลม,บางครก,760708
76110,เพชรบุรี,บ้านแหลม,ท่าแร้ง,760709
76110,เพชรบุรี,บ้านแหลม,ท่าแร้งออก,760710
76170,เพชรบุรี,แก่งกระจาน,แก่งกระจาน,760801
76170,เพชรบุรี,แก่งกระจาน,สองพี่น้อง,760802
76170,เพชรบุรี,แก่งกระจาน,วังจันทร์,760803
76170,เพชรบุรี,แก่งกระจาน,ป่าเด็ง,760804
76170,เพชรบุรี,แก่งกระจาน,พุสวรรค์,760805
76170,เพชรบุรี,แก่งกระจาน,ห้วยแม่เพรียง,760806
77000,ประจวบคีรีขันธ์,เมืองประจวบคีรีขันธ์,ประจวบคีรีขันธ์,770101
77000,ประจวบคีรีขันธ์,เมืองประจวบคีรีขันธ์,เกาะหลัก,770102
77000,ประจวบคีรีขันธ์,เมืองประจวบคีรีขันธ์,คลองวาฬ,770103
77000,ประจวบคีรีขันธ์,เมืองประจวบคีรีขันธ์,ห้วยทราย,770104
77000,ประจวบคีรีขันธ์,เมืองประจวบคีรีขันธ์,อ่าวน้อย,770105
77210,ประจวบคีรีขันธ์,เมืองประจวบคีรีขันธ์,บ่อนอก,770106
77150,ประจวบคีรีขันธ์,กุยบุรี,กุยบุรี,770201
77150,ประจวบคีรีขันธ์,กุยบุรี,กุยเหนือ,770202
77150,ประจวบคีรีขันธ์,กุยบุรี,เขาแดง,770203
77150,ประจวบคีรีขันธ์,กุยบุรี,ดอนยายหนู,770204
77150,ประจวบคีรีขันธ์,กุยบุรี,สามกระทาย,770206
77150,ประจวบคีรีขันธ์,กุยบุรี,หาดขาม,770207
77130,ประจวบคีรีขันธ์,ทับสะแก,ทับสะแก,770301
77130,ประจวบคีรีขันธ์,ทับสะแก,อ่างทอง,770302
77130,ประจวบคีรีขันธ์,ทับสะแก,นาหูกวาง,770303
77130,ประจวบคีรีขันธ์,ทับสะแก,เขาล้าน,770304
77130,ประจวบคีรีขันธ์,ทับสะแก,ห้วยยาง,770305
77130,ประจวบคีรีขันธ์,ทับสะแก,แสงอรุณ,770306
77140,ประจวบคีรีขันธ์,บางสะพาน,กำเนิดนพคุณ,770401
77140,ประจวบคีรีขันธ์,บางสะพาน,พงศ์ประศาสน์,770402
77230,ประจวบคีรีขันธ์,บางสะพาน,ร่อนทอง,770403
77190,ประจวบคีรีขันธ์,บางสะพาน,ธงชัย,770404
77190,ประจวบคีรีขันธ์,บางสะพาน,ชัยเกษม,770405
77230,ประจวบคีรีขันธ์,บางสะพาน,ทองมงคล,770406
77140,ประจวบคีรีขันธ์,บางสะพาน,แม่รำพึง,770407
77170,ประจวบคีรีขันธ์,บางสะพานน้อย,ปากแพรก,770501
77170,ประจวบคีรีขันธ์,บางสะพานน้อย,บางสะพาน,770502
77170,ประจวบคีรีขันธ์,บางสะพานน้อย,ทรายทอง,770503
77170,ประจวบคีรีขันธ์,บางสะพานน้อย,ช้างแรก,770504
77170,ประจวบคีรีขันธ์,บางสะพานน้อย,ไชยราช,770505
77120,ประจวบคีรีขันธ์,ปราณบุรี,ปราณบุรี,770601
77120,ประจวบคีรีขันธ์,ปราณบุรี,เขาน้อย,770602
77220,ประจวบคีรีขันธ์,ปราณบุรี,ปากน้ำปราณ,770604
77120,ประจวบคีรีขันธ์,ปราณบุรี,หนองตาแต้ม,770607
77120,ประจวบคีรีขันธ์,ปราณบุรี,วังก์พง,770608
77120,ประจวบคีรีขันธ์,ปราณบุรี,เขาจ้าว,770609
77110,ประจวบคีรีขันธ์,หัวหิน,หัวหิน,770701
77110,ประจวบคีรีขันธ์,หัวหิน,หนองแก,770702
77110,ประจวบคีรีขันธ์,หัวหิน,หินเหล็กไฟ,770703
77110,ประจวบคีรีขันธ์,หัวหิน,หนองพลับ,770704
77110,ประจวบคีรีขันธ์,หัวหิน,ทับใต้,770705
77110,ประจวบคีรีขันธ์,หัวหิน,ห้วยสัตว์ใหญ่,770706
77110,ประจวบคีรีขันธ์,หัวหิน,บึงนคร,770707
77120,ประจวบคีรีขันธ์,สามร้อยยอด,สามร้อยยอด,770801
77180,ประจวบคีรีขันธ์,สามร้อยยอด,ศิลาลอย,770802
77180,ประจวบคีรีขันธ์,สามร้อยยอด,ไร่เก่า,770803
77180,ประจวบคีรีขันธ์,สามร้อยยอด,ศาลาลัย,770804
77180,ประจวบคีรีขันธ์,สามร้อยยอด,ไร่ใหม่,770805
80000,นครศรีธรรมราช,เมืองนครศรีธรรมราช,ในเมือง,800101
80000,นครศรีธรรมราช,เมืองนครศรีธรรมราช,ท่าวัง,800102
80000,นครศรีธรรมราช,เมืองนครศรีธรรมราช,คลัง,800103
80000,นครศรีธรรมราช,เมืองนครศรีธรรมราช,ท่าไร่,800106
80000,นครศรีธรรมราช,เมืองนครศรีธรรมราช,ปากนคร,800107
80280,นครศรีธรรมราช,เมืองนครศรีธรรมราช,นาทราย,800108
80280,นครศรีธรรมราช,เมืองนครศรีธรรมราช,กำแพงเซา,800112
80000,นครศรีธรรมราช,เมืองนครศรีธรรมราช,ไชยมนตรี,800113
80000,นครศรีธรรมราช,เมืองนครศรีธรรมราช,มะม่วงสองต้น,800114
80000,นครศรีธรรมราช,เมืองนครศรีธรรมราช,นาเคียน,800115
80280,นครศรีธรรมราช,เมืองนครศรีธรรมราช,ท่างิ้ว,800116
80000,นครศรีธรรมราช,เมืองนครศรีธรรมราช,โพธิ์เสด็จ,800118
80330,นครศรีธรรมราช,เมืองนครศรีธรรมราช,บางจาก,800119
80000,นครศรีธรรมราช,เมืองนครศรีธรรมราช,ปากพูน,800120
80000,นครศรีธรรมราช,เมืองนครศรีธรรมราช,ท่าซัก,800121
80290,นครศรีธรรมราช,เมืองนครศรีธรรมราช,ท่าเรือ,800122
80320,นครศรีธรรมราช,พรหมคีรี,พรหมโลก,800201
80320,นครศรีธรรมราช,พรหมคีรี,บ้านเกาะ,800202
80320,นครศรีธรรมราช,พรหมคีรี,อินคีรี,800203
80320,นครศรีธรรมราช,พรหมคีรี,ทอนหงส์,800204
80320,นครศรีธรรมราช,พรหมคีรี,นาเรียง,800205
80230,นครศรีธรรมราช,ลานสกา,เขาแก้ว,800301
80230,นครศรีธรรมราช,ลานสกา,ลานสกา,800302
80230,นครศรีธรรมราช,ลานสกา,ท่าดี,800303
80230,นครศรีธรรมราช,ลานสกา,กำโลน,800304
80230,นครศรีธรรมราช,ลานสกา,ขุนทะเล,800305
80150,นครศรีธรรมราช,ฉวาง,ฉวาง,800401
80250,นครศรีธรรมราช,ฉวาง,ละอาย,800403
80260,นครศรีธรรมราช,ฉวาง,นาแว,800404
80150,นครศรีธรรมราช,ฉวาง,ไม้เรียง,800405
80260,นครศรีธรรมราช,ฉวาง,กะเปียด,800406
80150,นครศรีธรรมราช,ฉวาง,นากะชะ,800407
80260,นครศรีธรรมราช,ฉวาง,ห้วยปริก,800409
80150,นครศรีธรรมราช,ฉวาง,ไสหร้า,800410
80260,นครศรีธรรมราช,ฉวาง,นาเขลียง,800415
80250,นครศรีธรรมราช,ฉวาง,จันดี,800416
80270,นครศรีธรรมราช,พิปูน,พิปูน,800501
80270,นครศรีธรรมราช,พิปูน,กะทูน,800502
80270,นครศรีธรรมราช,พิปูน,เขาพระ,800503
80270,นครศรีธรรมราช,พิปูน,ยางค้อม,800504
80270,นครศรีธรรมราช,พิปูน,ควนกลาง,800505
80190,นครศรีธรรมราช,เชียรใหญ่,เชียรใหญ่,800601
80190,นครศรีธรรมราช,เชียรใหญ่,ท่าขนาน,800603
80190,นครศรีธรรมราช,เชียรใหญ่,บ้านกลาง,800604
80190,นครศรีธรรมราช,เชียรใหญ่,บ้านเนิน,800605
80190,นครศรีธรรมราช,เชียรใหญ่,ไสหมาก,800606
80190,นครศรีธรรมราช,เชียรใหญ่,ท้องลำเจียก,800607
80190,นครศรีธรรมราช,เชียรใหญ่,เสือหึง,800610
80190,นครศรีธรรมราช,เชียรใหญ่,การะเกด,800611
80190,นครศรีธรรมราช,เชียรใหญ่,เขาพระบาท,800612
80190,นครศรีธรรมราช,เชียรใหญ่,แม่เจ้าอยู่หัว,800613
80180,นครศรีธรรมราช,ชะอวด,ชะอวด,800701
80180,นครศรีธรรมราช,ชะอวด,ท่าเสม็ด,800702
80180,นครศรีธรรมราช,ชะอวด,ท่าประจะ,800703
80180,นครศรีธรรมราช,ชะอวด,เคร็ง,800704
80180,นครศรีธรรมราช,ชะอวด,วังอ่าง,800705
80180,นครศรีธรรมราช,ชะอวด,บ้านตูล,800706
80180,นครศรีธรรมราช,ชะอวด,ขอนหาด,800707
80180,นครศรีธรรมราช,ชะอวด,เกาะขันธ์,800708
80180,นครศรีธรรมราช,ชะอวด,ควนหนองหงษ์,800709
80180,นครศรีธรรมราช,ชะอวด,เขาพระทอง,800710
80180,นครศรีธรรมราช,ชะอวด,นางหลง,800711
80160,นครศรีธรรมราช,ท่าศาลา,ท่าศาลา,800801
80160,นครศรีธรรมราช,ท่าศาลา,กลาย,800802
80160,นครศรีธรรมราช,ท่าศาลา,ท่าขึ้น,800803
80160,นครศรีธรรมราช,ท่าศาลา,หัวตะพาน,800804
80160,นครศรีธรรมราช,ท่าศาลา,สระแก้ว,800806
80160,นครศรีธรรมราช,ท่าศาลา,โมคลาน,800807
80160,นครศรีธรรมราช,ท่าศาลา,ไทยบุรี,800809
80160,นครศรีธรรมราช,ท่าศาลา,ดอนตะโก,800810
80160,นครศรีธรรมราช,ท่าศาลา,ตลิ่งชัน,800811
80160,นครศรีธรรมราช,ท่าศาลา,โพธิ์ทอง,800813
80110,นครศรีธรรมราช,ทุ่งสง,ปากแพรก,800901
80110,นครศรีธรรมราช,ทุ่งสง,ชะมาย,800902
80110,นครศรีธรรมราช,ทุ่งสง,หนองหงส์,800903
80110,นครศรีธรรมราช,ทุ่งสง,ควนกรด,800904
80110,นครศรีธรรมราช,ทุ่งสง,นาไม้ไผ่,800905
80110,นครศรีธรรมราช,ทุ่งสง,นาหลวงเสน,800906
80110,นครศรีธรรมราช,ทุ่งสง,เขาโร,800907
80310,นครศรีธรรมราช,ทุ่งสง,กะปาง,800908
80110,นครศรีธรรมราช,ทุ่งสง,ที่วัง,800909
80110,นครศรีธรรมราช,ทุ่งสง,น้ำตก,800910
80110,นครศรีธรรมราช,ทุ่งสง,ถ้ำใหญ่,800911
80110,นครศรีธรรมราช,ทุ่งสง,นาโพธิ์,800912
80110,นครศรีธรรมราช,ทุ่งสง,เขาขาว,800913
80220,นครศรีธรรมราช,นาบอน,นาบอน,801001
80220,นครศรีธรรมราช,นาบอน,ทุ่งสง,801002
80220,นครศรีธรรมราช,นาบอน,แก้วแสน,801003
80240,นครศรีธรรมราช,ทุ่งใหญ่,ท่ายาง,801101
80240,นครศรีธรรมราช,ทุ่งใหญ่,ทุ่งสัง,801102
80240,นครศรีธรรมราช,ทุ่งใหญ่,ทุ่งใหญ่,801103
80240,นครศรีธรรมราช,ทุ่งใหญ่,กุแหระ,801104
80240,นครศรีธรรมราช,ทุ่งใหญ่,ปริก,801105
80240,นครศรีธรรมราช,ทุ่งใหญ่,บางรูป,801106
80240,นครศรีธรรมราช,ทุ่งใหญ่,กรุงหยัน,801107
80140,นครศรีธรรมราช,ปากพนัง,ปากพนัง,801201
80330,นครศรีธรรมราช,ปากพนัง,คลองน้อย,801202
80140,นครศรีธรรมราช,ปากพนัง,ป่าระกำ,801203
80330,นครศรีธรรมราช,ปากพนัง,ชะเมา,801204
80140,นครศรีธรรมราช,ปากพนัง,คลองกระบือ,801205
80330,นครศรีธรรมราช,ปากพนัง,เกาะทวด,801206
80140,นครศรีธรรมราช,ปากพนัง,บ้านใหม่,801207
80140,นครศรีธรรมราช,ปากพนัง,หูล่อง,801208
80140,นครศรีธรรมราช,ปากพนัง,แหลมตะลุมพุก,801209
80140,นครศรีธรรมราช,ปากพนัง,ปากพนังฝั่งตะวันตก,801210
80140,นครศรีธรรมราช,ปากพนัง,บางศาลา,801211
80140,นครศรีธรรมราช,ปากพนัง,บางพระ,801212
80140,นครศรีธรรมราช,ปากพนัง,บางตะพง,801213
80140,นครศรีธรรมราช,ปากพนัง,ปากพนังฝั่งตะวันออก,801214
80140,นครศรีธรรมราช,ปากพนัง,บ้านเพิง,801215
80140,นครศรีธรรมราช,ปากพนัง,ท่าพยา,801216
80140,นครศรีธรรมราช,ปากพนัง,ปากแพรก,801217
80140,นครศรีธรรมราช,ปากพนัง,ขนาบนาก,801218
80130,นครศรีธรรมราช,ร่อนพิบูลย์,ร่อนพิบูลย์,801301
80350,นครศรีธรรมราช,ร่อนพิบูลย์,หินตก,801302
80350,นครศรีธรรมราช,ร่อนพิบูลย์,เสาธง,801303
80130,นครศรีธรรมราช,ร่อนพิบูลย์,ควนเกย,801304
80130,นครศรีธรรมราช,ร่อนพิบูลย์,ควนพัง,801305
80130,นครศรีธรรมราช,ร่อนพิบูลย์,ควนชุม,801306
80120,นครศรีธรรมราช,สิชล,สิชล,801401
80120,นครศรีธรรมราช,สิชล,ทุ่งปรัง,801402
80120,นครศรีธรรมราช,สิชล,ฉลอง,801403
80340,นครศรีธรรมราช,สิชล,เสาเภา,801404
80120,นครศรีธรรมราช,สิชล,เปลี่ยน,801405
80120,นครศรีธรรมราช,สิชล,สี่ขีด,801406
80340,นครศรีธรรมราช,สิชล,เทพราช,801407
80120,นครศรีธรรมราช,สิชล,เขาน้อย,801408
80120,นครศรีธรรมราช,สิชล,ทุ่งใส,801409
80210,นครศรีธรรมราช,ขนอม,ขนอม,801501
80210,นครศรีธรรมราช,ขนอม,ควนทอง,801502
80210,นครศรีธรรมราช,ขนอม,ท้องเนียน,801503
80170,นครศรีธรรมราช,หัวไทร,หัวไทร,801601
80170,นครศรีธรรมราช,หัวไทร,หน้าสตน,801602
80170,นครศรีธรรมราช,หัวไทร,ทรายขาว,801603
80170,นครศรีธรรมราช,หัวไทร,แหลม,801604
80170,นครศรีธรรมราช,หัวไทร,เขาพังไกร,801605
80170,นครศรีธรรมราช,หัวไทร,บ้านราม,801606
80170,นครศรีธรรมราช,หัวไทร,บางนบ,801607
80170,นครศรีธรรมราช,หัวไทร,ท่าซอม,801608
80170,นครศรีธรรมราช,หัวไทร,ควนชะลิก,801609
80170,นครศรีธรรมราช,หัวไทร,รามแก้ว,801610
80170,นครศรีธรรมราช,หัวไทร,เกาะเพชร,801611
80360,นครศรีธรรมราช,บางขัน,บางขัน,801701
80360,นครศรีธรรมราช,บางขัน,บ้านลำนาว,801702
80360,นครศรีธรรมราช,บางขัน,วังหิน,801703
80360,นครศรีธรรมราช,บางขัน,บ้านนิคม,801704
80260,นครศรีธรรมราช,ถ้ำพรรณรา,ถ้ำพรรณรา,801801
80260,นครศรีธรรมราช,ถ้ำพรรณรา,คลองเส,801802
80260,นครศรีธรรมราช,ถ้ำพรรณรา,ดุสิต,801803
80180,นครศรีธรรมราช,จุฬาภรณ์,บ้านควนมุด,801901
80180,นครศรีธรรมราช,จุฬาภรณ์,บ้านชะอวด,801902
80130,นครศรีธรรมราช,จุฬาภรณ์,ควนหนองคว้า,801903
80130,นครศรีธรรมราช,จุฬาภรณ์,ทุ่งโพธิ์,801904
80130,นครศรีธรรมราช,จุฬาภรณ์,นาหมอบุญ,801905
80130,นครศรีธรรมราช,จุฬาภรณ์,สามตำบล,801906
80000,นครศรีธรรมราช,พระพรหม,นาพรุ,802001
80000,นครศรีธรรมราช,พระพรหม,นาสาร,802002
80000,นครศรีธรรมราช,พระพรหม,ท้ายสำเภา,802003
80000,นครศรีธรรมราช,พระพรหม,ช้างซ้าย,802004
80160,นครศรีธรรมราช,นบพิตำ,นบพิตำ,802101
80160,นครศรีธรรมราช,นบพิตำ,กรุงชิง,802102
80160,นครศรีธรรมราช,นบพิตำ,กะหรอ,802103
80160,นครศรีธรรมราช,นบพิตำ,นาเหรง,802104
80250,นครศรีธรรมราช,ช้างกลาง,ช้างกลาง,802201
80250,นครศรีธรรมราช,ช้างกลาง,หลักช้าง,802202
80250,นครศรีธรรมราช,ช้างกลาง,สวนขัน,802203
80190,นครศรีธรรมราช,เฉลิมพระเกียรติ,เชียรเขา,802301
80290,นครศรีธรรมราช,เฉลิมพระเกียรติ,ดอนตรอ,802302
80190,นครศรีธรรมราช,เฉลิมพระเกียรติ,สวนหลวง,802303
80190,นครศรีธรรมราช,เฉลิมพระเกียรติ,ทางพูน,802304
81000,กระบี่,เมืองกระบี่,ปากน้ำ,810101
81000,กระบี่,เมืองกระบี่,กระบี่ใหญ่,810102
81000,กระบี่,เมืองกระบี่,กระบี่น้อย,810103
81000,กระบี่,เมืองกระบี่,เขาคราม,810105
81000,กระบี่,เมืองกระบี่,เขาทอง,810106
81000,กระบี่,เมืองกระบี่,ทับปริก,810111
81000,กระบี่,เมืองกระบี่,ไสไทย,810115
81000,กระบี่,เมืองกระบี่,อ่าวนาง,810116
81000,กระบี่,เมืองกระบี่,หนองทะเล,810117
81000,กระบี่,เมืองกระบี่,คลองประสงค์,810118
81140,กระบี่,เขาพนม,เขาพนม,810201
81140,กระบี่,เขาพนม,เขาดิน,810202
80240,กระบี่,เขาพนม,สินปุน,810203
81140,กระบี่,เขาพนม,พรุเตียว,810204
81140,กระบี่,เขาพนม,หน้าเขา,810205
80240,กระบี่,เขาพนม,โคกหาร,810206
81150,กระบี่,เกาะลันตา,เกาะลันตาใหญ่,810301
81150,กระบี่,เกาะลันตา,เกาะลันตาน้อย,810302
81120,กระบี่,เกาะลันตา,เกาะกลาง,810303
81120,กระบี่,เกาะลันตา,คลองยาง,810304
81150,กระบี่,เกาะลันตา,ศาลาด่าน,810305
81120,กระบี่,คลองท่อม,คลองท่อมใต้,810401
81120,กระบี่,คลองท่อม,คลองท่อมเหนือ,810402
81170,กระบี่,คลองท่อม,คลองพน,810403
81170,กระบี่,คลองท่อม,ทรายขาว,810404
81120,กระบี่,คลองท่อม,ห้วยน้ำขาว,810405
81120,กระบี่,คลองท่อม,พรุดินนา,810406
81120,กระบี่,คลองท่อม,เพหลา,810407
81110,กระบี่,อ่าวลึก,อ่าวลึกใต้,810501
81110,กระบี่,อ่าวลึก,แหลมสัก,810502
81110,กระบี่,อ่าวลึก,นาเหนือ,810503
81110,กระบี่,อ่าวลึก,คลองหิน,810504
81110,กระบี่,อ่าวลึก,อ่าวลึกน้อย,810505
81110,กระบี่,อ่าวลึก,อ่าวลึกเหนือ,810506
81110,กระบี่,อ่าวลึก,เขาใหญ่,810507
81110,กระบี่,อ่าวลึก,คลองยา,810508
81110,กระบี่,อ่าวลึก,บ้านกลาง,810509
81160,กระบี่,ปลายพระยา,ปลายพระยา,810601
81160,กระบี่,ปลายพระยา,เขาเขน,810602
81160,กระบี่,ปลายพระยา,เขาต่อ,810603
81160,กระบี่,ปลายพระยา,คีรีวง,810604
81120,กระบี่,ลำทับ,ลำทับ,810701
81120,กระบี่,ลำทับ,ดินอุดม,810702
81120,กระบี่,ลำทับ,ทุ่งไทรทอง,810703
81120,กระบี่,ลำทับ,ดินแดง,810704
81130,กระบี่,เหนือคลอง,เหนือคลอง,810801
81130,กระบี่,เหนือคลอง,เกาะศรีบอยา,810802
81130,กระบี่,เหนือคลอง,คลองขนาน,810803
81130,กระบี่,เหนือคลอง,คลองเขม้า,810804
81130,กระบี่,เหนือคลอง,โคกยาง,810805
81130,กระบี่,เหนือคลอง,ตลิ่งชัน,810806
81130,กระบี่,เหนือคลอง,ปกาสัย,810807
81130,กระบี่,เหนือคลอง,ห้วยยูง,810808
82000,พังงา,เมืองพังงา,ท้ายช้าง,820101
82000,พังงา,เมืองพังงา,นบปริง,820102
82000,พังงา,เมืองพังงา,ถ้ำน้ำผุด,820103
82000,พังงา,เมืองพังงา,บางเตย,820104
82000,พังงา,เมืองพังงา,ตากแดด,820105
82000,พังงา,เมืองพังงา,สองแพรก,820106
82000,พังงา,เมืองพังงา,ทุ่งคาโงก,820107
82000,พังงา,เมืองพังงา,เกาะปันหยี,820108
82000,พังงา,เมืองพังงา,ป่ากอ,820109
82160,พังงา,เกาะยาว,เกาะยาวน้อย,820201
82160,พังงา,เกาะยาว,เกาะยาวใหญ่,820202
83000,พังงา,เกาะยาว,พรุใน,820203
82170,พังงา,กะปง,กะปง,820301
82170,พังงา,กะปง,ท่านา,820302
82170,พังงา,กะปง,เหมาะ,820303
82170,พังงา,กะปง,เหล,820304
82170,พังงา,กะปง,รมณีย์,820305
82130,พังงา,ตะกั่วทุ่ง,ถ้ำ,820401
82130,พังงา,ตะกั่วทุ่ง,กระโสม,820402
82130,พังงา,ตะกั่วทุ่ง,กะไหล,820403
82130,พังงา,ตะกั่วทุ่ง,ท่าอยู่,820404
82140,พังงา,ตะกั่วทุ่ง,หล่อยูง,820405
82140,พังงา,ตะกั่วทุ่ง,โคกกลอย,820406
82130,พังงา,ตะกั่วทุ่ง,คลองเคียน,820407
82110,พังงา,ตะกั่วป่า,ตะกั่วป่า,820501
82110,พังงา,ตะกั่วป่า,บางนายสี,820502
82110,พังงา,ตะกั่วป่า,บางไทร,820503
82110,พังงา,ตะกั่วป่า,บางม่วง,820504
82110,พังงา,ตะกั่วป่า,ตำตัว,820505
82110,พังงา,ตะกั่วป่า,โคกเคียน,820506
82190,พังงา,ตะกั่วป่า,คึกคัก,820507
82190,พังงา,ตะกั่วป่า,เกาะคอเขา,820508
82150,พังงา,คุระบุรี,คุระ,820601
82150,พังงา,คุระบุรี,บางวัน,820602
82150,พังงา,คุระบุรี,เกาะพระทอง,820603
82150,พังงา,คุระบุรี,แม่นางขาว,820605
82180,พังงา,ทับปุด,ทับปุด,820701
82180,พังงา,ทับปุด,มะรุ่ย,820702
82180,พังงา,ทับปุด,บ่อแสน,820703
82180,พังงา,ทับปุด,ถ้ำทองหลาง,820704
82180,พังงา,ทับปุด,โคกเจริญ,820705
82180,พังงา,ทับปุด,บางเหรียง,820706
82120,พังงา,ท้ายเหมือง,ท้ายเหมือง,820801
82120,พังงา,ท้ายเหมือง,นาเตย,820802
82120,พังงา,ท้ายเหมือง,บางทอง,820803
82120,พังงา,ท้ายเหมือง,ทุ่งมะพร้าว,820804
82120,พังงา,ท้ายเหมือง,ลำภี,820805
82120,พังงา,ท้ายเหมือง,ลำแก่น,820806
83000,ภูเก็ต,เมืองภูเก็ต,ตลาดใหญ่,830101
83000,ภูเก็ต,เมืองภูเก็ต,ตลาดเหนือ,830102
83000,ภูเก็ต,เมืองภูเก็ต,เกาะแก้ว,830103
83000,ภูเก็ต,เมืองภูเก็ต,รัษฎา,830104
83000,ภูเก็ต,เมืองภูเก็ต,วิชิต,830105
83130,ภูเก็ต,เมืองภูเก็ต,ฉลอง,830106
83130,ภูเก็ต,เมืองภูเก็ต,ราไวย์,830107
83100,ภูเก็ต,เมืองภูเก็ต,กะรน,830108
83120,ภูเก็ต,กะทู้,กะทู้,830201
83150,ภูเก็ต,กะทู้,ป่าตอง,830202
83150,ภูเก็ต,กะทู้,กมลา,830203
83110,ภูเก็ต,ถลาง,เทพกระษัตรี,830301
83110,ภูเก็ต,ถลาง,ศรีสุนทร,830302
83110,ภูเก็ต,ถลาง,เชิงทะเล,830303
83110,ภูเก็ต,ถลาง,ป่าคลอก,830304
83110,ภูเก็ต,ถลาง,ไม้ขาว,830305
83110,ภูเก็ต,ถลาง,สาคู,830306
84000,สุราษฎร์ธานี,เมืองสุราษฎร์ธานี,ตลาด,840101
84000,สุราษฎร์ธานี,เมืองสุราษฎร์ธานี,มะขามเตี้ย,840102
84000,สุราษฎร์ธานี,เมืองสุราษฎร์ธานี,วัดประดู่,840103
84100,สุราษฎร์ธานี,เมืองสุราษฎร์ธานี,ขุนทะเล,840104
84000,สุราษฎร์ธานี,เมืองสุราษฎร์ธานี,บางใบไม้,840105
84000,สุราษฎร์ธานี,เมืองสุราษฎร์ธานี,บางชนะ,840106
84000,สุราษฎร์ธานี,เมืองสุราษฎร์ธานี,คลองน้อย,840107
84000,สุราษฎร์ธานี,เมืองสุราษฎร์ธานี,บางไทร,840108
84000,สุราษฎร์ธานี,เมืองสุราษฎร์ธานี,บางโพธิ์,840109
84000,สุราษฎร์ธานี,เมืองสุราษฎร์ธานี,บางกุ้ง,840110
84000,สุราษฎร์ธานี,เมืองสุราษฎร์ธานี,คลองฉนาก,840111
84290,สุราษฎร์ธานี,กาญจนดิษฐ์,ท่าทองใหม่,840201
84160,สุราษฎร์ธานี,กาญจนดิษฐ์,ท่าทอง,840202
84160,สุราษฎร์ธานี,กาญจนดิษฐ์,กะแดะ,840203
84290,สุราษฎร์ธานี,กาญจนดิษฐ์,ทุ่งกง,840204
84160,สุราษฎร์ธานี,กาญจนดิษฐ์,กรูด,840205
84160,สุราษฎร์ธานี,กาญจนดิษฐ์,ช้างซ้าย,840206
84160,สุราษฎร์ธานี,กาญจนดิษฐ์,พลายวาส,840207
84160,สุราษฎร์ธานี,กาญจนดิษฐ์,ป่าร่อน,840208
84160,สุราษฎร์ธานี,กาญจนดิษฐ์,ตะเคียนทอง,840209
84160,สุราษฎร์ธานี,กาญจนดิษฐ์,ช้างขวา,840210
84160,สุราษฎร์ธานี,กาญจนดิษฐ์,ท่าอุแท,840211
84290,สุราษฎร์ธานี,กาญจนดิษฐ์,ทุ่งรัง,840212
84160,สุราษฎร์ธานี,กาญจนดิษฐ์,คลองสระ,840213
84220,สุราษฎร์ธานี,ดอนสัก,ดอนสัก,840301
84160,สุราษฎร์ธานี,ดอนสัก,ชลคราม,840302
84220,สุราษฎร์ธานี,ดอนสัก,ไชยคราม,840303
84340,สุราษฎร์ธานี,ดอนสัก,ปากแพรก,840304
84140,สุราษฎร์ธานี,เกาะสมุย,อ่างทอง,840401
84140,สุราษฎร์ธานี,เกาะสมุย,ลิปะน้อย,840402
84140,สุราษฎร์ธานี,เกาะสมุย,ตลิ่งงาม,840403
84140,สุราษฎร์ธานี,เกาะสมุย,หน้าเมือง,840404
84310,สุราษฎร์ธานี,เกาะสมุย,มะเร็ต,840405
84320,สุราษฎร์ธานี,เกาะสมุย,บ่อผุด,840406
84330,สุราษฎร์ธานี,เกาะสมุย,แม่น้ำ,840407
84280,สุราษฎร์ธานี,เกาะพะงัน,เกาะพะงัน,840501
84280,สุราษฎร์ธานี,เกาะพะงัน,บ้านใต้,840502
84280,สุราษฎร์ธานี,เกาะพะงัน,เกาะเต่า,840503
84110,สุราษฎร์ธานี,ไชยา,ตลาดไชยา,840601
84110,สุราษฎร์ธานี,ไชยา,พุมเรียง,840602
84110,สุราษฎร์ธานี,ไชยา,เลม็ด,840603
84110,สุราษฎร์ธานี,ไชยา,เวียง,840604
84110,สุราษฎร์ธานี,ไชยา,ทุ่ง,840605
84110,สุราษฎร์ธานี,ไชยา,ป่าเว,840606
84110,สุราษฎร์ธานี,ไชยา,ตะกรบ,840607
84110,สุราษฎร์ธานี,ไชยา,โมถ่าย,840608
84110,สุราษฎร์ธานี,ไชยา,ปากหมาก,840609
84170,สุราษฎร์ธานี,ท่าชนะ,ท่าชนะ,840701
84170,สุราษฎร์ธานี,ท่าชนะ,สมอทอง,840702
84170,สุราษฎร์ธานี,ท่าชนะ,ประสงค์,840703
84170,สุราษฎร์ธานี,ท่าชนะ,คันธุลี,840704
84170,สุราษฎร์ธานี,ท่าชนะ,วัง,840705
84170,สุราษฎร์ธานี,ท่าชนะ,คลองพา,840706
84180,สุราษฎร์ธานี,คีรีรัฐนิคม,ท่าขนอน,840801
84180,สุราษฎร์ธานี,คีรีรัฐนิคม,บ้านยาง,840802
84180,สุราษฎร์ธานี,คีรีรัฐนิคม,น้ำหัก,840803
84180,สุราษฎร์ธานี,คีรีรัฐนิคม,กะเปา,840806
84180,สุราษฎร์ธานี,คีรีรัฐนิคม,ท่ากระดาน,840807
84180,สุราษฎร์ธานี,คีรีรัฐนิคม,ย่านยาว,840808
84180,สุราษฎร์ธานี,คีรีรัฐนิคม,ถ้ำสิงขร,840809
84180,สุราษฎร์ธานี,คีรีรัฐนิคม,บ้านทำเนียบ,840810
84230,สุราษฎร์ธานี,บ้านตาขุน,เขาวง,840901
84230,สุราษฎร์ธานี,บ้านตาขุน,พะแสง,840902
84230,สุราษฎร์ธานี,บ้านตาขุน,พรุไทย,840903
84230,สุราษฎร์ธานี,บ้านตาขุน,เขาพัง,840904
84250,สุราษฎร์ธานี,พนม,พนม,841001
84250,สุราษฎร์ธานี,พนม,ต้นยวน,841002
84250,สุราษฎร์ธานี,พนม,คลองศก,841003
84250,สุราษฎร์ธานี,พนม,พลูเถื่อน,841004
84250,สุราษฎร์ธานี,พนม,พังกาญจน์,841005
84250,สุราษฎร์ธานี,พนม,คลองชะอุ่น,841006
84150,สุราษฎร์ธานี,ท่าฉาง,ท่าฉาง,841101
84150,สุราษฎร์ธานี,ท่าฉาง,ท่าเคย,841102
84150,สุราษฎร์ธานี,ท่าฉาง,คลองไทร,841103
84150,สุราษฎร์ธานี,ท่าฉาง,เขาถ่าน,841104
84150,สุราษฎร์ธานี,ท่าฉาง,เสวียด,841105
84150,สุราษฎร์ธานี,ท่าฉาง,ปากฉลุย,841106
84120,สุราษฎร์ธานี,บ้านนาสาร,นาสาร,841201
84270,สุราษฎร์ธานี,บ้านนาสาร,พรุพี,841202
84120,สุราษฎร์ธานี,บ้านนาสาร,ทุ่งเตา,841203
84120,สุราษฎร์ธานี,บ้านนาสาร,ลำพูน,841204
84120,สุราษฎร์ธานี,บ้านนาสาร,ท่าชี,841205
84270,สุราษฎร์ธานี,บ้านนาสาร,ควนศรี,841206
84120,สุราษฎร์ธานี,บ้านนาสาร,ควนสุบรรณ,841207
84120,สุราษฎร์ธานี,บ้านนาสาร,คลองปราบ,841208
84120,สุราษฎร์ธานี,บ้านนาสาร,น้ำพุ,841209
84120,สุราษฎร์ธานี,บ้านนาสาร,ทุ่งเตาใหม่,841210
84120,สุราษฎร์ธานี,บ้านนาสาร,เพิ่มพูนทรัพย์,841211
84240,สุราษฎร์ธานี,บ้านนาเดิม,บ้านนา,841301
84240,สุราษฎร์ธานี,บ้านนาเดิม,ท่าเรือ,841302
84240,สุราษฎร์ธานี,บ้านนาเดิม,ทรัพย์ทวี,841303
84240,สุราษฎร์ธานี,บ้านนาเดิม,นาใต้,841304
84260,สุราษฎร์ธานี,เคียนซา,เคียนซา,841401
84210,สุราษฎร์ธานี,เคียนซา,พ่วงพรมคร,841402
84260,สุราษฎร์ธานี,เคียนซา,เขาตอก,841403
84260,สุราษฎร์ธานี,เคียนซา,อรัญคามวารี,841404
84260,สุราษฎร์ธานี,เคียนซา,บ้านเสด็จ,841405
84190,สุราษฎร์ธานี,เวียงสระ,เวียงสระ,841501
84190,สุราษฎร์ธานี,เวียงสระ,บ้านส้อง,841502
84190,สุราษฎร์ธานี,เวียงสระ,คลองฉนวน,841503
84190,สุราษฎร์ธานี,เวียงสระ,ทุ่งหลวง,841504
84190,สุราษฎร์ธานี,เวียงสระ,เขานิพันธ์,841505
84210,สุราษฎร์ธานี,พระแสง,อิปัน,841601
84210,สุราษฎร์ธานี,พระแสง,สินปุน,841602
84210,สุราษฎร์ธานี,พระแสง,บางสวรรค์,841603
84210,สุราษฎร์ธานี,พระแสง,ไทรขึง,841604
84210,สุราษฎร์ธานี,พระแสง,สินเจริญ,841605
84210,สุราษฎร์ธานี,พระแสง,ไทรโสภา,841606
84210,สุราษฎร์ธานี,พระแสง,สาคู,841607
84130,สุราษฎร์ธานี,พุนพิน,ท่าข้าม,841701
84130,สุราษฎร์ธานี,พุนพิน,ท่าสะท้อน,841702
84130,สุราษฎร์ธานี,พุนพิน,ลีเล็ด,841703
84130,สุราษฎร์ธานี,พุนพิน,บางมะเดื่อ,841704
84130,สุราษฎร์ธานี,พุนพิน,บางเดือน,841705
84130,สุราษฎร์ธานี,พุนพิน,ท่าโรงช้าง,841706
84130,สุราษฎร์ธานี,พุนพิน,กรูด,841707
84130,สุราษฎร์ธานี,พุนพิน,พุนพิน,841708
84130,สุราษฎร์ธานี,พุนพิน,บางงอน,841709
84130,สุราษฎร์ธานี,พุนพิน,ศรีวิชัย,841710
84130,สุราษฎร์ธานี,พุนพิน,น้ำรอบ,841711
84130,สุราษฎร์ธานี,พุนพิน,มะลวน,841712
84130,สุราษฎร์ธานี,พุนพิน,หัวเตย,841713
84130,สุราษฎร์ธานี,พุนพิน,หนองไทร,841714
84130,สุราษฎร์ธานี,พุนพิน,เขาหัวควาย,841715
84130,สุราษฎร์ธานี,พุนพิน,ตะปาน,841716
84350,สุราษฎร์ธานี,ชัยบุรี,สองแพรก,841801
84350,สุราษฎร์ธานี,ชัยบุรี,ชัยบุรี,841802
84350,สุราษฎร์ธานี,ชัยบุรี,คลองน้อย,841803
84350,สุราษฎร์ธานี,ชัยบุรี,ไทรทอง,841804
84180,สุราษฎร์ธานี,วิภาวดี,ตะกุกใต้,841901
84180,สุราษฎร์ธานี,วิภาวดี,ตะกุกเหนือ,841902
85000,ระนอง,เมืองระนอง,เขานิเวศน์,850101
85000,ระนอง,เมืองระนอง,ราชกรูด,850102
85000,ระนอง,เมืองระนอง,หงาว,850103
85000,ระนอง,เมืองระนอง,บางริ้น,850104
85000,ระนอง,เมืองระนอง,ปากน้ำ,850105
85000,ระนอง,เมืองระนอง,บางนอน,850106
85000,ระนอง,เมืองระนอง,หาดส้มแป้น,850107
85130,ระนอง,เมืองระนอง,ทรายแดง,850108
85000,ระนอง,เมืองระนอง,เกาะพยาม,850109
85130,ระนอง,ละอุ่น,ละอุ่นใต้,850201
85130,ระนอง,ละอุ่น,ละอุ่นเหนือ,850202
85130,ระนอง,ละอุ่น,บางพระใต้,850203
85130,ระนอง,ละอุ่น,บางพระเหนือ,850204
85130,ระนอง,ละอุ่น,บางแก้ว,850205
85130,ระนอง,ละอุ่น,ในวงเหนือ,850206
85130,ระนอง,ละอุ่น,ในวงใต้,850207
85120,ระนอง,กะเปอร์,ม่วงกลวง,850301
85120,ระนอง,กะเปอร์,กะเปอร์,850302
85120,ระนอง,กะเปอร์,เชี่ยวเหลียง,850303
85120,ระนอง,กะเปอร์,บ้านนา,850304
85120,ระนอง,กะเปอร์,บางหิน,850305
85110,ระนอง,กระบุรี,น้ำจืด,850401
85110,ระนอง,กระบุรี,น้ำจืดน้อย,850402
85110,ระนอง,กระบุรี,มะมุ,850403
85110,ระนอง,กระบุรี,ปากจั่น,850404
85110,ระนอง,กระบุรี,ลำเลียง,850405
85110,ระนอง,กระบุรี,จ.ป.ร.,850406
85110,ระนอง,กระบุรี,บางใหญ่,850407
85120,ระนอง,สุขสำราญ,นาคา,850501
85120,ระนอง,สุขสำราญ,กำพวน,850502
86000,ชุมพร,เมืองชุมพร,ท่าตะเภา,860101
86120,ชุมพร,เมืองชุมพร,ปากน้ำ,860102
86000,ชุมพร,เมืองชุมพร,ท่ายาง,860103
86000,ชุมพร,เมืองชุมพร,บางหมาก,860104
86000,ชุมพร,เมืองชุมพร,นาทุ่ง,860105
86000,ชุมพร,เมืองชุมพร,นาชะอัง,860106
86000,ชุมพร,เมืองชุมพร,ตากแดด,860107
86000,ชุมพร,เมืองชุมพร,บางลึก,860108
86000,ชุมพร,เมืองชุมพร,หาดพันไกร,860109
86000,ชุมพร,เมืองชุมพร,วังไผ่,860110
86190,ชุมพร,เมืองชุมพร,วังใหม่,860111
86190,ชุมพร,เมืองชุมพร,บ้านนา,860112
86000,ชุมพร,เมืองชุมพร,ขุนกระทิง,860113
86100,ชุมพร,เมืองชุมพร,ทุ่งคา,860114
86100,ชุมพร,เมืองชุมพร,วิสัยเหนือ,860115
86120,ชุมพร,เมืองชุมพร,หาดทรายรี,860116
86100,ชุมพร,เมืองชุมพร,ถ้ำสิงห์,860117
86140,ชุมพร,ท่าแซะ,ท่าแซะ,860201
86140,ชุมพร,ท่าแซะ,คุริง,860202
86140,ชุมพร,ท่าแซะ,สลุย,860203
86140,ชุมพร,ท่าแซะ,นากระตาม,860204
86190,ชุมพร,ท่าแซะ,รับร่อ,860205
86140,ชุมพร,ท่าแซะ,ท่าข้าม,860206
86140,ชุมพร,ท่าแซะ,หงษ์เจริญ,860207
86190,ชุมพร,ท่าแซะ,หินแก้ว,860208
86140,ชุมพร,ท่าแซะ,ทรัพย์อนันต์,860209
86140,ชุมพร,ท่าแซะ,สองพี่น้อง,860210
86160,ชุมพร,ปะทิว,บางสน,860301
86160,ชุมพร,ปะทิว,ทะเลทรัพย์,860302
86230,ชุมพร,ปะทิว,สะพลี,860303
86160,ชุมพร,ปะทิว,ชุมโค,860304
86210,ชุมพร,ปะทิว,ดอนยาง,860305
86210,ชุมพร,ปะทิว,ปากคลอง,860306
86210,ชุมพร,ปะทิว,เขาไชยราช,860307
86110,ชุมพร,หลังสวน,หลังสวน,860401
86110,ชุมพร,หลังสวน,ขันเงิน,860402
86110,ชุมพร,หลังสวน,ท่ามะพลา,860403
86110,ชุมพร,หลังสวน,นาขา,860404
86110,ชุมพร,หลังสวน,นาพญา,860405
86110,ชุมพร,หลังสวน,บ้านควน,860406
86110,ชุมพร,หลังสวน,บางมะพร้าว,860407
86150,ชุมพร,หลังสวน,บางน้ำจืด,860408
86150,ชุมพร,หลังสวน,ปากน้ำ,860409
86110,ชุมพร,หลังสวน,พ้อแดง,860410
86110,ชุมพร,หลังสวน,แหลมทราย,860411
86110,ชุมพร,หลังสวน,วังตะกอ,860412
86110,ชุมพร,หลังสวน,หาดยาย,860413
86170,ชุมพร,ละแม,ละแม,860501
86170,ชุมพร,ละแม,ทุ่งหลวง,860502
86170,ชุมพร,ละแม,สวนแตง,860503
86170,ชุมพร,ละแม,ทุ่งคาวัด,860504
86180,ชุมพร,พะโต๊ะ,พะโต๊ะ,860601
86180,ชุมพร,พะโต๊ะ,ปากทรง,860602
86180,ชุมพร,พะโต๊ะ,ปังหวาน,860603
86180,ชุมพร,พะโต๊ะ,พระรักษ์,860604
86130,ชุมพร,สวี,นาโพธิ์,860701
86130,ชุมพร,สวี,สวี,860702
86130,ชุมพร,สวี,ทุ่งระยะ,860703
86130,ชุมพร,สวี,ท่าหิน,860704
86130,ชุมพร,สวี,ปากแพรก,860705
86130,ชุมพร,สวี,ด่านสวี,860706
86130,ชุมพร,สวี,ครน,860707
86130,ชุมพร,สวี,วิสัยใต้,860708
86130,ชุมพร,สวี,นาสัก,860709
86130,ชุมพร,สวี,เขาทะลุ,860710
86130,ชุมพร,สวี,เขาค่าย,860711
86220,ชุมพร,ทุ่งตะโก,ปากตะโก,860801
86220,ชุมพร,ทุ่งตะโก,ทุ่งตะไคร,860802
86220,ชุมพร,ทุ่งตะโก,ตะโก,860803
86220,ชุมพร,ทุ่งตะโก,ช่องไม้แก้ว,860804
90000,สงขลา,เมืองสงขลา,บ่อยาง,900101
90000,สงขลา,เมืองสงขลา,เขารูปช้าง,900102
90000,สงขลา,เมืองสงขลา,เกาะแต้ว,900103
90100,สงขลา,เมืองสงขลา,พะวง,900104
90000,สงขลา,เมืองสงขลา,ทุ่งหวัง,900105
90100,สงขลา,เมืองสงขลา,เกาะยอ,900106
90190,สงขลา,สทิงพระ,จะทิ้งพระ,900201
90190,สงขลา,สทิงพระ,กระดังงา,900202
90190,สงขลา,สทิงพระ,สนามชัย,900203
90190,สงขลา,สทิงพระ,ดีหลวง,900204
90190,สงขลา,สทิงพระ,ชุมพล,900205
90190,สงขลา,สทิงพระ,คลองรี,900206
90190,สงขลา,สทิงพระ,คูขุด,900207
90190,สงขลา,สทิงพระ,ท่าหิน,900208
90190,สงขลา,สทิงพระ,วัดจันทร์,900209
90190,สงขลา,สทิงพระ,บ่อแดง,900210
90190,สงขลา,สทิงพระ,บ่อดาน,900211
90130,สงขลา,จะนะ,บ้านนา,900301
90130,สงขลา,จะนะ,ป่าชิง,900302
90130,สงขลา,จะนะ,สะพานไม้แก่น,900303
90130,สงขลา,จะนะ,สะกอม,900304
90130,สงขลา,จะนะ,นาหว้า,900305
90130,สงขลา,จะนะ,นาทับ,900306
90130,สงขลา,จะนะ,น้ำขาว,900307
90130,สงขลา,จะนะ,ขุนตัดหวาย,900308
90130,สงขลา,จะนะ,ท่าหมอไทร,900309
90130,สงขลา,จะนะ,จะโหนง,900310
90130,สงขลา,จะนะ,คู,900311
90130,สงขลา,จะนะ,แค,900312
90130,สงขลา,จะนะ,คลองเปียะ,900313
90130,สงขลา,จะนะ,ตลิ่งชัน,900314
90160,สงขลา,นาทวี,นาทวี,900401
90160,สงขลา,นาทวี,ฉาง,900402
90160,สงขลา,นาทวี,นาหมอศรี,900403
90160,สงขลา,นาทวี,คลองทราย,900404
90160,สงขลา,นาทวี,ปลักหนู,900405
90160,สงขลา,นาทวี,ท่าประดู่,900406
90160,สงขลา,นาทวี,สะท้อน,900407
90160,สงขลา,นาทวี,ทับช้าง,900408
90160,สงขลา,นาทวี,ประกอบ,900409
90160,สงขลา,นาทวี,คลองกวาง,900410
90150,สงขลา,เทพา,เทพา,900501
90150,สงขลา,เทพา,ปากบาง,900502
90150,สงขลา,เทพา,เกาะสะบ้า,900503
90260,สงขลา,เทพา,ลำไพล,900504
90260,สงขลา,เทพา,ท่าม่วง,900505
90260,สงขลา,เทพา,วังใหญ่,900506
90150,สงขลา,เทพา,สะกอม,900507
90210,สงขลา,สะบ้าย้อย,สะบ้าย้อย,900601
90210,สงขลา,สะบ้าย้อย,ทุ่งพอ,900602
90210,สงขลา,สะบ้าย้อย,เปียน,900603
90210,สงขลา,สะบ้าย้อย,บ้านโหนด,900604
90210,สงขลา,สะบ้าย้อย,จะแหน,900605
90210,สงขลา,สะบ้าย้อย,คูหา,900606
90210,สงขลา,สะบ้าย้อย,เขาแดง,900607
90210,สงขลา,สะบ้าย้อย,บาโหย,900608
90210,สงขลา,สะบ้าย้อย,ธารคีรี,900609
90140,สงขลา,ระโนด,ระโนด,900701
90140,สงขลา,ระโนด,คลองแดน,900702
90140,สงขลา,ระโนด,ตะเครียะ,900703
90140,สงขลา,ระโนด,ท่าบอน,900704
90140,สงขลา,ระโนด,บ้านใหม่,900705
90140,สงขลา,ระโนด,บ่อตรุ,900706
90140,สงขลา,ระโนด,ปากแตระ,900707
90140,สงขลา,ระโนด,พังยาง,900708
90140,สงขลา,ระโนด,ระวะ,900709
90140,สงขลา,ระโนด,วัดสน,900710
90140,สงขลา,ระโนด,บ้านขาว,900711
90140,สงขลา,ระโนด,แดนสงวน,900712
90270,สงขลา,กระแสสินธุ์,เกาะใหญ่,900801
90270,สงขลา,กระแสสินธุ์,โรง,900802
90270,สงขลา,กระแสสินธุ์,เชิงแส,900803
90270,สงขลา,กระแสสินธุ์,กระแสสินธุ์,900804
90180,สงขลา,รัตภูมิ,กำแพงเพชร,900901
90180,สงขลา,รัตภูมิ,ท่าชะมวง,900902
90180,สงขลา,รัตภูมิ,คูหาใต้,900903
90180,สงขลา,รัตภูมิ,ควนรู,900904
90180,สงขลา,รัตภูมิ,เขาพระ,900909
90120,สงขลา,สะเดา,สะเดา,901001
90120,สงขลา,สะเดา,ปริก,901002
90170,สงขลา,สะเดา,พังลา,901003
90120,สงขลา,สะเดา,สำนักแต้ว,901004
90240,สงขลา,สะเดา,ทุ่งหมอ,901005
90170,สงขลา,สะเดา,ท่าโพธิ์,901006
90240,สงขลา,สะเดา,ปาดังเบซาร์,901007
90320,สงขลา,สะเดา,สำนักขาม,901008
90170,สงขลา,สะเดา,เขามีเกียรติ,901009
90110,สงขลา,หาดใหญ่,หาดใหญ่,901101
90110,สงขลา,หาดใหญ่,ควนลัง,901102
90110,สงขลา,หาดใหญ่,คูเต่า,901103
90110,สงขลา,หาดใหญ่,คอหงส์,901104
90110,สงขลา,หาดใหญ่,คลองแห,901105
90110,สงขลา,หาดใหญ่,คลองอู่ตะเภา,901107
90110,สงขลา,หาดใหญ่,ฉลุง,901108
90110,สงขลา,หาดใหญ่,ทุ่งใหญ่,901111
90110,สงขลา,หาดใหญ่,ทุ่งตำเสา,901112
90110,สงขลา,หาดใหญ่,ท่าข้าม,901113
90110,สงขลา,หาดใหญ่,น้ำน้อย,901114
90250,สงขลา,หาดใหญ่,บ้านพรุ,901116
90230,สงขลา,หาดใหญ่,พะตง,901118
90310,สงขลา,นาหม่อม,นาหม่อม,901201
90310,สงขลา,นาหม่อม,พิจิตร,901202
90310,สงขลา,นาหม่อม,ทุ่งขมิ้น,901203
90310,สงขลา,นาหม่อม,คลองหรัง,901204
90220,สงขลา,ควนเนียง,รัตภูมิ,901301
90220,สงขลา,ควนเนียง,ควนโส,901302
90220,สงขลา,ควนเนียง,ห้วยลึก,901303
90220,สงขลา,ควนเนียง,บางเหรียง,901304
90110,สงขลา,บางกล่ำ,บางกล่ำ,901401
90110,สงขลา,บางกล่ำ,ท่าช้าง,901402
90110,สงขลา,บางกล่ำ,แม่ทอม,901403
90110,สงขลา,บางกล่ำ,บ้านหาร,901404
90280,สงขลา,สิงหนคร,ชิงโค,901501
90280,สงขลา,สิงหนคร,สทิงหม้อ,901502
90280,สงขลา,สิงหนคร,ทำนบ,901503
90330,สงขลา,สิงหนคร,รำแดง,901504
90330,สงขลา,สิงหนคร,วัดขนุน,901505
90330,สงขลา,สิงหนคร,ชะแล้,901506
90330,สงขลา,สิงหนคร,ปากรอ,901507
90330,สงขลา,สิงหนคร,ป่าขาด,901508
90280,สงขลา,สิงหนคร,หัวเขา,901509
90330,สงขลา,สิงหนคร,บางเขียด,901510
90330,สงขลา,สิงหนคร,ม่วงงาม,901511
90230,สงขลา,คลองหอยโข่ง,คลองหอยโข่ง,901601
90230,สงขลา,คลองหอยโข่ง,ทุ่งลาน,901602
90230,สงขลา,คลองหอยโข่ง,โคกม่วง,901603
90115,สงขลา,คลองหอยโข่ง,คลองหลา,901604
91000,สตูล,เมืองสตูล,พิมาน,910101
91000,สตูล,เมืองสตูล,คลองขุด,910102
91000,สตูล,เมืองสตูล,ควนขัน,910103
91140,สตูล,เมืองสตูล,บ้านควน,910104
91140,สตูล,เมืองสตูล,ฉลุง,910105
91000,สตูล,เมืองสตูล,เกาะสาหร่าย,910106
91000,สตูล,เมืองสตูล,ตันหยงโป,910107
91000,สตูล,เมืองสตูล,เจ๊ะบิลัง,910108
91000,สตูล,เมืองสตูล,ตำมะลัง,910109
91000,สตูล,เมืองสตูล,ปูยู,910110
91140,สตูล,เมืองสตูล,ควนโพธิ์,910111
91140,สตูล,เมืองสตูล,เกตรี,910112
91160,สตูล,ควนโดน,ควนโดน,910201
91160,สตูล,ควนโดน,ควนสตอ,910202
91160,สตูล,ควนโดน,ย่านซื่อ,910203
91160,สตูล,ควนโดน,วังประจัน,910204
91130,สตูล,ควนกาหลง,ทุ่งนุ้ย,910301
91130,สตูล,ควนกาหลง,ควนกาหลง,910302
91130,สตูล,ควนกาหลง,อุใดเจริญ,910303
91150,สตูล,ท่าแพ,ท่าแพ,910401
91150,สตูล,ท่าแพ,แป-ระ,910402
91150,สตูล,ท่าแพ,สาคร,910403
91150,สตูล,ท่าแพ,ท่าเรือ,910404
91110,สตูล,ละงู,กำแพง,910501
91110,สตูล,ละงู,ละงู,910502
91110,สตูล,ละงู,เขาขาว,910503
91110,สตูล,ละงู,ปากน้ำ,910504
91110,สตูล,ละงู,น้ำผุด,910505
91110,สตูล,ละงู,แหลมสน,910506
91120,สตูล,ทุ่งหว้า,ทุ่งหว้า,910601
91120,สตูล,ทุ่งหว้า,นาทอน,910602
91120,สตูล,ทุ่งหว้า,ขอนคลาน,910603
91120,สตูล,ทุ่งหว้า,ทุ่งบุหลัง,910604
91120,สตูล,ทุ่งหว้า,ป่าแก่บ่อหิน,910605
91130,สตูล,มะนัง,ปาล์มพัฒนา,910701
91130,สตูล,มะนัง,นิคมพัฒนา,910702
92000,ตรัง,เมืองตรัง,ทับเที่ยง,920101
92000,ตรัง,เมืองตรัง,นาพละ,920104
92000,ตรัง,เมืองตรัง,บ้านควน,920105
92000,ตรัง,เมืองตรัง,นาบินหลา,920106
92000,ตรัง,เมืองตรัง,ควนปริง,920107
92170,ตรัง,เมืองตรัง,นาโยงใต้,920108
92000,ตรัง,เมืองตรัง,บางรัก,920109
92000,ตรัง,เมืองตรัง,โคกหล่อ,920110
92000,ตรัง,เมืองตรัง,นาโต๊ะหมิง,920113
92000,ตรัง,เมืองตรัง,หนองตรุด,920114
92000,ตรัง,เมืองตรัง,น้ำผุด,920115
92000,ตรัง,เมืองตรัง,นาตาล่วง,920117
92000,ตรัง,เมืองตรัง,บ้านโพธิ์,920118
92190,ตรัง,เมืองตรัง,นาท่ามเหนือ,920119
92190,ตรัง,เมืองตรัง,นาท่ามใต้,920120
92110,ตรัง,กันตัง,กันตัง,920201
92110,ตรัง,กันตัง,ควนธานี,920202
92110,ตรัง,กันตัง,บางหมาก,920203
92110,ตรัง,กันตัง,บางเป้า,920204
92110,ตรัง,กันตัง,วังวน,920205
92110,ตรัง,กันตัง,กันตังใต้,920206
92110,ตรัง,กันตัง,โคกยาง,920207
92110,ตรัง,กันตัง,คลองลุ,920208
92110,ตรัง,กันตัง,ย่านซื่อ,920209
92110,ตรัง,กันตัง,บ่อน้ำร้อน,920210
92110,ตรัง,กันตัง,บางสัก,920211
92110,ตรัง,กันตัง,นาเกลือ,920212
92110,ตรัง,กันตัง,เกาะลิบง,920213
92110,ตรัง,กันตัง,คลองชีล้อม,920214
92140,ตรัง,ย่านตาขาว,ย่านตาขาว,920301
92140,ตรัง,ย่านตาขาว,หนองบ่อ,920302
92140,ตรัง,ย่านตาขาว,นาชุมเห็ด,920303
92140,ตรัง,ย่านตาขาว,ในควน,920304
92140,ตรัง,ย่านตาขาว,โพรงจระเข้,920305
92140,ตรัง,ย่านตาขาว,ทุ่งกระบือ,920306
92140,ตรัง,ย่านตาขาว,ทุ่งค่าย,920307
92140,ตรัง,ย่านตาขาว,เกาะเปียะ,920308
92120,ตรัง,ปะเหลียน,ท่าข้าม,920401
92180,ตรัง,ปะเหลียน,ทุ่งยาว,920402
92180,ตรัง,ปะเหลียน,ปะเหลียน,920403
92140,ตรัง,ปะเหลียน,บางด้วน,920404
92140,ตรัง,ปะเหลียน,บ้านนา,920407
92120,ตรัง,ปะเหลียน,สุโสะ,920409
92180,ตรัง,ปะเหลียน,ลิพัง,920410
92120,ตรัง,ปะเหลียน,เกาะสุกร,920411
92140,ตรัง,ปะเหลียน,ท่าพญา,920412
92180,ตรัง,ปะเหลียน,แหลมสอม,920413
92150,ตรัง,สิเกา,บ่อหิน,920501
92150,ตรัง,สิเกา,เขาไม้แก้ว,920502
92150,ตรัง,สิเกา,กะลาเส,920503
92150,ตรัง,สิเกา,ไม้ฝาด,920504
92000,ตรัง,สิเกา,นาเมืองเพชร,920505
92130,ตรัง,ห้วยยอด,ห้วยยอด,920601
92130,ตรัง,ห้วยยอด,หนองช้างแล่น,920602
92210,ตรัง,ห้วยยอด,บางดี,920605
92210,ตรัง,ห้วยยอด,บางกุ้ง,920606
92130,ตรัง,ห้วยยอด,เขากอบ,920607
92130,ตรัง,ห้วยยอด,เขาขาว,920608
92130,ตรัง,ห้วยยอด,เขาปูน,920609
92190,ตรัง,ห้วยยอด,ปากแจ่ม,920610
92130,ตรัง,ห้วยยอด,ปากคม,920611
92130,ตรัง,ห้วยยอด,ท่างิ้ว,920614
92190,ตรัง,ห้วยยอด,ลำภูรา,920615
92210,ตรัง,ห้วยยอด,นาวง,920616
92130,ตรัง,ห้วยยอด,ห้วยนาง,920617
92130,ตรัง,ห้วยยอด,ในเตา,920619
92130,ตรัง,ห้วยยอด,ทุ่งต่อ,920620
92210,ตรัง,ห้วยยอด,วังคีรี,920621
92220,ตรัง,วังวิเศษ,เขาวิเศษ,920701
92220,ตรัง,วังวิเศษ,วังมะปราง,920702
92220,ตรัง,วังวิเศษ,อ่าวตง,920703
92000,ตรัง,วังวิเศษ,ท่าสะบ้า,920704
92220,ตรัง,วังวิเศษ,วังมะปรางเหนือ,920705
92170,ตรัง,นาโยง,นาโยงเหนือ,920801
92170,ตรัง,นาโยง,ช่อง,920802
92170,ตรัง,นาโยง,ละมอ,920803
92170,ตรัง,นาโยง,โคกสะบ้า,920804
92170,ตรัง,นาโยง,นาหมื่นศรี,920805
92170,ตรัง,นาโยง,นาข้าวเสีย,920806
92160,ตรัง,รัษฎา,ควนเมา,920901
92160,ตรัง,รัษฎา,คลองปาง,920902
92160,ตรัง,รัษฎา,หนองบัว,920903
92130,ตรัง,รัษฎา,หนองปรือ,920904
92160,ตรัง,รัษฎา,เขาไพร,920905
92120,ตรัง,หาดสำราญ,หาดสำราญ,921001
92120,ตรัง,หาดสำราญ,บ้าหวี,921002
92120,ตรัง,หาดสำราญ,ตะเสะ,921003
93000,พัทลุง,เมืองพัทลุง,คูหาสวรรค์,930101
93000,พัทลุง,เมืองพัทลุง,เขาเจียก,930103
93000,พัทลุง,เมืองพัทลุง,ท่ามิหรำ,930104
93000,พัทลุง,เมืองพัทลุง,โคกชะงาย,930105
93000,พัทลุง,เมืองพัทลุง,นาท่อม,930106
93000,พัทลุง,เมืองพัทลุง,ปรางหมู่,930107
93000,พัทลุง,เมืองพัทลุง,ท่าแค,930108
93000,พัทลุง,เมืองพัทลุง,ลำปำ,930109
93000,พัทลุง,เมืองพัทลุง,ตำนาน,930110
93000,พัทลุง,เมืองพัทลุง,ควนมะพร้าว,930111
93000,พัทลุง,เมืองพัทลุง,ร่มเมือง,930112
93000,พัทลุง,เมืองพัทลุง,ชัยบุรี,930113
93000,พัทลุง,เมืองพัทลุง,นาโหนด,930114
93000,พัทลุง,เมืองพัทลุง,พญาขัน,930115
93180,พัทลุง,กงหรา,กงหรา,930201
93000,พัทลุง,กงหรา,ชะรัด,930202
93180,พัทลุง,กงหรา,คลองเฉลิม,930203
93180,พัทลุง,กงหรา,คลองทรายขาว,930204
93000,พัทลุง,กงหรา,สมหวัง,930205
93130,พัทลุง,เขาชัยสน,เขาชัยสน,930301
93130,พัทลุง,เขาชัยสน,ควนขนุน,930302
93130,พัทลุง,เขาชัยสน,จองถนน,930305
93130,พัทลุง,เขาชัยสน,หานโพธิ์,930306
93130,พัทลุง,เขาชัยสน,โคกม่วง,930307
93160,พัทลุง,ตะโหมด,แม่ขรี,930401
93160,พัทลุง,ตะโหมด,ตะโหมด,930402
93160,พัทลุง,ตะโหมด,คลองใหญ่,930403
93110,พัทลุง,ควนขนุน,ควนขนุน,930501
93150,พัทลุง,ควนขนุน,ทะเลน้อย,930502
93110,พัทลุง,ควนขนุน,นาขยาด,930504
93110,พัทลุง,ควนขนุน,พนมวังก์,930505
93110,พัทลุง,ควนขนุน,แหลมโตนด,930506
93110,พัทลุง,ควนขนุน,ปันแต,930508
93110,พัทลุง,ควนขนุน,โตนดด้วน,930509
93110,พัทลุง,ควนขนุน,ดอนทราย,930510
93150,พัทลุง,ควนขนุน,มะกอกเหนือ,930511
93150,พัทลุง,ควนขนุน,พนางตุง,930512
93110,พัทลุง,ควนขนุน,ชะมวง,930513
93110,พัทลุง,ควนขนุน,แพรกหา,930516
93120,พัทลุง,ปากพะยูน,ปากพะยูน,930601
93120,พัทลุง,ปากพะยูน,ดอนประดู่,930602
93120,พัทลุง,ปากพะยูน,เกาะนางคำ,930603
93120,พัทลุง,ปากพะยูน,เกาะหมาก,930604
93120,พัทลุง,ปากพะยูน,ฝาละมี,930605
93120,พัทลุง,ปากพะยูน,หารเทา,930606
93120,พัทลุง,ปากพะยูน,ดอนทราย,930607
93190,พัทลุง,ศรีบรรพต,เขาย่า,930701
93190,พัทลุง,ศรีบรรพต,เขาปู่,930702
93190,พัทลุง,ศรีบรรพต,ตะแพน,930703
93170,พัทลุง,ป่าบอน,ป่าบอน,930801
93170,พัทลุง,ป่าบอน,โคกทราย,930802
93170,พัทลุง,ป่าบอน,หนองธง,930803
93170,พัทลุง,ป่าบอน,ทุ่งนารี,930804
93170,พัทลุง,ป่าบอน,วังใหม่,930806
93140,พัทลุง,บางแก้ว,ท่ามะเดื่อ,930901
93140,พัทลุง,บางแก้ว,นาปะขอ,930902
93140,พัทลุง,บางแก้ว,โคกสัก,930903
93110,พัทลุง,ป่าพะยอม,ป่าพะยอม,931001
93110,พัทลุง,ป่าพะยอม,ลานข่อย,931002
93110,พัทลุง,ป่าพะยอม,เกาะเต่า,931003
93110,พัทลุง,ป่าพะยอม,บ้านพร้าว,931004
93000,พัทลุง,ศรีนครินทร์,ชุมพล,931101
93000,พัทลุง,ศรีนครินทร์,บ้านนา,931102
93000,พัทลุง,ศรีนครินทร์,อ่างทอง,931103
93000,พัทลุง,ศรีนครินทร์,ลำสินธุ์,931104
94000,ปัตตานี,เมืองปัตตานี,สะบารัง,940101
94000,ปัตตานี,เมืองปัตตานี,อาเนาะรู,940102
94000,ปัตตานี,เมืองปัตตานี,จะบังติกอ,940103
94000,ปัตตานี,เมืองปัตตานี,บานา,940104
94000,ปัตตานี,เมืองปัตตานี,ตันหยงลุโละ,940105
94000,ปัตตานี,เมืองปัตตานี,คลองมานิง,940106
94000,ปัตตานี,เมืองปัตตานี,กะมิยอ,940107
94000,ปัตตานี,เมืองปัตตานี,บาราโหม,940108
94000,ปัตตานี,เมืองปัตตานี,ปะกาฮะรัง,940109
94000,ปัตตานี,เมืองปัตตานี,รูสะมิแล,940110
94000,ปัตตานี,เมืองปัตตานี,ตะลุโบะ,940111
94000,ปัตตานี,เมืองปัตตานี,บาราเฮาะ,940112
94000,ปัตตานี,เมืองปัตตานี,ปุยุด,940113
94120,ปัตตานี,โคกโพธิ์,โคกโพธิ์,940201
94120,ปัตตานี,โคกโพธิ์,มะกรูด,940202
94120,ปัตตานี,โคกโพธิ์,บางโกระ,940203
94120,ปัตตานี,โคกโพธิ์,ป่าบอน,940204
94120,ปัตตานี,โคกโพธิ์,ทรายขาว,940205
94180,ปัตตานี,โคกโพธิ์,นาประดู่,940206
94180,ปัตตานี,โคกโพธิ์,ปากล่อ,940207
94180,ปัตตานี,โคกโพธิ์,ทุ่งพลา,940208
94120,ปัตตานี,โคกโพธิ์,ท่าเรือ,940211
94120,ปัตตานี,โคกโพธิ์,นาเกตุ,940213
94180,ปัตตานี,โคกโพธิ์,ควนโนรี,940214
94120,ปัตตานี,โคกโพธิ์,ช้างให้ตก,940215
94170,ปัตตานี,หนองจิก,เกาะเปาะ,940301
94170,ปัตตานี,หนองจิก,คอลอตันหยง,940302
94170,ปัตตานี,หนองจิก,ดอนรัก,940303
94170,ปัตตานี,หนองจิก,ดาโต๊ะ,940304
94170,ปัตตานี,หนองจิก,ตุยง,940305
94170,ปัตตานี,หนองจิก,ท่ากำชำ,940306
94170,ปัตตานี,หนองจิก,บ่อทอง,940307
94170,ปัตตานี,หนองจิก,บางเขา,940308
94170,ปัตตานี,หนองจิก,บางตาวา,940309
94170,ปัตตานี,หนองจิก,ปุโละปุโย,940310
94170,ปัตตานี,หนองจิก,ยาบี,940311
94170,ปัตตานี,หนองจิก,ลิปะสะโง,940312
94130,ปัตตานี,ปะนาเระ,ปะนาเระ,940401
94130,ปัตตานี,ปะนาเระ,ท่าข้าม,940402
94130,ปัตตานี,ปะนาเระ,บ้านนอก,940403
94130,ปัตตานี,ปะนาเระ,ดอน,940404
94190,ปัตตานี,ปะนาเระ,ควน,940405
94130,ปัตตานี,ปะนาเระ,ท่าน้ำ,940406
94130,ปัตตานี,ปะนาเระ,คอกกระบือ,940407
94130,ปัตตานี,ปะนาเระ,พ่อมิ่ง,940408
94130,ปัตตานี,ปะนาเระ,บ้านกลาง,940409
94130,ปัตตานี,ปะนาเระ,บ้านน้ำบ่อ,940410
94140,ปัตตานี,มายอ,มายอ,940501
94140,ปัตตานี,มายอ,ถนน,940502
94140,ปัตตานี,มายอ,ตรัง,940503
94140,ปัตตานี,มายอ,กระหวะ,940504
94140,ปัตตานี,มายอ,ลุโบะยิไร,940505
94190,ปัตตานี,มายอ,ลางา,940506
94140,ปัตตานี,มายอ,กระเสาะ,940507
94140,ปัตตานี,มายอ,เกาะจัน,940508
94140,ปัตตานี,มายอ,ปะโด,940509
94140,ปัตตานี,มายอ,สาคอบน,940510
94140,ปัตตานี,มายอ,สาคอใต้,940511
94140,ปัตตานี,มายอ,สะกำ,940512
94140,ปัตตานี,มายอ,ปานัน,940513
94140,ปัตตานี,ทุ่งยางแดง,ตะโละแมะนา,940601
94140,ปัตตานี,ทุ่งยางแดง,พิเทน,940602
94140,ปัตตานี,ทุ่งยางแดง,น้ำดำ,940603
94140,ปัตตานี,ทุ่งยางแดง,ปากู,940604
94110,ปัตตานี,สายบุรี,ตะลุบัน,940701
94110,ปัตตานี,สายบุรี,ตะบิ้ง,940702
94110,ปัตตานี,สายบุรี,ปะเสยะวอ,940703
94110,ปัตตานี,สายบุรี,บางเก่า,940704
94110,ปัตตานี,สายบุรี,บือเระ,940705
94110,ปัตตานี,สายบุรี,เตราะบอน,940706
94110,ปัตตานี,สายบุรี,กะดุนง,940707
94110,ปัตตานี,สายบุรี,ละหาร,940708
94110,ปัตตานี,สายบุรี,มะนังดาลำ,940709
94110,ปัตตานี,สายบุรี,แป้น,940710
94190,ปัตตานี,สายบุรี,ทุ่งคล้า,940711
94220,ปัตตานี,ไม้แก่น,ไทรทอง,940801
94220,ปัตตานี,ไม้แก่น,ไม้แก่น,940802
94220,ปัตตานี,ไม้แก่น,ตะโละไกรทอง,940803
94220,ปัตตานี,ไม้แก่น,ดอนทราย,940804
94150,ปัตตานี,ยะหริ่ง,ตะโละ,940901
94150,ปัตตานี,ยะหริ่ง,ตะโละกาโปร์,940902
94150,ปัตตานี,ยะหริ่ง,ตันหยงดาลอ,940903
94190,ปัตตานี,ยะหริ่ง,ตันหยงจึงงา,940904
94150,ปัตตานี,ยะหริ่ง,ตอหลัง,940905
94150,ปัตตานี,ยะหริ่ง,ตาแกะ,940906
94150,ปัตตานี,ยะหริ่ง,ตาลีอายร์,940907
94150,ปัตตานี,ยะหริ่ง,ยามู,940908
94150,ปัตตานี,ยะหริ่ง,บางปู,940909
94150,ปัตตานี,ยะหริ่ง,หนองแรต,940910
94150,ปัตตานี,ยะหริ่ง,ปิยามุมัง,940911
94150,ปัตตานี,ยะหริ่ง,ปุลากง,940912
94190,ปัตตานี,ยะหริ่ง,บาโลย,940913
94150,ปัตตานี,ยะหริ่ง,สาบัน,940914
94150,ปัตตานี,ยะหริ่ง,มะนังยง,940915
94150,ปัตตานี,ยะหริ่ง,ราตาปันยัง,940916
94150,ปัตตานี,ยะหริ่ง,จะรัง,940917
94150,ปัตตานี,ยะหริ่ง,แหลมโพธิ์,940918
94160,ปัตตานี,ยะรัง,ยะรัง,941001
94160,ปัตตานี,ยะรัง,สะดาวา,941002
94160,ปัตตานี,ยะรัง,ประจัน,941003
94160,ปัตตานี,ยะรัง,สะนอ,941004
94160,ปัตตานี,ยะรัง,ระแว้ง,941005
94160,ปัตตานี,ยะรัง,ปิตูมุดี,941006
94160,ปัตตานี,ยะรัง,วัด,941007
94160,ปัตตานี,ยะรัง,กระโด,941008
94160,ปัตตานี,ยะรัง,คลองใหม่,941009
94160,ปัตตานี,ยะรัง,เมาะมาวี,941010
94160,ปัตตานี,ยะรัง,กอลำ,941011
94160,ปัตตานี,ยะรัง,เขาตูม,941012
94230,ปัตตานี,กะพ้อ,กะรุบี,941101
94230,ปัตตานี,กะพ้อ,ตะโละดือรามัน,941102
94230,ปัตตานี,กะพ้อ,ปล่องหอย,941103
94180,ปัตตานี,แม่ลาน,แม่ลาน,941201
94180,ปัตตานี,แม่ลาน,ม่วงเตี้ย,941202
94180,ปัตตานี,แม่ลาน,ป่าไร่,941203
95000,ยะลา,เมืองยะลา,สะเตง,950101
95000,ยะลา,เมืองยะลา,บุดี,950102
95000,ยะลา,เมืองยะลา,ยุโป,950103
95160,ยะลา,เมืองยะลา,ลิดล,950104
95000,ยะลา,เมืองยะลา,ยะลา,950106
95000,ยะลา,เมืองยะลา,ท่าสาป,950108
95160,ยะลา,เมืองยะลา,ลำใหม่,950109
95000,ยะลา,เมืองยะลา,หน้าถ้ำ,950110
95160,ยะลา,เมืองยะลา,ลำพะยา,950111
95000,ยะลา,เมืองยะลา,เปาะเส้ง,950112
95160,ยะลา,เมืองยะลา,พร่อน,950114
95000,ยะลา,เมืองยะลา,บันนังสาเรง,950115
95000,ยะลา,เมืองยะลา,สะเตงนอก,950116
95000,ยะลา,เมืองยะลา,ตาเซะ,950118
95110,ยะลา,เบตง,เบตง,950201
95110,ยะลา,เบตง,ยะรม,950202
95110,ยะลา,เบตง,ตาเนาะแมเราะ,950203
95110,ยะลา,เบตง,อัยเยอร์เวง,950204
95110,ยะลา,เบตง,ธารน้ำทิพย์,950205
95130,ยะลา,บันนังสตา,บันนังสตา,950301
95130,ยะลา,บันนังสตา,บาเจาะ,950302
95130,ยะลา,บันนังสตา,ตาเนาะปูเต๊ะ,950303
95130,ยะลา,บันนังสตา,ถ้ำทะลุ,950304
95130,ยะลา,บันนังสตา,ตลิ่งชัน,950305
95130,ยะลา,บันนังสตา,เขื่อนบางลาง,950306
95150,ยะลา,ธารโต,ธารโต,950401
95150,ยะลา,ธารโต,บ้านแหร,950402
95170,ยะลา,ธารโต,แม่หวาด,950403
95150,ยะลา,ธารโต,คีรีเขต,950404
95120,ยะลา,ยะหา,ยะหา,950501
95120,ยะลา,ยะหา,ละแอ,950502
95120,ยะลา,ยะหา,ปะแต,950503
95120,ยะลา,ยะหา,บาโร๊ะ,950504
95120,ยะลา,ยะหา,ตาชี,950506
95120,ยะลา,ยะหา,บาโงยซิแน,950507
95120,ยะลา,ยะหา,กาตอง,950508
95140,ยะลา,รามัน,กายูบอเกาะ,950601
95140,ยะลา,รามัน,กาลูปัง,950602
95140,ยะลา,รามัน,กาลอ,950603
95140,ยะลา,รามัน,กอตอตือร๊ะ,950604
95140,ยะลา,รามัน,โกตาบารู,950605
95140,ยะลา,รามัน,เกะรอ,950606
95140,ยะลา,รามัน,จะกว๊ะ,950607
95140,ยะลา,รามัน,ท่าธง,950608
95140,ยะลา,รามัน,เนินงาม,950609
95140,ยะลา,รามัน,บาลอ,950610
95140,ยะลา,รามัน,บาโงย,950611
95140,ยะลา,รามัน,บือมัง,950612
95140,ยะลา,รามัน,ยะต๊ะ,950613
95140,ยะลา,รามัน,วังพญา,950614
95140,ยะลา,รามัน,อาซ่อง,950615
95140,ยะลา,รามัน,ตะโล๊ะหะลอ,950616
95120,ยะลา,กาบัง,กาบัง,950701
95120,ยะลา,กาบัง,บาละ,950702
95000,ยะลา,กรงปินัง,กรงปินัง,950801
95000,ยะลา,กรงปินัง,สะเอะ,950802
95000,ยะลา,กรงปินัง,ห้วยกระทิง,950803
95000,ยะลา,กรงปินัง,ปุโรง,950804
96000,นราธิวาส,เมืองนราธิวาส,บางนาค,960101
96000,นราธิวาส,เมืองนราธิวาส,ลำภู,960102
96000,นราธิวาส,เมืองนราธิวาส,มะนังตายอ,960103
96000,นราธิวาส,เมืองนราธิวาส,บางปอ,960104
96000,นราธิวาส,เมืองนราธิวาส,กะลุวอ,960105
96000,นราธิวาส,เมืองนราธิวาส,กะลุวอเหนือ,960106
96000,นราธิวาส,เมืองนราธิวาส,โคกเคียน,960107
96110,นราธิวาส,ตากใบ,เจ๊ะเห,960201
96110,นราธิวาส,ตากใบ,ไพรวัน,960202
96110,นราธิวาส,ตากใบ,พร่อน,960203
96110,นราธิวาส,ตากใบ,ศาลาใหม่,960204
96110,นราธิวาส,ตากใบ,บางขุนทอง,960205
96110,นราธิวาส,ตากใบ,เกาะสะท้อน,960206
96110,นราธิวาส,ตากใบ,นานาค,960207
96110,นราธิวาส,ตากใบ,โฆษิต,960208
96170,นราธิวาส,บาเจาะ,บาเจาะ,960301
96170,นราธิวาส,บาเจาะ,ลุโบะสาวอ,960302
96170,นราธิวาส,บาเจาะ,กาเยาะมาตี,960303
96170,นราธิวาส,บาเจาะ,ปะลุกาสาเมาะ,960304
96170,นราธิวาส,บาเจาะ,บาเระเหนือ,960305
96170,นราธิวาส,บาเจาะ,บาเระใต้,960306
96180,นราธิวาส,ยี่งอ,ยี่งอ,960401
96180,นราธิวาส,ยี่งอ,ละหาร,960402
96180,นราธิวาส,ยี่งอ,จอเบาะ,960403
96180,นราธิวาส,ยี่งอ,ลุโบะบายะ,960404
96180,นราธิวาส,ยี่งอ,ลุโบะบือซา,960405
96180,นราธิวาส,ยี่งอ,ตะปอเยาะ,960406
96130,นราธิวาส,ระแงะ,ตันหยงมัส,960501
96130,นราธิวาส,ระแงะ,ตันหยงลิมอ,960502
96220,นราธิวาส,ระแงะ,บองอ,960506
96130,นราธิวาส,ระแงะ,กาลิซา,960507
96130,นราธิวาส,ระแงะ,บาโงสะโต,960508
96130,นราธิวาส,ระแงะ,เฉลิม,960509
96130,นราธิวาส,ระแงะ,มะรือโบตก,960510
96150,นราธิวาส,รือเสาะ,รือเสาะ,960601
96150,นราธิวาส,รือเสาะ,สาวอ,960602
96150,นราธิวาส,รือเสาะ,เรียง,960603
96150,นราธิวาส,รือเสาะ,สามัคคี,960604
96150,นราธิวาส,รือเสาะ,บาตง,960605
96150,นราธิวาส,รือเสาะ,ลาโละ,960606
96150,นราธิวาส,รือเสาะ,รือเสาะออก,960607
96150,นราธิวาส,รือเสาะ,โคกสะตอ,960608
96150,นราธิวาส,รือเสาะ,สุวารี,960609
96210,นราธิวาส,ศรีสาคร,ซากอ,960701
96210,นราธิวาส,ศรีสาคร,ตะมะยูง,960702
96210,นราธิวาส,ศรีสาคร,ศรีสาคร,960703
96210,นราธิวาส,ศรีสาคร,เชิงคีรี,960704
96210,นราธิวาส,ศรีสาคร,กาหลง,960705
96210,นราธิวาส,ศรีสาคร,ศรีบรรพต,960706
96160,นราธิวาส,แว้ง,แว้ง,960801
96160,นราธิวาส,แว้ง,กายูคละ,960802
96160,นราธิวาส,แว้ง,ฆอเลาะ,960803
96160,นราธิวาส,แว้ง,โละจูด,960804
96160,นราธิวาส,แว้ง,แม่ดง,960805
96160,นราธิวาส,แว้ง,เอราวัณ,960806
96190,นราธิวาส,สุคิริน,มาโมง,960901
96190,นราธิวาส,สุคิริน,สุคิริน,960902
96190,นราธิวาส,สุคิริน,เกียร์,960903
96190,นราธิวาส,สุคิริน,ภูเขาทอง,960904
96190,นราธิวาส,สุคิริน,ร่มไทร,960905
96120,นราธิวาส,สุไหงโก-ลก,สุไหงโก-ลก,961001
96120,นราธิวาส,สุไหงโก-ลก,ปาเสมัส,961002
96120,นราธิวาส,สุไหงโก-ลก,มูโนะ,961003
96120,นราธิวาส,สุไหงโก-ลก,ปูโยะ,961004
96140,นราธิวาส,สุไหงปาดี,ปะลุรู,961101
96140,นราธิวาส,สุไหงปาดี,สุไหงปาดี,961102
96140,นราธิวาส,สุไหงปาดี,โต๊ะเด็ง,961103
96140,นราธิวาส,สุไหงปาดี,สากอ,961104
96140,นราธิวาส,สุไหงปาดี,ริโก๋,961105
96140,นราธิวาส,สุไหงปาดี,กาวะ,961106
96220,นราธิวาส,จะแนะ,จะแนะ,961201
96220,นราธิวาส,จะแนะ,ดุซงญอ,961202
96220,นราธิวาส,จะแนะ,ผดุงมาตร,961203
96220,นราธิวาส,จะแนะ,ช้างเผือก,961204
96130,นราธิวาส,เจาะไอร้อง,จวบ,961301
96130,นราธิวาส,เจาะไอร้อง,บูกิต,961302
96130,นราธิวาส,เจาะไอร้อง,มะรือโบออก,961303
